time,price,size,is_buyer_maker
1785948795.395,64624.22,8e-05,False
1785948795.395,64624.22,0.00016,False
1785948795.395,64624.22,8e-05,False
1785948795.395,64624.22,8e-05,False
1785948795.395,64624.22,0.00773,False
1785948795.395,64624.22,8e-05,False
1785948795.395,64624.22,8e-05,False
1785948795.395,64624.22,0.00048,False
1785948795.395,64624.22,0.00498,False
1785948795.395,64624.22,8e-05,False
1785948795.395,64624.22,0.14475,False
1785948795.395,64624.22,8e-05,False
1785948795.395,64624.22,8e-05,False
1785948795.395,64624.22,8e-05,False
1785948795.395,64624.22,8e-05,False
1785948795.395,64624.22,8e-05,False
1785948795.395,64624.22,8e-05,False
1785948795.395,64624.22,9e-05,False
1785948795.395,64624.22,9e-05,False
1785948795.395,64624.22,8e-05,False
1785948795.395,64624.22,9e-05,False
1785948795.395,64624.22,9e-05,False
1785948795.395,64624.22,9e-05,False
1785948795.395,64624.22,9e-05,False
1785948795.395,64624.22,9e-05,False
1785948795.395,64624.22,9e-05,False
1785948795.395,64624.22,9e-05,False
1785948795.395,64624.22,9e-05,False
1785948795.395,64624.22,9e-05,False
1785948795.395,64624.22,9e-05,False
1785948795.395,64624.22,9e-05,False
1785948795.395,64624.22,9e-05,False
1785948795.395,64624.22,0.1589,False
1785948795.395,64624.22,0.0007,False
1785948795.395,64624.22,0.00017,False
1785948795.395,64624.22,8e-05,False
1785948795.395,64624.22,9e-05,False
1785948795.395,64624.22,9e-05,False
1785948795.395,64624.22,9e-05,False
1785948795.395,64624.22,8e-05,False
1785948795.395,64624.22,8e-05,False
1785948795.395,64624.22,8e-05,False
1785948795.395,64624.22,8e-05,False
1785948795.395,64624.22,8e-05,False
1785948795.395,64624.22,8e-05,False
1785948795.395,64624.23,0.00016,False
1785948795.395,64624.23,9e-05,False
1785948795.395,64624.23,9e-05,False
1785948795.395,64624.23,8e-05,False
1785948795.395,64624.23,8e-05,False
1785948795.395,64624.23,8e-05,False
1785948795.395,64624.23,8e-05,False
1785948795.395,64624.23,8e-05,False
1785948795.395,64624.23,8e-05,False
1785948795.395,64624.24,0.00016,False
1785948795.395,64624.38,8e-05,False
1785948795.395,64624.38,8e-05,False
1785948795.395,64625.25,8e-05,False
1785948795.395,64625.25,8e-05,False
1785948795.395,64625.25,8e-05,False
1785948795.395,64625.25,8e-05,False
1785948795.395,64625.25,8e-05,False
1785948795.395,64625.51,8e-05,False
1785948795.395,64625.51,0.00016,False
1785948795.395,64625.51,8e-05,False
1785948795.395,64625.52,0.00415,False
1785948795.395,64625.86,8e-05,False
1785948795.395,64626.01,8e-05,False
1785948795.395,64626.01,8e-05,False
1785948795.395,64626.01,8e-05,False
1785948795.395,64626.01,8e-05,False
1785948795.395,64626.01,8e-05,False
1785948795.395,64626.69,9e-05,False
1785948795.395,64626.69,9e-05,False
1785948795.395,64626.69,9e-05,False
1785948795.395,64626.7,0.11042,False
1785948795.95,64626.69,0.00077,True
1785948796.541,64626.7,9e-05,False
1785948796.541,64626.7,9e-05,False
1785948796.541,64626.7,0.05972,False
1785948796.721,64626.7,0.09918,False
1785948796.721,64626.7,9e-05,False
1785948796.721,64626.7,9e-05,False
1785948796.721,64626.7,8e-05,False
1785948796.721,64626.7,8e-05,False
1785948796.721,64626.7,8e-05,False
1785948796.721,64626.7,8e-05,False
1785948796.721,64626.7,8e-05,False
1785948796.721,64626.7,8e-05,False
1785948796.721,64626.7,8e-05,False
1785948796.721,64626.7,8e-05,False
1785948796.721,64626.7,8e-05,False
1785948796.721,64626.7,0.0552,False
1785948796.774,64626.69,0.00232,True
1785948798.089,64626.7,8e-05,False
1785948798.089,64626.7,9e-05,False
1785948798.089,64626.7,8e-05,False
1785948798.089,64626.7,0.00068,False
1785948798.089,64626.7,0.00047,False
1785948798.089,64626.7,8e-05,False
1785948798.089,64626.7,8e-05,False
1785948798.089,64626.7,8e-05,False
1785948798.089,64626.7,9e-05,False
1785948798.089,64626.7,9e-05,False
1785948798.089,64626.7,8e-05,False
1785948798.089,64626.7,8e-05,False
1785948798.089,64626.7,9e-05,False
1785948798.089,64626.7,8e-05,False
1785948798.089,64626.7,8e-05,False
1785948798.089,64626.7,8e-05,False
1785948798.089,64626.7,8e-05,False
1785948798.089,64626.7,0.00017,False
1785948798.089,64626.7,0.00016,False
1785948798.089,64626.7,8e-05,False
1785948798.089,64626.7,8e-05,False
1785948798.089,64626.7,8e-05,False
1785948798.089,64626.7,8e-05,False
1785948798.089,64626.71,9e-05,False
1785948798.089,64626.71,9e-05,False
1785948798.089,64626.71,8e-05,False
1785948798.089,64626.71,8e-05,False
1785948798.089,64626.71,8e-05,False
1785948798.089,64626.71,8e-05,False
1785948798.089,64626.71,8e-05,False
1785948798.089,64626.71,8e-05,False
1785948798.089,64626.71,8e-05,False
1785948798.089,64626.71,0.00016,False
1785948798.089,64626.72,0.00016,False
1785948798.089,64626.77,0.00368,False
1785948798.091,64626.77,0.0012,False
1785948798.091,64626.77,3e-05,False
1785948798.091,64626.77,8e-05,False
1785948798.091,64626.77,8e-05,False
1785948798.091,64626.77,8e-05,False
1785948798.091,64626.77,8e-05,False
1785948798.091,64626.77,8e-05,False
1785948798.091,64626.77,9e-05,False
1785948798.091,64626.77,9e-05,False
1785948798.091,64626.77,8e-05,False
1785948798.091,64626.78,8e-05,False
1785948798.093,64626.93,8e-05,False
1785948798.093,64626.93,9e-05,False
1785948798.093,64626.94,8e-05,False
1785948798.093,64626.94,8e-05,False
1785948798.093,64627.08,8e-05,False
1785948798.093,64627.08,8e-05,False
1785948798.093,64627.08,8e-05,False
1785948798.093,64627.08,8e-05,False
1785948798.093,64627.08,8e-05,False
1785948798.093,64627.23,8e-05,False
1785948798.093,64627.23,8e-05,False
1785948798.093,64627.23,8e-05,False
1785948798.093,64627.23,8e-05,False
1785948798.093,64627.23,8e-05,False
1785948798.093,64627.42,8e-05,False
1785948798.093,64627.42,8e-05,False
1785948798.093,64627.42,8e-05,False
1785948798.093,64627.42,8e-05,False
1785948798.093,64627.42,8e-05,False
1785948798.093,64627.99,9e-05,False
1785948798.093,64627.99,9e-05,False
1785948798.093,64627.99,9e-05,False
1785948798.101,64628.0,0.0013,False
1785948798.11,64628.0,0.00112,False
1785948798.134,64628.0,0.00458,False
1785948798.134,64628.0,0.006,False
1785948798.134,64628.0,0.008,False
1785948798.134,64628.0,0.005,False
1785948798.134,64628.0,9e-05,False
1785948798.134,64628.0,9e-05,False
1785948798.134,64628.0,9e-05,False
1785948798.134,64628.0,9e-05,False
1785948798.134,64628.0,8e-05,False
1785948798.134,64628.0,8e-05,False
1785948798.134,64628.0,8e-05,False
1785948798.134,64628.0,8e-05,False
1785948798.134,64628.0,8e-05,False
1785948798.134,64628.0,8e-05,False
1785948798.134,64628.0,8e-05,False
1785948798.134,64628.0,8e-05,False
1785948798.134,64628.0,8e-05,False
1785948798.134,64628.0,8e-05,False
1785948798.134,64628.0,9e-05,False
1785948798.134,64628.0,9e-05,False
1785948798.134,64628.0,8e-05,False
1785948798.134,64628.0,9e-05,False
1785948798.134,64628.0,0.1589,False
1785948798.134,64628.0,9e-05,False
1785948798.134,64628.0,8e-05,False
1785948798.134,64628.0,8e-05,False
1785948798.164,64628.01,8e-05,False
1785948798.164,64628.01,8e-05,False
1785948798.164,64628.01,0.0007,False
1785948798.164,64628.01,0.00026,False
1785948798.232,64628.01,0.00112,False
1785948798.234,64628.01,0.0038,False
1785948798.234,64628.01,6e-05,False
1785948798.243,64628.01,0.00513,False
1785948798.243,64628.01,0.00407,False
1785948798.244,64628.01,0.07703,False
1785948798.244,64628.01,0.00114,False
1785948798.244,64628.01,0.0005,False
1785948798.244,64628.01,0.00213,False
1785948798.244,64628.01,0.04591,False
1785948798.244,64628.01,9e-05,False
1785948798.244,64628.01,9e-05,False
1785948798.244,64628.01,8e-05,False
1785948798.244,64628.01,8e-05,False
1785948798.244,64628.01,8e-05,False
1785948798.244,64628.01,8e-05,False
1785948798.244,64628.01,8e-05,False
1785948798.244,64628.01,8e-05,False
1785948798.244,64628.01,9e-05,False
1785948798.244,64628.01,9e-05,False
1785948798.244,64628.01,8e-05,False
1785948798.244,64628.01,8e-05,False
1785948798.244,64628.01,8e-05,False
1785948798.244,64628.01,8e-05,False
1785948798.244,64628.01,9e-05,False
1785948798.244,64628.01,8e-05,False
1785948798.244,64628.01,8e-05,False
1785948798.244,64628.01,0.00518,False
1785948798.244,64628.01,0.00519,False
1785948798.244,64628.01,8e-05,False
1785948798.244,64628.01,8e-05,False
1785948798.244,64628.01,8e-05,False
1785948798.244,64628.01,0.00518,False
1785948798.244,64628.01,0.00519,False
1785948798.244,64628.01,8e-05,False
1785948798.244,64628.01,8e-05,False
1785948798.244,64628.01,0.00518,False
1785948798.244,64628.01,0.00519,False
1785948798.244,64628.01,8e-05,False
1785948798.244,64628.01,8e-05,False
1785948798.244,64628.01,0.00518,False
1785948798.244,64628.01,0.00519,False
1785948798.244,64628.01,0.00518,False
1785948798.244,64628.01,0.00519,False
1785948798.244,64628.01,0.00518,False
1785948798.244,64628.01,0.00519,False
1785948798.244,64628.01,0.00518,False
1785948798.244,64628.01,0.00519,False
1785948798.244,64628.01,0.00518,False
1785948798.244,64628.01,0.00519,False
1785948798.244,64628.01,0.0001,False
1785948798.244,64628.01,0.00519,False
1785948798.244,64628.01,0.00519,False
1785948798.244,64628.01,0.00519,False
1785948798.244,64628.01,0.00519,False
1785948798.244,64628.01,0.00519,False
1785948798.244,64628.01,0.00519,False
1785948798.244,64628.01,0.00519,False
1785948798.244,64628.01,0.00519,False
1785948798.244,64628.01,0.00244,False
1785948798.244,64628.02,0.00518,False
1785948798.244,64628.02,9e-05,False
1785948798.244,64628.02,9e-05,False
1785948798.244,64628.02,8e-05,False
1785948798.244,64628.02,8e-05,False
1785948798.244,64628.02,8e-05,False
1785948798.244,64628.02,9e-05,False
1785948798.244,64628.02,9e-05,False
1785948798.244,64628.02,8e-05,False
1785948798.244,64628.02,0.00518,False
1785948798.244,64628.02,0.00518,False
1785948798.244,64628.02,0.00518,False
1785948798.244,64628.02,0.00518,False
1785948798.244,64628.02,0.00518,False
1785948798.244,64628.02,0.00518,False
1785948798.244,64628.02,0.00518,False
1785948798.244,64628.02,0.00518,False
1785948798.244,64628.02,0.00518,False
1785948798.244,64628.02,0.00518,False
1785948798.244,64628.02,0.00518,False
1785948798.244,64628.02,0.00518,False
1785948798.244,64628.02,0.00518,False
1785948798.244,64628.02,0.00518,False
1785948798.244,64628.02,0.00518,False
1785948798.244,64628.02,0.00518,False
1785948798.244,64628.02,0.00518,False
1785948798.244,64628.02,0.00518,False
1785948798.244,64628.02,0.00518,False
1785948798.244,64628.02,0.00518,False
1785948798.244,64628.02,0.00518,False
1785948798.244,64628.02,0.00095,False
1785948798.247,64628.43,9e-05,False
1785948798.247,64628.43,9e-05,False
1785948798.247,64629.1,0.0008,False
1785948798.247,64629.1,8e-05,False
1785948798.247,64629.1,8e-05,False
1785948798.247,64629.71,8e-05,False
1785948798.247,64629.99,9e-05,False
1785948798.247,64629.99,9e-05,False
1785948798.247,64629.99,9e-05,False
1785948798.247,64630.0,8e-05,False
1785948798.247,64630.0,0.00499,False
1785948798.259,64630.0,0.00101,False
1785948798.259,64630.0,0.00752,False
1785948798.266,64630.0,0.00048,False
1785948798.266,64630.0,0.007,False
1785948798.266,64630.0,0.00138,False
1785948798.276,64630.0,0.00362,False
1785948798.276,64630.0,9e-05,False
1785948798.276,64630.0,9e-05,False
1785948798.276,64630.0,8e-05,False
1785948798.276,64630.0,8e-05,False
1785948798.276,64630.0,8e-05,False
1785948798.276,64630.0,9e-05,False
1785948798.276,64630.0,9e-05,False
1785948798.276,64630.0,8e-05,False
1785948798.276,64630.0,8e-05,False
1785948798.276,64630.0,8e-05,False
1785948798.276,64630.0,8e-05,False
1785948798.276,64630.0,8e-05,False
1785948798.276,64630.0,8e-05,False
1785948798.276,64630.0,9e-05,False
1785948798.276,64630.0,8e-05,False
1785948798.276,64630.0,8e-05,False
1785948798.276,64630.0,8e-05,False
1785948798.276,64630.0,8e-05,False
1785948798.276,64630.0,8e-05,False
1785948798.276,64630.0,8e-05,False
1785948798.276,64630.01,9e-05,False
1785948798.276,64630.01,9e-05,False
1785948798.276,64630.01,8e-05,False
1785948798.276,64630.01,8e-05,False
1785948798.276,64630.01,8e-05,False
1785948798.276,64630.01,8e-05,False
1785948798.276,64630.01,8e-05,False
1785948798.276,64630.01,8e-05,False
1785948798.276,64630.01,8e-05,False
1785948798.276,64630.14,8e-05,False
1785948798.276,64630.15,0.00472,False
1785948798.277,64630.15,0.00016,False
1785948798.277,64631.36,8e-05,False
1785948798.277,64631.4,0.00019,False
1785948798.317,64631.45,0.0013,False
1785948798.322,64631.45,0.00112,False
1785948798.323,64631.45,0.00164,False
1785948798.323,64631.45,8e-05,False
1785948798.323,64631.45,9e-05,False
1785948798.323,64631.45,9e-05,False
1785948798.323,64631.45,8e-05,False
1785948798.323,64631.45,8e-05,False
1785948798.323,64631.45,8e-05,False
1785948798.323,64631.45,8e-05,False
1785948798.323,64631.45,8e-05,False
1785948798.323,64631.45,8e-05,False
1785948798.323,64631.45,8e-05,False
1785948798.323,64631.45,9e-05,False
1785948798.323,64631.45,8e-05,False
1785948798.323,64631.45,8e-05,False
1785948798.323,64631.45,8e-05,False
1785948798.323,64631.46,9e-05,False
1785948798.323,64631.46,8e-05,False
1785948798.323,64631.46,9e-05,False
1785948798.323,64631.46,8e-05,False
1785948798.323,64631.46,8e-05,False
1785948798.323,64631.46,8e-05,False
1785948798.323,64631.64,8e-05,False
1785948798.323,64631.99,9e-05,False
1785948798.323,64631.99,9e-05,False
1785948798.323,64631.99,9e-05,False
1785948799.571,64631.99,0.00863,True
1785948799.918,64632.0,0.008,False
1785948799.918,64632.0,0.005,False
1785948799.918,64632.0,0.006,False
1785948799.918,64632.0,0.007,False
1785948799.918,64632.0,9e-05,False
1785948799.918,64632.0,9e-05,False
1785948799.918,64632.0,8e-05,False
1785948799.918,64632.0,8e-05,False
1785948799.918,64632.0,8e-05,False
1785948799.918,64632.0,8e-05,False
1785948799.918,64632.0,8e-05,False
1785948799.918,64632.0,9e-05,False
1785948799.918,64632.0,8e-05,False
1785948799.918,64632.0,8e-05,False
1785948799.918,64632.0,9e-05,False
1785948799.918,64632.0,8e-05,False
1785948799.918,64632.0,8e-05,False
1785948799.918,64632.0,8e-05,False
1785948799.918,64632.0,9e-05,False
1785948799.918,64632.0,8e-05,False
1785948799.918,64632.0,8e-05,False
1785948799.918,64632.0,8e-05,False
1785948799.918,64632.0,8e-05,False
1785948799.918,64632.0,0.05055,False
1785948799.918,64632.0,0.10835,False
1785948799.918,64632.0,8e-05,False
1785948799.918,64632.0,8e-05,False
1785948799.918,64632.0,0.00016,False
1785948799.918,64632.0,0.00017,False
1785948799.918,64632.0,8e-05,False
1785948799.918,64632.0,8e-05,False
1785948799.918,64632.0,8e-05,False
1785948799.918,64632.01,8e-05,False
1785948799.918,64632.01,9e-05,False
1785948799.918,64632.01,8e-05,False
1785948799.918,64632.01,9e-05,False
1785948799.918,64632.01,8e-05,False
1785948799.918,64632.01,8e-05,False
1785948799.918,64632.01,8e-05,False
1785948799.918,64632.01,8e-05,False
1785948799.918,64632.01,0.00016,False
1785948799.918,64632.02,0.00016,False
1785948799.918,64632.29,0.00481,False
1785948799.918,64632.92,8e-05,False
1785948799.918,64633.35,8e-05,False
1785948799.918,64633.59,0.00401,False
1785948799.918,64633.99,9e-05,False
1785948799.918,64633.99,9e-05,False
1785948799.918,64633.99,9e-05,False
1785948799.918,64634.0,0.008,False
1785948799.918,64634.0,0.005,False
1785948799.918,64634.0,0.006,False
1785948799.918,64634.0,0.007,False
1785948799.918,64634.0,9e-05,False
1785948799.918,64634.0,9e-05,False
1785948799.918,64634.71,0.00639,False
1785948799.918,64634.71,9e-05,False
1785948799.918,64634.71,9e-05,False
1785948799.918,64634.85,8e-05,False
1785948799.918,64634.88,0.0032,False
1785948799.918,64634.94,9e-05,False
1785948799.918,64634.94,9e-05,False
1785948799.918,64634.94,9e-05,False
1785948799.918,64634.95,0.00185,False
1785948799.918,64634.95,0.0167,False
1785948799.918,64634.95,9e-05,False
1785948799.918,64634.95,9e-05,False
1785948799.918,64635.5,8e-05,False
1785948799.918,64635.99,9e-05,False
1785948799.918,64635.99,9e-05,False
1785948799.918,64635.99,9e-05,False
1785948799.918,64636.0,0.008,False
1785948799.918,64636.0,0.005,False
1785948799.918,64636.0,0.006,False
1785948799.918,64636.0,0.007,False
1785948799.918,64636.0,9e-05,False
1785948799.918,64636.0,9e-05,False
1785948799.918,64636.17,0.00217,False
1785948799.918,64636.17,0.00023,False
1785948799.918,64636.56,8e-05,False
1785948799.921,64636.16,0.00029,True
1785948799.924,64636.17,8e-05,False
1785948799.924,64636.17,9e-05,False
1785948799.924,64636.17,9e-05,False
1785948799.924,64636.17,8e-05,False
1785948799.924,64636.17,8e-05,False
1785948799.924,64636.17,8e-05,False
1785948799.924,64636.17,8e-05,False
1785948799.924,64636.17,8e-05,False
1785948799.924,64636.17,8e-05,False
1785948799.924,64636.17,8e-05,False
1785948799.924,64636.17,8e-05,False
1785948799.924,64636.17,9e-05,False
1785948799.924,64636.17,8e-05,False
1785948799.924,64636.17,8e-05,False
1785948799.924,64636.17,8e-05,False
1785948799.924,64636.18,8e-05,False
1785948799.924,64636.18,8e-05,False
1785948799.924,64636.18,8e-05,False
1785948799.924,64636.18,8e-05,False
1785948799.924,64636.18,9e-05,False
1785948799.924,64636.18,9e-05,False
1785948799.924,64636.18,8e-05,False
1785948799.924,64636.56,8e-05,False
1785948799.924,64636.56,8e-05,False
1785948799.924,64636.56,8e-05,False
1785948799.924,64636.57,9e-05,False
1785948799.924,64637.07,8e-05,False
1785948799.924,64637.07,8e-05,False
1785948799.924,64637.07,8e-05,False
1785948799.924,64637.07,8e-05,False
1785948799.924,64637.09,9e-05,False
1785948799.924,64637.09,9e-05,False
1785948799.924,64637.09,9e-05,False
1785948799.924,64637.1,9e-05,False
1785948799.924,64637.1,9e-05,False
1785948799.924,64637.12,9e-05,False
1785948799.924,64637.12,9e-05,False
1785948799.924,64637.12,9e-05,False
1785948799.924,64637.13,9e-05,False
1785948799.924,64637.13,9e-05,False
1785948799.924,64637.4,0.00069,False
1785948799.924,64637.47,0.0016,False
1785948799.924,64637.57,8e-05,False
1785948799.924,64637.73,9e-05,False
1785948799.924,64637.73,9e-05,False
1785948799.924,64637.73,9e-05,False
1785948799.924,64637.74,9e-05,False
1785948799.924,64637.74,9e-05,False
1785948799.924,64637.74,9e-05,False
1785948799.924,64637.74,9e-05,False
1785948799.924,64637.74,9e-05,False
1785948799.924,64637.75,8e-05,False
1785948799.924,64637.75,9e-05,False
1785948799.924,64637.75,9e-05,False
1785948799.924,64637.75,8e-05,False
1785948799.924,64637.76,9e-05,False
1785948799.924,64637.77,9e-05,False
1785948799.924,64637.77,9e-05,False
1785948799.924,64637.78,9e-05,False
1785948799.924,64637.78,9e-05,False
1785948799.924,64637.85,0.00019,False
1785948799.924,64638.0,0.00027,False
1785948799.924,64638.0,0.00395,False
1785948799.925,64638.0,0.00378,False
1785948799.925,64638.0,0.00365,False
1785948799.926,64638.0,0.00335,False
1785948799.926,64638.0,0.005,False
1785948799.926,64638.0,0.006,False
1785948799.926,64638.0,0.0005,False
1785948799.926,64638.0,9e-05,False
1785948799.926,64638.0,9e-05,False
1785948799.926,64638.0,8e-05,False
1785948799.926,64638.0,8e-05,False
1785948799.926,64638.01,0.00063,False
1785948799.926,64638.01,0.00018,False
1785948799.926,64638.32,0.00025,True
1785948799.929,64638.34,8e-05,False
1785948799.929,64638.46,9e-05,False
1785948799.929,64638.46,9e-05,False
1785948799.929,64638.46,0.00902,False
1785948799.93,64638.45,0.00021,True
1785948799.954,64638.46,8e-05,False
1785948799.954,64638.46,9e-05,False
1785948799.954,64638.46,0.00355,False
1785948801.363,64638.46,0.00674,False
1785948805.287,64638.46,0.00011,False
1785948805.308,64638.46,9e-05,False
1785948805.308,64638.46,8e-05,False
1785948805.308,64638.46,8e-05,False
1785948805.308,64638.46,8e-05,False
1785948805.308,64638.46,8e-05,False
1785948805.308,64638.46,9e-05,False
1785948805.308,64638.46,8e-05,False
1785948805.308,64638.46,8e-05,False
1785948805.308,64638.46,9e-05,False
1785948805.308,64638.46,8e-05,False
1785948805.308,64638.46,8e-05,False
1785948805.308,64638.46,8e-05,False
1785948805.308,64638.46,8e-05,False
1785948805.308,64638.46,8e-05,False
1785948805.308,64638.46,8e-05,False
1785948805.308,64638.46,9e-05,False
1785948805.308,64638.46,9e-05,False
1785948805.308,64638.46,9e-05,False
1785948805.308,64638.46,8e-05,False
1785948805.308,64638.46,8e-05,False
1785948805.308,64638.46,0.00016,False
1785948805.308,64638.46,9e-05,False
1785948805.308,64638.46,9e-05,False
1785948805.308,64638.46,9e-05,False
1785948805.308,64638.46,9e-05,False
1785948805.308,64638.46,0.00017,False
1785948805.308,64638.46,9e-05,False
1785948805.308,64638.46,9e-05,False
1785948805.308,64638.46,8e-05,False
1785948805.308,64638.46,8e-05,False
1785948805.308,64638.46,9e-05,False
1785948805.308,64638.46,8e-05,False
1785948805.308,64638.46,8e-05,False
1785948805.308,64638.46,8e-05,False
1785948805.308,64638.46,8e-05,False
1785948805.308,64638.47,8e-05,False
1785948805.308,64638.47,8e-05,False
1785948805.308,64638.47,9e-05,False
1785948805.308,64638.47,9e-05,False
1785948805.308,64638.47,8e-05,False
1785948805.308,64638.47,8e-05,False
1785948805.308,64638.47,8e-05,False
1785948805.308,64638.47,8e-05,False
1785948805.308,64638.47,8e-05,False
1785948805.308,64638.47,7e-05,False
1785948805.364,64638.47,9e-05,False
1785948805.364,64638.47,8e-05,False
1785948805.364,64638.47,8e-05,False
1785948805.364,64638.47,8e-05,False
1785948805.364,64638.47,2e-05,False
1785948805.418,64638.47,7e-05,False
1785948805.418,64638.47,9e-05,False
1785948805.418,64638.47,8e-05,False
1785948805.418,64638.47,8e-05,False
1785948805.418,64638.47,8e-05,False
1785948805.418,64638.47,8e-05,False
1785948805.418,64638.47,8e-05,False
1785948805.418,64638.47,8e-05,False
1785948805.418,64638.47,8e-05,False
1785948805.418,64638.47,8e-05,False
1785948805.418,64638.47,8e-05,False
1785948805.418,64638.47,8e-05,False
1785948805.418,64638.47,8e-05,False
1785948805.418,64638.47,8e-05,False
1785948805.418,64638.47,8e-05,False
1785948805.418,64638.47,8e-05,False
1785948805.418,64638.47,9e-05,False
1785948805.418,64638.47,0.00144,False
1785948805.459,64638.47,0.00112,False
1785948805.534,64638.47,9e-05,False
1785948805.534,64638.47,9e-05,False
1785948805.534,64638.47,8e-05,False
1785948805.534,64638.47,8e-05,False
1785948805.534,64638.47,8e-05,False
1785948805.534,64638.47,9e-05,False
1785948805.534,64638.47,9e-05,False
1785948805.534,64638.47,8e-05,False
1785948805.534,64638.47,9e-05,False
1785948805.534,64638.47,8e-05,False
1785948805.534,64638.47,8e-05,False
1785948805.534,64638.47,8e-05,False
1785948805.534,64638.47,8e-05,False
1785948805.534,64638.47,3e-05,False
1785948805.599,64638.47,5e-05,False
1785948805.599,64638.47,8e-05,False
1785948805.599,64638.47,8e-05,False
1785948805.599,64638.47,8e-05,False
1785948805.599,64638.47,8e-05,False
1785948805.599,64638.47,0.00075,False
1785948805.692,64638.47,0.00112,False
1785948805.767,64638.47,0.00112,False
1785948805.879,64638.47,0.00112,False
1785948805.924,64638.47,9e-05,False
1785948805.924,64638.47,8e-05,False
1785948805.924,64638.47,8e-05,False
1785948805.924,64638.47,9e-05,False
1785948805.924,64638.47,8e-05,False
1785948805.924,64638.47,9e-05,False
1785948805.924,64638.47,9e-05,False
1785948805.924,64638.47,8e-05,False
1785948805.924,64638.47,9e-05,False
1785948805.924,64638.47,8e-05,False
1785948805.924,64638.47,8e-05,False
1785948805.924,64638.47,8e-05,False
1785948805.924,64638.47,8e-05,False
1785948805.924,64638.47,8e-05,False
1785948805.924,64638.47,8e-05,False
1785948805.924,64638.47,8e-05,False
1785948805.924,64638.47,8e-05,False
1785948805.924,64638.47,8e-05,False
1785948805.924,64638.47,9e-05,False
1785948805.924,64638.47,8e-05,False
1785948805.924,64638.48,0.00016,False
1785948805.924,64638.48,9e-05,False
1785948805.924,64638.48,9e-05,False
1785948805.924,64638.48,8e-05,False
1785948805.924,64638.48,8e-05,False
1785948805.924,64638.48,8e-05,False
1785948805.924,64638.48,8e-05,False
1785948805.924,64639.0,0.00469,False
1785948805.924,64639.64,8e-05,False
1785948805.924,64639.68,9e-05,False
1785948805.924,64639.77,8e-05,False
1785948805.924,64639.99,9e-05,False
1785948805.924,64639.99,9e-05,False
1785948805.924,64639.99,8e-05,False
1785948805.924,64639.99,9e-05,False
1785948805.999,64639.99,0.00011,True
1785948806.19,64640.0,0.00898,False
1785948806.247,64640.0,0.00035,False
1785948806.258,64640.0,0.00067,False
1785948806.258,64640.0,0.00215,False
1785948806.26,64640.0,0.00037,False
1785948806.26,64640.0,0.00268,False
1785948806.287,64640.0,0.00112,False
1785948806.329,64640.0,0.00168,False
1785948806.329,64640.0,0.0007,False
1785948806.335,64640.0,0.0025,False
1785948806.419,64640.0,0.00112,False
1785948806.474,64640.0,0.00112,False
1785948806.579,64640.0,0.00112,False
1785948806.702,64640.0,0.00044,False
1785948806.702,64640.0,0.00086,False
1785948806.861,64640.0,0.00112,False
1785948806.942,64640.0,0.00112,False
1785948806.999,64640.0,0.00112,False
1785948807.055,64640.0,0.00078,False
1785948807.055,64640.0,0.00034,False
1785948807.12,64640.0,0.00112,False
1785948807.2,64640.0,0.00112,False
1785948807.228,64640.0,0.00032,False
1785948809.653,64639.99,0.14205,True
1785948809.653,64639.99,0.01547,True
1785948809.653,64639.99,0.1401,True
1785948809.653,64639.99,0.02808,True
1785948810.34,64639.99,0.00017,True
1785948811.425,64639.99,0.00046,True
1785948811.638,64640.0,0.0031,False
1785948811.638,64640.0,8e-05,False
1785948811.638,64640.0,9e-05,False
1785948811.638,64640.0,8e-05,False
1785948811.638,64640.0,8e-05,False
1785948811.638,64640.0,8e-05,False
1785948811.638,64640.0,8e-05,False
1785948811.638,64640.0,8e-05,False
1785948811.638,64640.0,8e-05,False
1785948811.638,64640.0,9e-05,False
1785948811.638,64640.0,0.00017,False
1785948811.638,64640.0,8e-05,False
1785948811.638,64640.0,8e-05,False
1785948811.638,64640.0,0.00474,False
1785948812.079,64640.0,0.00011,False
1785948812.715,64640.0,0.00034,False
1785948812.946,64639.99,0.00928,True
1785948813.184,64640.0,0.0009,False
1785948813.925,64639.99,0.002,True
1785948813.978,64640.0,0.00019,False
1785948814.072,64640.0,0.002,False
1785948815.268,64639.99,0.06562,True
1785948815.268,64639.99,8e-05,True
1785948815.268,64639.99,0.02424,True
1785948816.155,64639.99,8e-05,True
1785948816.155,64639.99,9e-05,True
1785948816.155,64639.99,0.00016,True
1785948816.155,64639.99,8e-05,True
1785948816.155,64639.99,8e-05,True
1785948816.155,64639.99,8e-05,True
1785948816.155,64639.99,8e-05,True
1785948816.155,64639.99,0.00275,True
1785948816.975,64639.99,0.00498,True
1785948816.975,64639.99,8e-05,True
1785948816.975,64639.99,8e-05,True
1785948816.975,64639.99,0.0001,True
1785948816.975,64639.99,0.00121,True
1785948817.489,64640.0,0.0003,False
1785948819.535,64639.99,0.00047,True
1785948819.715,64640.0,0.00031,False
1785948819.999,64639.99,0.00015,True
1785948820.321,64639.99,0.00036,True
1785948820.453,64640.0,0.00032,False
1785948821.273,64640.0,0.00869,False
1785948821.929,64639.99,0.00128,True
1785948823.294,64639.99,0.00191,True
1785948823.294,64639.99,8e-05,True
1785948823.294,64639.99,8e-05,True
1785948823.294,64639.99,8e-05,True
1785948823.294,64639.99,8e-05,True
1785948823.294,64639.99,8e-05,True
1785948823.294,64639.99,0.00703,True
1785948823.294,64639.99,8e-05,True
1785948823.294,64639.99,8e-05,True
1785948823.294,64639.99,8e-05,True
1785948823.294,64639.99,8e-05,True
1785948823.294,64639.99,9e-05,True
1785948823.294,64639.99,0.00016,True
1785948823.294,64639.99,8e-05,True
1785948823.294,64639.99,8e-05,True
1785948823.294,64639.99,8e-05,True
1785948823.294,64639.99,8e-05,True
1785948823.294,64639.99,8e-05,True
1785948823.294,64639.99,8e-05,True
1785948823.294,64639.99,8e-05,True
1785948823.294,64639.99,0.0001,True
1785948823.294,64639.99,8e-05,True
1785948823.294,64639.99,0.01359,True
1785948824.046,64639.99,0.00587,True
1785948824.316,64639.99,0.13944,True
1785948824.316,64639.99,0.00069,True
1785948824.316,64639.99,8e-05,True
1785948824.316,64639.99,0.0025,True
1785948824.316,64639.99,0.0015,True
1785948824.316,64639.99,9e-05,True
1785948824.316,64639.99,9e-05,True
1785948824.316,64639.99,0.00048,True
1785948824.316,64639.99,8e-05,True
1785948824.316,64639.99,9e-05,True
1785948824.316,64639.99,9e-05,True
1785948824.316,64639.99,8e-05,True
1785948824.316,64639.99,0.11228,True
1785948824.316,64639.99,0.25925,True
1785948824.316,64639.99,0.26085,True
1785948824.316,64639.99,0.6184,True
1785948824.316,64639.99,0.27,True
1785948824.316,64639.99,0.21734,True
1785948824.316,64639.99,0.05,True
1785948824.316,64639.99,8e-05,True
1785948824.316,64639.99,0.02424,True
1785948824.316,64639.99,0.00048,True
1785948824.316,64639.99,0.00047,True
1785948824.316,64639.99,8e-05,True
1785948824.316,64639.99,8e-05,True
1785948824.316,64639.99,8e-05,True
1785948824.316,64639.99,8e-05,True
1785948824.316,64639.99,8e-05,True
1785948824.316,64639.99,9e-05,True
1785948824.316,64639.99,8e-05,True
1785948824.316,64639.99,8e-05,True
1785948824.316,64639.99,0.00016,True
1785948824.316,64639.99,8e-05,True
1785948824.316,64639.99,8e-05,True
1785948824.316,64639.99,8e-05,True
1785948824.316,64639.99,8e-05,True
1785948824.316,64639.99,8e-05,True
1785948824.316,64639.99,8e-05,True
1785948824.316,64639.99,8e-05,True
1785948824.316,64639.99,8e-05,True
1785948824.316,64639.99,8e-05,True
1785948824.316,64639.99,0.01265,True
1785948824.316,64639.99,8e-05,True
1785948824.316,64639.99,8e-05,True
1785948824.316,64639.99,0.00889,True
1785948824.316,64639.99,0.00604,True
1785948824.316,64639.99,0.00207,True
1785948824.316,64639.99,9e-05,True
1785948824.316,64639.99,8e-05,True
1785948824.316,64639.99,8e-05,True
1785948824.316,64639.99,8e-05,True
1785948824.316,64639.99,8e-05,True
1785948824.316,64639.99,8e-05,True
1785948824.316,64639.99,8e-05,True
1785948824.316,64639.98,9e-05,True
1785948824.316,64639.98,9e-05,True
1785948824.316,64639.98,0.00016,True
1785948824.316,64639.98,8e-05,True
1785948824.316,64639.98,8e-05,True
1785948824.316,64639.98,8e-05,True
1785948824.316,64639.98,8e-05,True
1785948824.316,64639.98,8e-05,True
1785948824.316,64639.98,8e-05,True
1785948824.316,64639.98,8e-05,True
1785948824.316,64639.98,8e-05,True
1785948824.316,64639.98,8e-05,True
1785948824.316,64639.98,8e-05,True
1785948824.316,64639.98,8e-05,True
1785948824.316,64639.98,8e-05,True
1785948824.316,64639.97,0.00016,True
1785948824.316,64639.77,8e-05,True
1785948824.316,64639.77,8e-05,True
1785948824.316,64639.51,0.00226,True
1785948824.316,64639.3,0.00462,True
1785948824.316,64638.71,8e-05,True
1785948824.316,64638.47,9e-05,True
1785948824.316,64638.47,9e-05,True
1785948824.316,64638.47,9e-05,True
1785948824.316,64638.46,0.00023,True
1785948824.316,64638.46,8e-05,True
1785948824.316,64638.46,9e-05,True
1785948824.316,64638.46,9e-05,True
1785948824.316,64638.46,0.00016,True
1785948824.316,64638.46,0.00515,True
1785948824.316,64638.46,9e-05,True
1785948824.316,64638.46,9e-05,True
1785948824.316,64638.46,0.04438,True
1785948824.316,64638.46,8e-05,True
1785948824.316,64638.46,0.01861,True
1785948824.316,64638.46,8e-05,True
1785948824.316,64638.46,9e-05,True
1785948824.316,64638.46,8e-05,True
1785948824.316,64638.46,8e-05,True
1785948824.316,64638.46,8e-05,True
1785948824.316,64638.46,8e-05,True
1785948824.316,64638.45,8e-05,True
1785948824.316,64638.45,0.00696,True
1785948824.316,64638.45,0.03281,True
1785948824.316,64638.45,9e-05,True
1785948824.316,64638.45,9e-05,True
1785948824.316,64638.45,8e-05,True
1785948824.316,64638.33,8e-05,True
1785948824.316,64638.33,8e-05,True
1785948824.316,64638.32,8e-05,True
1785948824.316,64638.32,8e-05,True
1785948824.316,64638.13,9e-05,True
1785948824.316,64638.13,9e-05,True
1785948824.316,64638.13,9e-05,True
1785948824.316,64638.12,0.0169,True
1785948824.316,64638.12,9e-05,True
1785948824.316,64638.12,9e-05,True
1785948824.316,64638.09,8e-05,True
1785948824.316,64638.09,8e-05,True
1785948824.316,64638.07,8e-05,True
1785948824.316,64638.01,9e-05,True
1785948824.316,64638.01,9e-05,True
1785948824.316,64638.01,9e-05,True
1785948824.316,64638.0,0.00385,True
1785948824.316,64638.0,0.005,True
1785948824.316,64638.0,0.007,True
1785948824.316,64638.0,0.008,True
1785948824.316,64638.0,0.006,True
1785948824.316,64638.0,9e-05,True
1785948824.316,64638.0,9e-05,True
1785948824.316,64637.52,0.004,True
1785948824.316,64637.43,8e-05,True
1785948824.316,64637.05,9e-05,True
1785948824.316,64637.05,9e-05,True
1785948824.316,64637.05,9e-05,True
1785948824.316,64637.04,0.02,True
1785948824.316,64637.04,9e-05,True
1785948824.316,64637.04,9e-05,True
1785948824.316,64636.88,0.04184,True
1785948824.316,64636.88,9e-05,True
1785948824.316,64636.88,9e-05,True
1785948824.316,64636.72,0.01239,True
1785948824.316,64636.72,9e-05,True
1785948824.316,64636.72,9e-05,True
1785948824.316,64636.71,0.00308,True
1785948824.316,64636.56,8e-05,True
1785948824.316,64636.56,8e-05,True
1785948824.316,64636.53,0.00032,True
1785948824.316,64636.51,0.00337,True
1785948824.316,64636.11,0.00185,True
1785948824.316,64636.11,0.0167,True
1785948824.316,64636.07,0.00016,True
1785948824.316,64636.0,0.00023,True
1785948824.316,64636.0,0.007,True
1785948824.316,64636.0,0.006,True
1785948824.316,64636.0,0.008,True
1785948824.316,64636.0,0.005,True
1785948824.316,64635.78,0.004,True
1785948824.316,64635.51,8e-05,True
1785948824.316,64635.42,0.00231,True
1785948824.316,64635.25,0.00701,True
1785948824.316,64634.87,0.004,True
1785948824.316,64634.87,0.004,True
1785948824.316,64634.87,0.004,True
1785948824.316,64634.87,0.004,True
1785948824.316,64634.87,0.004,True
1785948824.316,64634.86,0.01107,True
1785948824.324,64634.87,0.00464,False
1785948825.268,64634.86,9e-05,True
1785948825.268,64634.86,0.00067,True
1785948825.651,64634.87,0.0005,False
1785948825.852,64634.87,0.007,False
1785948826.904,64634.86,8e-05,True
1785948826.904,64634.86,0.00022,True
1785948827.292,64634.87,0.04153,False
1785948829.289,64634.87,0.00013,False
1785948829.497,64634.87,0.03094,False
1785948829.699,64634.86,7e-05,True
1785948830.338,64634.86,0.0005,True
1785948832.889,64634.87,0.00156,False
1785948833.132,64634.86,0.15811,True
1785948833.132,64634.86,8e-05,True
1785948833.132,64634.86,8e-05,True
1785948833.132,64634.86,0.0025,True
1785948833.132,64634.86,8e-05,True
1785948833.132,64634.86,8e-05,True
1785948833.132,64634.86,8e-05,True
1785948833.132,64634.86,8e-05,True
1785948833.132,64634.86,9e-05,True
1785948833.132,64634.86,8e-05,True
1785948833.132,64634.86,0.00069,True
1785948833.132,64634.86,0.00048,True
1785948833.132,64634.86,0.00017,True
1785948833.132,64634.86,8e-05,True
1785948833.132,64634.86,0.03301,True
1785948833.132,64634.86,0.0001,True
1785948833.132,64634.86,0.0053,True
1785948833.132,64634.86,0.00016,True
1785948833.132,64634.86,8e-05,True
1785948833.132,64634.86,8e-05,True
1785948833.132,64634.86,8e-05,True
1785948833.132,64634.86,8e-05,True
1785948833.132,64634.86,8e-05,True
1785948833.132,64634.86,8e-05,True
1785948833.132,64634.86,0.0032,True
1785948833.132,64634.86,8e-05,True
1785948833.132,64634.86,8e-05,True
1785948833.132,64634.86,8e-05,True
1785948833.132,64634.86,8e-05,True
1785948833.132,64634.86,0.0015,True
1785948833.132,64634.86,0.81288,True
1785948833.132,64634.86,0.00028,True
1785948833.132,64634.86,0.00028,True
1785948833.132,64634.86,0.24521,True
1785948833.132,64634.86,9e-05,True
1785948833.132,64634.86,9e-05,True
1785948833.132,64634.86,0.27,True
1785948833.132,64634.86,0.22366,True
1785948833.132,64634.86,8e-05,True
1785948833.132,64634.86,8e-05,True
1785948833.132,64634.86,0.14548,True
1785948833.132,64634.86,0.38997,True
1785948833.132,64634.86,0.05,True
1785948833.132,64634.86,0.4525,True
1785948833.132,64634.86,8e-05,True
1785948833.132,64634.86,0.02384,True
1785948833.132,64634.86,8e-05,True
1785948833.132,64634.86,0.00047,True
1785948833.132,64634.86,0.00191,True
1785948833.132,64634.86,8e-05,True
1785948833.132,64634.86,8e-05,True
1785948833.132,64634.86,8e-05,True
1785948833.132,64634.86,0.31707,True
1785948835.846,64634.86,8e-05,True
1785948835.846,64634.86,8e-05,True
1785948835.846,64634.86,8e-05,True
1785948835.846,64634.86,8e-05,True
1785948835.846,64634.86,8e-05,True
1785948835.846,64634.86,9e-05,True
1785948835.846,64634.86,8e-05,True
1785948835.846,64634.86,0.00016,True
1785948835.846,64634.86,0.0004,True
1785948836.009,64634.87,0.0005,False
1785948836.816,64634.87,0.00033,False
1785948838.099,64634.87,0.00105,False
1785948838.304,64634.87,0.00047,False
1785948838.734,64634.86,0.00038,True
1785948838.734,64634.86,8e-05,True
1785948838.734,64634.86,8e-05,True
1785948838.734,64634.86,9e-05,True
1785948838.734,64634.86,8e-05,True
1785948838.734,64634.86,9e-05,True
1785948838.734,64634.86,8e-05,True
1785948838.734,64634.86,0.00023,True
1785948838.734,64634.86,0.00559,True
1785948838.913,64634.86,0.0003,True
1785948842.647,64634.87,0.00028,False
1785948842.738,64634.86,0.00787,True
1785948843.768,64634.87,0.00868,False
1785948844.559,64634.87,0.00046,False
1785948847.086,64634.86,0.00177,True
1785948847.104,64634.86,0.0004,True
1785948847.306,64634.87,0.03474,False
1785948848.299,64634.86,0.00026,True
1785948848.847,64634.86,8e-05,True
1785948848.847,64634.86,8e-05,True
1785948848.847,64634.86,0.00017,True
1785948848.847,64634.86,8e-05,True
1785948848.847,64634.86,0.0001,True
1785948848.848,64634.86,0.02912,True
1785948848.848,64634.86,8e-05,True
1785948848.848,64634.86,8e-05,True
1785948848.848,64634.86,8e-05,True
1785948848.848,64634.86,8e-05,True
1785948848.848,64634.86,9e-05,True
1785948848.848,64634.86,0.00016,True
1785948848.848,64634.86,8e-05,True
1785948848.848,64634.86,8e-05,True
1785948848.848,64634.86,0.00023,True
1785948848.848,64634.86,8e-05,True
1785948848.848,64634.86,8e-05,True
1785948848.848,64634.86,8e-05,True
1785948848.848,64634.86,8e-05,True
1785948848.848,64634.86,8e-05,True
1785948848.848,64634.86,0.00118,True
1785948848.848,64634.86,0.00012,True
1785948848.848,64634.86,8e-05,True
1785948848.848,64634.86,8e-05,True
1785948848.848,64634.86,9e-05,True
1785948848.848,64634.86,9e-05,True
1785948848.848,64634.86,8e-05,True
1785948848.848,64634.86,8e-05,True
1785948848.848,64634.86,9e-05,True
1785948848.848,64634.86,9e-05,True
1785948848.848,64634.86,9e-05,True
1785948848.848,64634.86,8e-05,True
1785948848.848,64634.86,8e-05,True
1785948848.848,64634.86,8e-05,True
1785948848.848,64634.85,9e-05,True
1785948848.848,64634.85,9e-05,True
1785948848.848,64634.85,8e-05,True
1785948848.848,64634.85,0.00016,True
1785948848.848,64634.85,8e-05,True
1785948848.848,64634.85,8e-05,True
1785948848.848,64634.85,8e-05,True
1785948848.848,64634.85,8e-05,True
1785948848.848,64634.85,8e-05,True
1785948848.848,64634.85,8e-05,True
1785948848.848,64634.84,0.00016,True
1785948848.848,64634.79,8e-05,True
1785948848.848,64634.79,8e-05,True
1785948848.848,64634.79,8e-05,True
1785948848.848,64634.79,8e-05,True
1785948848.848,64634.79,8e-05,True
1785948848.848,64634.22,8e-05,True
1785948848.848,64634.19,9e-05,True
1785948848.848,64634.19,9e-05,True
1785948848.848,64634.19,9e-05,True
1785948848.855,64634.18,8e-05,True
1785948848.855,64634.18,8e-05,True
1785948848.855,64634.18,8e-05,True
1785948848.855,64634.18,8e-05,True
1785948848.855,64634.18,8e-05,True
1785948848.855,64634.18,8e-05,True
1785948848.855,64634.18,8e-05,True
1785948848.855,64634.18,8e-05,True
1785948848.855,64634.18,8e-05,True
1785948848.855,64634.18,8e-05,True
1785948848.855,64634.18,8e-05,True
1785948848.855,64634.18,8e-05,True
1785948848.855,64634.18,8e-05,True
1785948848.855,64634.18,8e-05,True
1785948848.855,64634.18,8e-05,True
1785948848.855,64634.18,8e-05,True
1785948848.855,64634.18,8e-05,True
1785948848.855,64634.18,8e-05,True
1785948848.855,64634.18,8e-05,True
1785948848.855,64634.18,8e-05,True
1785948848.855,64634.18,8e-05,True
1785948848.855,64634.18,8e-05,True
1785948848.855,64634.18,8e-05,True
1785948848.855,64634.17,9e-05,True
1785948848.855,64634.17,9e-05,True
1785948848.855,64634.17,8e-05,True
1785948848.855,64634.17,8e-05,True
1785948848.855,64634.17,8e-05,True
1785948848.855,64634.17,8e-05,True
1785948848.855,64634.17,8e-05,True
1785948848.855,64634.17,8e-05,True
1785948848.855,64634.17,8e-05,True
1785948848.855,64634.01,9e-05,True
1785948848.855,64634.01,9e-05,True
1785948848.855,64634.01,9e-05,True
1785948848.855,64634.0,0.007,True
1785948848.855,64634.0,0.006,True
1785948848.855,64634.0,0.008,True
1785948848.855,64634.0,0.005,True
1785948848.855,64634.0,9e-05,True
1785948848.855,64634.0,9e-05,True
1785948848.855,64633.95,0.00451,True
1785948848.857,64633.34,8e-05,True
1785948848.857,64633.34,8e-05,True
1785948848.857,64632.93,8e-05,True
1785948848.857,64632.93,8e-05,True
1785948848.857,64632.65,0.00376,True
1785948848.857,64632.46,0.11704,True
1785948848.857,64632.3,9e-05,True
1785948848.857,64632.3,9e-05,True
1785948848.857,64632.14,8e-05,True
1785948848.857,64632.14,8e-05,True
1785948848.857,64632.14,8e-05,True
1785948848.857,64632.14,8e-05,True
1785948848.857,64632.14,8e-05,True
1785948848.857,64632.01,9e-05,True
1785948848.857,64632.01,9e-05,True
1785948848.857,64632.01,9e-05,True
1785948848.857,64632.0,0.00023,True
1785948848.857,64632.0,0.007,True
1785948848.857,64632.0,0.006,True
1785948848.857,64632.0,0.008,True
1785948848.857,64632.0,0.005,True
1785948848.857,64632.0,9e-05,True
1785948848.857,64632.0,9e-05,True
1785948848.857,64631.99,0.00058,True
1785948848.857,64631.99,9e-05,True
1785948848.857,64631.99,9e-05,True
1785948848.857,64631.44,9e-05,True
1785948848.857,64631.44,9e-05,True
1785948848.857,64631.41,0.00666,True
1785948848.857,64631.41,9e-05,True
1785948848.857,64631.41,9e-05,True
1785948848.857,64631.39,0.00019,True
1785948848.857,64631.37,8e-05,True
1785948848.857,64631.36,0.00301,True
1785948848.857,64631.24,0.00185,True
1785948848.857,64631.07,9e-05,True
1785948848.857,64631.07,9e-05,True
1785948848.857,64630.7,8e-05,True
1785948848.857,64630.7,8e-05,True
1785948848.871,64630.15,8e-05,True
1785948848.871,64630.15,8e-05,True
1785948848.871,64630.15,8e-05,True
1785948848.871,64630.15,8e-05,True
1785948848.871,64630.15,8e-05,True
1785948848.871,64630.15,8e-05,True
1785948848.871,64630.15,8e-05,True
1785948848.871,64630.15,8e-05,True
1785948848.871,64630.15,8e-05,True
1785948848.871,64630.15,8e-05,True
1785948848.871,64630.15,8e-05,True
1785948848.871,64630.15,8e-05,True
1785948848.871,64630.15,8e-05,True
1785948848.871,64630.15,8e-05,True
1785948848.871,64630.15,8e-05,True
1785948848.871,64630.15,9e-05,True
1785948848.871,64630.15,8e-05,True
1785948848.871,64630.15,0.00401,True
1785948848.878,64630.15,8e-05,True
1785948848.878,64630.15,9e-05,True
1785948848.878,64630.15,9e-05,True
1785948848.878,64630.15,8e-05,True
1785948848.878,64630.15,8e-05,True
1785948848.878,64630.15,8e-05,True
1785948848.878,64630.15,8e-05,True
1785948848.878,64630.15,8e-05,True
1785948848.878,64630.15,8e-05,True
1785948848.878,64630.15,8e-05,True
1785948848.878,64630.15,9e-05,True
1785948848.878,64630.15,8e-05,True
1785948848.878,64630.15,8e-05,True
1785948848.878,64630.15,8e-05,True
1785948848.878,64630.15,8e-05,True
1785948848.878,64630.15,8e-05,True
1785948848.878,64630.15,8e-05,True
1785948848.878,64630.15,8e-05,True
1785948848.878,64630.15,8e-05,True
1785948848.878,64630.15,8e-05,True
1785948848.878,64630.15,0.13022,True
1785948849.1,64630.15,9e-05,True
1785948849.1,64630.15,8e-05,True
1785948849.1,64630.15,8e-05,True
1785948849.1,64630.15,9e-05,True
1785948849.1,64630.15,8e-05,True
1785948849.1,64630.15,8e-05,True
1785948849.1,64630.15,8e-05,True
1785948849.1,64630.15,8e-05,True
1785948849.1,64630.15,8e-05,True
1785948849.1,64630.15,8e-05,True
1785948849.1,64630.15,8e-05,True
1785948849.1,64630.15,8e-05,True
1785948849.1,64630.15,0.03902,True
1785948849.1,64630.15,0.0197,True
1785948849.283,64630.16,9e-05,False
1785948849.711,64630.15,0.00363,True
1785948850.812,64630.15,0.03805,True
1785948852.568,64630.16,0.0649,False
1785948852.568,64630.16,0.0351,False
1785948852.962,64630.16,0.0044,False
1785948855.434,64630.16,0.00424,False
1785948855.606,64630.16,0.00077,False
1785948855.648,64630.15,0.00019,True
1785948857.666,64630.16,8e-05,False
1785948857.77,64630.16,0.00297,False
1785948859.299,64630.16,0.00016,False
1785948859.374,64630.16,0.00016,False
1785948859.414,64630.16,0.00039,False
1785948859.547,64630.16,0.00078,False
1785948859.698,64630.16,0.00078,False
1785948859.814,64630.16,0.00031,False
1785948859.846,64630.16,0.00012,False
1785948859.847,64630.15,0.00031,True
1785948859.899,64630.16,0.00047,False
1785948859.975,64630.16,0.00273,False
1785948860.063,64630.16,0.00016,False
1785948860.3,64630.15,0.00748,True
1785948860.557,64630.16,0.00993,False
1785948860.646,64630.16,0.00011,False
1785948860.814,64630.16,0.00016,False
1785948860.814,64630.16,0.00016,False
1785948860.847,64630.16,0.00015,False
1785948860.873,64630.16,0.00016,False
1785948860.983,64630.16,0.00016,False
1785948861.083,64630.16,0.00031,False
1785948861.29,64630.16,0.00023,False
1785948861.29,64630.16,0.0025,False
1785948861.29,64630.16,0.0043,False
1785948861.29,64630.16,8e-05,False
1785948861.29,64630.16,0.01108,False
1785948861.341,64630.15,0.00189,True
1785948861.563,64630.16,0.00016,False
1785948861.679,64630.16,0.02547,False
1785948861.947,64630.16,0.00016,False
1785948861.983,64630.16,0.00016,False
1785948862.036,64630.16,0.00031,False
1785948862.062,64630.16,0.00016,False
1785948862.186,64630.16,0.00257,False
1785948862.315,64630.16,0.00078,False
1785948862.347,64630.16,0.00039,False
1785948862.373,64630.16,0.00124,False
1785948862.586,64630.16,0.00031,False
1785948862.887,64630.16,0.00016,False
1785948862.899,64630.16,0.00016,False
1785948863.062,64630.16,0.0031,False
1785948863.247,64630.16,0.00016,False
1785948863.273,64630.16,0.00019,False
1785948863.486,64630.16,0.00078,False
1785948863.547,64630.16,0.00078,False
1785948863.574,64630.16,0.00025,False
1785948863.599,64630.16,0.00013,False
1785948863.636,64630.16,0.00031,False
1785948863.699,64630.16,0.00016,False
1785948864.099,64630.16,0.00016,False
1785948864.415,64630.16,0.00014,False
1785948864.547,64630.16,0.00031,False
1785948864.564,64630.16,0.00016,False
1785948864.614,64630.16,0.00016,False
1785948864.614,64630.16,0.00055,False
1785948865.486,64630.16,0.00016,False
1785948866.259,64630.16,0.0033,False
1785948867.217,64630.15,0.0008,True
1785948867.301,64630.16,0.06544,False
1785948868.016,64630.15,0.00035,True
1785948868.397,64630.16,0.09,False
1785948868.397,64630.16,8e-05,False
1785948868.397,64630.16,0.00992,False
1785948869.115,64630.16,0.00524,False
1785948869.532,64630.16,0.00447,False
1785948869.536,64630.16,0.00357,False
1785948870.286,64630.16,0.00011,False
1785948871.737,64630.15,0.0092,True
1785948872.099,64630.16,0.01144,False
1785948872.497,64630.15,0.00473,True
1785948873.298,64630.16,0.00773,False
1785948873.505,64630.15,0.00438,True
1785948873.857,64630.15,0.00597,True
1785948874.218,64630.16,0.00121,False
1785948874.289,64630.16,9e-05,False
1785948874.314,64630.15,0.00051,True
1785948874.899,64630.15,0.00031,True
1785948875.431,64630.16,0.00156,False
1785948875.48,64630.15,0.01912,True
1785948876.714,64630.15,0.0002,True
1785948877.03,64630.15,0.00306,True
1785948877.03,64630.15,8e-05,True
1785948877.03,64630.15,9e-05,True
1785948877.03,64630.15,8e-05,True
1785948877.03,64630.15,8e-05,True
1785948877.03,64630.15,8e-05,True
1785948877.03,64630.15,0.00016,True
1785948877.03,64630.15,8e-05,True
1785948877.03,64630.15,8e-05,True
1785948877.03,64630.15,0.0001,True
1785948877.03,64630.15,0.00538,True
1785948877.736,64630.15,0.00018,True
1785948877.737,64630.16,0.00246,False
1785948878.249,64630.15,0.00207,True
1785948878.646,64630.15,0.01126,True
1785948878.646,64630.15,8e-05,True
1785948878.646,64630.15,8e-05,True
1785948878.646,64630.15,0.00016,True
1785948878.646,64630.15,8e-05,True
1785948878.646,64630.15,8e-05,True
1785948878.646,64630.15,8e-05,True
1785948878.646,64630.15,8e-05,True
1785948878.646,64630.15,8e-05,True
1785948878.646,64630.15,8e-05,True
1785948878.646,64630.15,8e-05,True
1785948878.646,64630.15,8e-05,True
1785948878.646,64630.15,8e-05,True
1785948878.646,64630.15,8e-05,True
1785948878.646,64630.15,8e-05,True
1785948878.646,64630.15,8e-05,True
1785948878.646,64630.15,0.0043,True
1785948878.646,64630.15,8e-05,True
1785948878.646,64630.15,8e-05,True
1785948878.646,64630.15,8e-05,True
1785948878.646,64630.15,8e-05,True
1785948878.646,64630.15,8e-05,True
1785948878.646,64630.15,9e-05,True
1785948878.646,64630.15,9e-05,True
1785948878.646,64630.15,8e-05,True
1785948878.646,64630.15,8e-05,True
1785948878.646,64630.15,8e-05,True
1785948878.646,64630.15,8e-05,True
1785948878.646,64630.15,0.0015,True
1785948878.646,64630.15,0.0025,True
1785948878.646,64630.15,0.00696,True
1785948880.302,64630.15,0.00259,True
1785948880.586,64630.16,0.0031,False
1785948881.428,64630.15,0.00069,True
1785948881.428,64630.15,8e-05,True
1785948881.428,64630.15,9e-05,True
1785948881.428,64630.15,8e-05,True
1785948881.428,64630.15,0.00059,True
1785948882.921,64630.15,0.00085,True
1785948883.127,64630.15,0.00113,True
1785948883.583,64630.16,0.00047,False
1785948883.873,64630.15,0.00023,True
1785948883.874,64630.16,0.00023,False
1785948888.684,64630.15,0.00037,True
1785948889.273,64630.16,0.0031,False
1785948889.791,64630.16,0.00016,False
1785948890.199,64630.15,0.04761,True
1785948890.66,64630.15,0.00121,True
1785948892.489,64630.15,0.00068,True
1785948892.631,64630.16,0.00148,False
1785948893.173,64630.16,0.14689,False
1785948893.173,64630.16,0.80282,False
1785948893.173,64630.16,9e-05,False
1785948893.173,64630.16,0.6184,False
1785948893.173,64630.16,8e-05,False
1785948893.173,64630.16,0.00016,False
1785948893.173,64630.16,8e-05,False
1785948893.173,64630.16,8e-05,False
1785948893.173,64630.16,8e-05,False
1785948893.173,64630.16,0.27546,False
1785948893.173,64630.16,8e-05,False
1785948893.173,64630.16,8e-05,False
1785948893.173,64630.16,0.00773,False
1785948893.173,64630.16,0.00047,False
1785948893.173,64630.16,0.00069,False
1785948893.173,64630.16,0.00017,False
1785948893.173,64630.16,0.01671,False
1785948893.173,64630.16,0.00185,False
1785948893.173,64630.16,8e-05,False
1785948893.173,64630.16,0.0005,False
1785948893.173,64630.16,0.00048,False
1785948893.173,64630.16,0.00187,False
1785948893.173,64630.16,8e-05,False
1785948893.173,64630.16,0.1589,False
1785948893.173,64630.16,0.003,False
1785948893.173,64630.16,0.003,False
1785948893.173,64630.16,0.003,False
1785948893.173,64630.16,0.003,False
1785948893.173,64630.16,0.003,False
1785948893.173,64630.16,0.003,False
1785948893.173,64630.16,0.003,False
1785948893.173,64630.16,0.003,False
1785948893.173,64630.16,0.003,False
1785948893.173,64630.16,0.003,False
1785948893.173,64630.16,0.003,False
1785948893.173,64630.16,0.003,False
1785948893.173,64630.16,0.003,False
1785948893.173,64630.16,0.003,False
1785948893.173,64630.16,0.003,False
1785948893.173,64630.16,0.003,False
1785948893.173,64630.16,0.003,False
1785948893.173,64630.16,0.003,False
1785948893.173,64630.16,0.003,False
1785948893.173,64630.16,0.003,False
1785948893.173,64630.16,0.003,False
1785948893.173,64630.16,0.4416,False
1785948893.173,64630.16,0.00048,False
1785948893.173,64630.16,0.00518,False
1785948893.173,64630.16,0.01,False
1785948893.173,64630.16,0.00048,False
1785948893.173,64630.16,0.01505,False
1785948893.173,64630.16,0.011,False
1785948893.173,64630.16,0.00568,False
1785948893.173,64630.16,0.01466,False
1785948893.173,64630.16,0.00383,False
1785948893.173,64630.16,0.51137,False
1785948893.173,64630.16,0.02212,False
1785948894.487,64630.15,0.00292,True
1785948897.523,64630.16,9e-05,False
1785948897.523,64630.16,9e-05,False
1785948897.523,64630.16,8e-05,False
1785948897.523,64630.16,8e-05,False
1785948897.523,64630.16,0.00518,False
1785948897.523,64630.16,9e-05,False
1785948897.523,64630.16,0.1589,False
1785948897.523,64630.16,0.00185,False
1785948897.523,64630.16,0.01671,False
1785948897.523,64630.16,0.1589,False
1785948897.523,64630.16,8e-05,False
1785948897.523,64630.16,8e-05,False
1785948897.523,64630.16,0.00048,False
1785948897.523,64630.16,0.00069,False
1785948897.523,64630.16,0.00521,False
1785948897.523,64630.16,9e-05,False
1785948897.523,64630.16,0.00016,False
1785948897.523,64630.16,0.00521,False
1785948897.523,64630.16,8e-05,False
1785948897.523,64630.16,8e-05,False
1785948897.523,64630.16,8e-05,False
1785948897.523,64630.16,8e-05,False
1785948897.523,64630.16,8e-05,False
1785948897.523,64630.16,8e-05,False
1785948897.523,64630.16,8e-05,False
1785948897.523,64630.16,8e-05,False
1785948897.523,64630.16,8e-05,False
1785948897.523,64630.16,9e-05,False
1785948897.523,64630.16,0.03101,False
1785948897.523,64630.16,0.00783,False
1785948897.527,64630.16,0.0013,False
1785948897.527,64630.16,0.00842,False
1785948897.538,64630.16,8e-05,False
1785948897.538,64630.16,8e-05,False
1785948897.538,64630.16,0.00518,False
1785948897.538,64630.16,0.00521,False
1785948897.538,64630.16,0.00521,False
1785948897.538,64630.16,8e-05,False
1785948897.538,64630.16,9e-05,False
1785948897.538,64630.16,8e-05,False
1785948897.538,64630.16,9e-05,False
1785948897.538,64630.16,0.00016,False
1785948897.538,64630.16,8e-05,False
1785948897.538,64630.16,9e-05,False
1785948897.538,64630.16,9e-05,False
1785948897.538,64630.16,9e-05,False
1785948897.538,64630.16,8e-05,False
1785948897.538,64630.16,8e-05,False
1785948897.538,64630.16,8e-05,False
1785948897.538,64630.16,8e-05,False
1785948897.538,64630.16,8e-05,False
1785948897.538,64630.16,8e-05,False
1785948897.538,64630.16,0.00016,False
1785948897.538,64630.16,0.00017,False
1785948897.538,64630.16,0.00047,False
1785948897.538,64630.16,8e-05,False
1785948897.538,64630.16,8e-05,False
1785948897.538,64630.16,8e-05,False
1785948897.538,64630.16,0.00518,False
1785948897.538,64630.16,0.00521,False
1785948897.538,64630.16,0.00521,False
1785948897.538,64630.16,8e-05,False
1785948897.538,64630.16,8e-05,False
1785948897.538,64630.16,0.00518,False
1785948897.538,64630.16,0.00521,False
1785948897.538,64630.16,0.00521,False
1785948897.538,64630.16,0.00518,False
1785948897.538,64630.16,0.00521,False
1785948897.538,64630.16,0.00521,False
1785948897.538,64630.16,0.00518,False
1785948897.538,64630.16,0.00521,False
1785948897.538,64630.16,0.00521,False
1785948897.538,64630.16,0.00518,False
1785948897.538,64630.16,0.00521,False
1785948897.538,64630.16,0.00521,False
1785948897.538,64630.16,0.00518,False
1785948897.538,64630.16,0.00521,False
1785948897.538,64630.16,0.00521,False
1785948897.538,64630.16,0.00518,False
1785948897.538,64630.16,0.00521,False
1785948897.538,64630.16,0.00521,False
1785948897.538,64630.16,0.00518,False
1785948897.538,64630.16,0.00521,False
1785948897.538,64630.16,0.00521,False
1785948897.538,64630.16,0.00518,False
1785948897.538,64630.16,0.00521,False
1785948897.538,64630.16,0.00521,False
1785948897.538,64630.16,0.00518,False
1785948897.538,64630.16,0.00521,False
1785948897.538,64630.16,0.00521,False
1785948897.538,64630.16,0.00518,False
1785948897.538,64630.16,0.00521,False
1785948897.538,64630.16,0.00521,False
1785948897.538,64630.16,0.00518,False
1785948897.538,64630.16,0.00521,False
1785948897.538,64630.16,0.00521,False
1785948897.538,64630.16,0.00518,False
1785948897.538,64630.16,0.00521,False
1785948897.538,64630.16,0.00521,False
1785948897.538,64630.16,0.00518,False
1785948897.538,64630.16,0.00521,False
1785948897.538,64630.16,0.00521,False
1785948897.538,64630.16,0.00518,False
1785948897.538,64630.16,0.00521,False
1785948897.538,64630.16,0.00521,False
1785948897.538,64630.16,0.00518,False
1785948897.538,64630.16,0.00521,False
1785948897.538,64630.16,0.00521,False
1785948897.538,64630.16,0.00518,False
1785948897.538,64630.16,0.00521,False
1785948897.538,64630.16,0.00521,False
1785948897.538,64630.16,0.00518,False
1785948897.538,64630.16,0.00521,False
1785948897.538,64630.16,0.00521,False
1785948897.538,64630.16,0.00518,False
1785948897.538,64630.16,0.00521,False
1785948897.538,64630.16,0.00521,False
1785948897.538,64630.16,0.00187,False
1785948897.538,64630.16,0.00521,False
1785948897.538,64630.16,0.00521,False
1785948897.538,64630.16,0.00521,False
1785948897.538,64630.16,0.00521,False
1785948897.538,64630.16,0.00521,False
1785948897.538,64630.16,0.00521,False
1785948897.538,64630.16,0.00521,False
1785948897.538,64630.16,0.00053,False
1785948897.538,64630.16,0.00521,False
1785948897.538,64630.16,0.00521,False
1785948897.538,64630.16,0.00521,False
1785948897.538,64630.16,0.00415,False
1785948897.538,64630.17,0.00016,False
1785948897.538,64630.17,9e-05,False
1785948897.538,64630.17,9e-05,False
1785948897.538,64630.17,0.0052,False
1785948897.538,64630.17,0.001,False
1785948897.538,64630.17,9e-05,False
1785948897.538,64630.17,9e-05,False
1785948897.538,64630.17,8e-05,False
1785948897.538,64630.17,8e-05,False
1785948897.538,64630.17,8e-05,False
1785948897.538,64630.17,8e-05,False
1785948897.538,64630.17,8e-05,False
1785948897.538,64630.17,8e-05,False
1785948897.538,64630.17,0.0052,False
1785948897.538,64630.17,0.00037,False
1785948897.538,64630.18,0.00016,False
1785948897.538,64630.38,0.00484,False
1785948897.538,64630.7,8e-05,False
1785948897.538,64630.7,8e-05,False
1785948897.538,64630.71,8e-05,False
1785948897.538,64630.71,8e-05,False
1785948897.538,64630.71,8e-05,False
1785948897.538,64630.71,8e-05,False
1785948897.538,64630.75,8e-05,False
1785948897.538,64630.75,8e-05,False
1785948897.538,64630.99,9e-05,False
1785948897.538,64630.99,9e-05,False
1785948897.538,64630.99,9e-05,False
1785948897.554,64631.0,0.05768,False
1785948897.554,64631.0,8e-05,False
1785948897.554,64631.0,8e-05,False
1785948897.554,64631.0,9e-05,False
1785948897.554,64631.0,9e-05,False
1785948897.554,64631.0,9e-05,False
1785948897.554,64631.0,9e-05,False
1785948897.554,64631.0,8e-05,False
1785948897.554,64631.0,8e-05,False
1785948897.554,64631.0,8e-05,False
1785948897.554,64631.0,8e-05,False
1785948897.554,64631.0,8e-05,False
1785948897.554,64631.0,8e-05,False
1785948897.554,64631.0,8e-05,False
1785948897.554,64631.0,8e-05,False
1785948897.554,64631.0,8e-05,False
1785948897.554,64631.0,8e-05,False
1785948897.554,64631.0,8e-05,False
1785948897.554,64631.0,8e-05,False
1785948897.554,64631.0,8e-05,False
1785948897.554,64631.01,8e-05,False
1785948897.554,64631.01,8e-05,False
1785948897.554,64631.01,9e-05,False
1785948897.554,64631.01,8e-05,False
1785948897.554,64631.01,9e-05,False
1785948897.554,64631.01,8e-05,False
1785948897.554,64631.34,8e-05,False
1785948897.554,64631.34,8e-05,False
1785948897.554,64631.68,0.0033,False
1785948897.589,64631.68,8e-05,False
1785948897.589,64631.68,8e-05,False
1785948897.589,64631.68,9e-05,False
1785948897.589,64631.68,9e-05,False
1785948897.589,64631.68,8e-05,False
1785948897.589,64631.68,8e-05,False
1785948897.589,64631.68,8e-05,False
1785948897.589,64631.68,8e-05,False
1785948897.589,64631.68,8e-05,False
1785948897.589,64631.68,8e-05,False
1785948897.589,64631.68,8e-05,False
1785948897.589,64631.68,8e-05,False
1785948897.589,64631.68,8e-05,False
1785948897.589,64631.68,8e-05,False
1785948897.589,64631.68,8e-05,False
1785948897.589,64631.68,8e-05,False
1785948897.589,64631.68,9e-05,False
1785948897.589,64631.68,8e-05,False
1785948897.589,64631.68,8e-05,False
1785948897.589,64631.68,8e-05,False
1785948897.589,64631.69,8e-05,False
1785948897.589,64631.69,8e-05,False
1785948897.589,64631.69,9e-05,False
1785948897.589,64631.69,9e-05,False
1785948897.589,64631.69,8e-05,False
1785948897.589,64631.69,8e-05,False
1785948897.589,64631.69,8e-05,False
1785948897.589,64632.0,8e-05,False
1785948897.589,64632.0,2e-05,False
1785948897.623,64631.99,0.00061,True
1785948898.214,64631.99,0.01079,True
1785948898.663,64632.0,6e-05,False
1785948898.663,64632.0,8e-05,False
1785948898.663,64632.0,9e-05,False
1785948898.663,64632.0,8e-05,False
1785948898.663,64632.0,8e-05,False
1785948898.663,64632.0,8e-05,False
1785948898.663,64632.0,8e-05,False
1785948898.663,64632.0,8e-05,False
1785948898.663,64632.0,8e-05,False
1785948898.663,64632.0,8e-05,False
1785948898.663,64632.0,8e-05,False
1785948898.663,64632.0,8e-05,False
1785948898.663,64632.0,9e-05,False
1785948898.663,64632.0,8e-05,False
1785948898.663,64632.0,8e-05,False
1785948898.663,64632.0,0.0001,False
1785948898.802,64631.99,0.00032,True
1785948899.447,64632.0,0.00929,False
1785948900.687,64631.99,0.00014,True
1785948901.398,64632.0,0.00012,False
1785948902.349,64632.0,0.00406,False
1785948903.415,64632.0,0.00134,False
1785948906.346,64631.99,8e-05,True
1785948906.346,64631.99,8e-05,True
1785948906.346,64631.99,9e-05,True
1785948906.346,64631.99,0.00016,True
1785948906.346,64631.99,8e-05,True
1785948906.346,64631.99,8e-05,True
1785948906.346,64631.99,8e-05,True
1785948906.346,64631.99,0.00773,True
1785948906.346,64631.99,8e-05,True
1785948906.346,64631.99,0.0001,True
1785948906.346,64631.99,8e-05,True
1785948906.346,64631.99,8e-05,True
1785948906.346,64631.99,8e-05,True
1785948906.346,64631.99,8e-05,True
1785948906.346,64631.99,8e-05,True
1785948906.346,64631.99,8e-05,True
1785948906.346,64631.99,8e-05,True
1785948906.346,64631.99,8e-05,True
1785948906.346,64631.99,0.0005,True
1785948906.346,64631.99,8e-05,True
1785948906.346,64631.99,8e-05,True
1785948906.346,64631.99,8e-05,True
1785948906.346,64631.99,8e-05,True
1785948906.346,64631.99,0.00133,True
1785948906.346,64631.99,8e-05,True
1785948906.346,64631.99,9e-05,True
1785948906.346,64631.99,0.00012,True
1785948906.346,64631.99,8e-05,True
1785948906.346,64631.99,8e-05,True
1785948906.346,64631.99,0.0143,True
1785948906.346,64631.99,8e-05,True
1785948906.346,64631.99,9e-05,True
1785948906.346,64631.99,9e-05,True
1785948906.346,64631.99,8e-05,True
1785948906.346,64631.99,8e-05,True
1785948906.346,64631.99,8e-05,True
1785948906.346,64631.99,8e-05,True
1785948906.346,64631.99,8e-05,True
1785948906.346,64631.99,8e-05,True
1785948906.346,64631.99,8e-05,True
1785948906.346,64631.99,8e-05,True
1785948906.346,64631.99,8e-05,True
1785948906.346,64631.99,8e-05,True
1785948906.346,64631.99,8e-05,True
1785948906.346,64631.98,9e-05,True
1785948906.346,64631.98,9e-05,True
1785948906.346,64631.98,0.00016,True
1785948906.346,64631.98,8e-05,True
1785948906.346,64631.98,8e-05,True
1785948906.346,64631.98,8e-05,True
1785948906.346,64631.98,8e-05,True
1785948906.346,64631.98,8e-05,True
1785948906.346,64631.98,8e-05,True
1785948906.346,64631.98,8e-05,True
1785948906.346,64631.98,8e-05,True
1785948906.346,64631.98,8e-05,True
1785948906.346,64631.97,0.00016,True
1785948906.346,64631.68,0.00023,True
1785948906.346,64631.33,8e-05,True
1785948906.346,64631.33,8e-05,True
1785948906.346,64631.03,0.00449,True
1785948906.346,64631.01,8e-05,True
1785948906.346,64630.99,8e-05,True
1785948906.346,64630.99,8e-05,True
1785948906.346,64630.99,8e-05,True
1785948906.346,64630.99,8e-05,True
1785948906.346,64630.99,8e-05,True
1785948906.346,64630.7,9e-05,True
1785948906.346,64630.7,9e-05,True
1785948906.346,64630.7,9e-05,True
1785948906.346,64630.69,0.01788,True
1785948906.346,64630.69,9e-05,True
1785948906.346,64630.69,9e-05,True
1785948906.346,64630.19,0.003,True
1785948906.346,64630.16,0.00023,True
1785948906.346,64630.16,9e-05,True
1785948906.346,64630.16,9e-05,True
1785948906.346,64630.16,9e-05,True
1785948906.346,64630.15,8e-05,True
1785948906.346,64630.15,0.00017,True
1785948906.346,64630.15,0.01737,True
1785948906.346,64630.15,8e-05,True
1785948906.346,64630.15,0.00529,True
1785948906.346,64630.15,9e-05,True
1785948906.346,64630.15,9e-05,True
1785948906.346,64630.14,8e-05,True
1785948906.346,64630.01,9e-05,True
1785948906.346,64630.01,9e-05,True
1785948906.346,64630.01,9e-05,True
1785948906.357,64630.0,0.005,True
1785948906.357,64630.0,0.007,True
1785948906.357,64630.0,0.006,True
1785948906.357,64630.0,0.008,True
1785948906.357,64630.0,0.01,True
1785948906.357,64630.0,8e-05,True
1785948906.357,64630.0,8e-05,True
1785948906.357,64630.0,0.02421,True
1785948906.357,64630.0,8e-05,True
1785948906.357,64630.0,8e-05,True
1785948906.357,64630.0,8e-05,True
1785948906.357,64630.0,8e-05,True
1785948906.357,64630.0,8e-05,True
1785948906.357,64630.0,8e-05,True
1785948906.357,64630.0,8e-05,True
1785948906.357,64630.0,9e-05,True
1785948906.357,64630.0,9e-05,True
1785948906.357,64630.0,8e-05,True
1785948906.357,64630.0,8e-05,True
1785948906.357,64630.0,8e-05,True
1785948906.357,64630.0,8e-05,True
1785948906.357,64630.0,8e-05,True
1785948906.357,64630.0,8e-05,True
1785948906.357,64630.0,8e-05,True
1785948906.357,64630.0,8e-05,True
1785948906.357,64630.0,8e-05,True
1785948906.357,64630.0,8e-05,True
1785948906.357,64630.0,8e-05,True
1785948906.357,64630.0,8e-05,True
1785948906.357,64630.0,8e-05,True
1785948906.357,64629.99,8e-05,True
1785948906.357,64629.99,9e-05,True
1785948906.357,64629.99,9e-05,True
1785948906.357,64629.99,8e-05,True
1785948906.357,64629.99,8e-05,True
1785948906.357,64629.99,8e-05,True
1785948906.357,64629.99,8e-05,True
1785948906.357,64629.99,8e-05,True
1785948906.359,64629.72,8e-05,True
1785948906.359,64629.72,8e-05,True
1785948906.359,64629.72,8e-05,True
1785948906.359,64629.71,9e-05,True
1785948906.359,64629.4,9e-05,True
1785948906.359,64629.4,9e-05,True
1785948906.359,64628.86,8e-05,True
1785948906.359,64628.86,8e-05,True
1785948906.364,64628.13,9e-05,True
1785948906.364,64628.13,9e-05,True
1785948906.364,64628.13,8e-05,True
1785948906.364,64628.13,8e-05,True
1785948906.364,64628.13,8e-05,True
1785948906.364,64628.13,8e-05,True
1785948906.364,64628.13,8e-05,True
1785948906.364,64628.13,8e-05,True
1785948906.364,64628.13,8e-05,True
1785948906.364,64628.13,8e-05,True
1785948906.364,64628.13,8e-05,True
1785948906.364,64628.13,8e-05,True
1785948906.364,64628.13,8e-05,True
1785948906.364,64628.13,9e-05,True
1785948906.364,64628.12,0.00185,True
1785948906.364,64628.12,0.01671,True
1785948906.364,64628.12,9e-05,True
1785948906.364,64628.12,9e-05,True
1785948906.364,64628.12,8e-05,True
1785948906.364,64628.12,9e-05,True
1785948906.364,64628.12,9e-05,True
1785948906.364,64628.12,8e-05,True
1785948906.364,64628.12,8e-05,True
1785948906.364,64628.12,8e-05,True
1785948906.364,64628.01,9e-05,True
1785948906.364,64628.01,9e-05,True
1785948906.364,64628.01,9e-05,True
1785948906.364,64628.01,9e-05,True
1785948906.364,64628.01,9e-05,True
1785948906.364,64628.0,0.005,True
1785948906.364,64628.0,0.007,True
1785948906.364,64628.0,0.006,True
1785948906.364,64628.0,0.008,True
1785948906.364,64628.0,9e-05,True
1785948906.364,64628.0,9e-05,True
1785948906.366,64627.72,9e-05,True
1785948906.366,64627.72,8e-05,True
1785948906.366,64627.72,8e-05,True
1785948906.366,64627.62,9e-05,True
1785948906.366,64627.62,9e-05,True
1785948906.366,64627.54,9e-05,True
1785948906.366,64627.54,9e-05,True
1785948906.368,64626.93,8e-05,True
1785948906.368,64626.93,8e-05,True
1785948906.368,64626.93,8e-05,True
1785948906.368,64626.93,8e-05,True
1785948906.368,64626.93,6e-05,True
1785948906.368,64626.93,2e-05,True
1785948906.368,64626.93,8e-05,True
1785948906.368,64626.93,8e-05,True
1785948906.368,64626.92,9e-05,True
1785948906.368,64626.92,9e-05,True
1785948906.368,64626.92,8e-05,True
1785948906.402,64626.24,9e-05,True
1785948906.402,64626.24,8e-05,True
1785948906.402,64626.24,8e-05,True
1785948906.402,64626.24,8e-05,True
1785948906.402,64626.24,8e-05,True
1785948906.402,64626.24,8e-05,True
1785948906.402,64626.24,8e-05,True
1785948906.402,64626.24,8e-05,True
1785948906.402,64626.24,8e-05,True
1785948906.402,64626.24,8e-05,True
1785948906.402,64626.24,8e-05,True
1785948906.402,64626.24,8e-05,True
1785948906.402,64626.24,8e-05,True
1785948906.402,64626.24,8e-05,True
1785948906.402,64626.24,8e-05,True
1785948906.402,64626.24,8e-05,True
1785948906.402,64626.24,8e-05,True
1785948906.402,64626.24,8e-05,True
1785948906.402,64626.24,9e-05,True
1785948906.402,64626.24,8e-05,True
1785948906.402,64626.24,0.0007,True
1785948906.402,64626.24,8e-05,True
1785948906.402,64626.24,8e-05,True
1785948906.402,64626.23,0.00601,True
1785948906.402,64626.23,9e-05,True
1785948906.402,64626.23,9e-05,True
1785948906.402,64626.23,9e-05,True
1785948906.402,64626.23,8e-05,True
1785948906.402,64626.23,8e-05,True
1785948906.402,64626.23,9e-05,True
1785948906.402,64626.23,8e-05,True
1785948906.402,64626.23,8e-05,True
1785948906.402,64626.23,8e-05,True
1785948906.402,64626.23,8e-05,True
1785948906.402,64626.23,8e-05,True
1785948906.402,64626.01,9e-05,True
1785948906.402,64626.01,9e-05,True
1785948906.402,64626.01,9e-05,True
1785948906.402,64626.0,0.005,True
1785948906.402,64626.0,0.007,True
1785948906.402,64626.0,0.006,True
1785948906.402,64626.0,0.008,True
1785948906.402,64626.0,9e-05,True
1785948906.402,64626.0,9e-05,True
1785948906.402,64625.75,9e-05,True
1785948906.402,64625.75,9e-05,True
1785948906.402,64625.59,8e-05,True
1785948906.402,64625.59,8e-05,True
1785948906.402,64625.59,8e-05,True
1785948906.402,64625.59,8e-05,True
1785948906.402,64625.59,8e-05,True
1785948906.402,64625.58,8e-05,True
1785948906.402,64625.58,9e-05,True
1785948906.402,64625.58,9e-05,True
1785948906.402,64625.58,8e-05,True
1785948906.402,64625.58,8e-05,True
1785948906.402,64625.58,8e-05,True
1785948906.402,64625.58,8e-05,True
1785948906.402,64625.32,0.00163,True
1785948906.573,64625.33,0.007,False
1785948906.659,64625.33,0.0026,False
1785948907.306,64625.33,0.04496,False
1785948907.531,64625.32,0.00237,True
1785948907.531,64625.32,8e-05,True
1785948907.531,64625.32,8e-05,True
1785948907.531,64625.32,8e-05,True
1785948907.531,64625.32,8e-05,True
1785948907.531,64625.32,8e-05,True
1785948907.531,64625.32,8e-05,True
1785948907.531,64625.32,8e-05,True
1785948907.531,64625.32,8e-05,True
1785948907.531,64625.32,8e-05,True
1785948907.531,64625.32,9e-05,True
1785948907.531,64625.32,8e-05,True
1785948907.531,64625.32,8e-05,True
1785948907.531,64625.32,0.00017,True
1785948907.531,64625.32,0.02254,True
1785948907.531,64625.32,8e-05,True
1785948907.531,64625.32,8e-05,True
1785948907.531,64625.32,8e-05,True
1785948907.531,64625.32,8e-05,True
1785948907.531,64625.32,8e-05,True
1785948907.531,64625.32,9e-05,True
1785948907.531,64625.32,9e-05,True
1785948907.531,64625.32,9e-05,True
1785948907.531,64625.32,8e-05,True
1785948907.531,64625.32,8e-05,True
1785948907.531,64625.32,8e-05,True
1785948907.531,64625.32,8e-05,True
1785948907.531,64625.31,9e-05,True
1785948907.531,64625.31,9e-05,True
1785948907.531,64625.31,8e-05,True
1785948907.531,64625.31,8e-05,True
1785948907.531,64625.31,8e-05,True
1785948907.531,64625.31,8e-05,True
1785948907.531,64625.31,8e-05,True
1785948907.531,64625.31,8e-05,True
1785948907.531,64625.31,8e-05,True
1785948907.531,64624.94,0.00012,True
1785948907.532,64624.94,7e-05,True
1785948907.532,64624.29,0.00446,True
1785948907.532,64624.22,0.00023,True
1785948907.532,64624.01,9e-05,True
1785948907.532,64624.01,9e-05,True
1785948907.532,64624.01,9e-05,True
1785948907.532,64624.0,0.006,True
1785948907.532,64624.0,0.008,True
1785948907.532,64624.0,0.00027,True
1785948907.534,64624.0,0.00456,True
1785948909.174,64624.0,0.00017,True
1785948909.174,64624.0,0.00287,True
1785948909.248,64624.0,9e-05,True
1785948909.29,64624.01,0.00012,False
1785948909.347,64624.0,0.00404,True
1785948909.347,64624.0,9e-05,True
1785948909.347,64624.0,9e-05,True
1785948909.347,64624.0,8e-05,True
1785948909.347,64624.0,8e-05,True
1785948909.347,64624.0,8e-05,True
1785948909.347,64624.0,8e-05,True
1785948909.347,64624.0,8e-05,True
1785948909.347,64624.0,8e-05,True
1785948909.347,64624.0,8e-05,True
1785948909.347,64624.0,8e-05,True
1785948909.347,64624.0,0.00016,True
1785948909.347,64624.0,9e-05,True
1785948909.347,64624.0,8e-05,True
1785948909.347,64624.0,8e-05,True
1785948909.347,64624.0,8e-05,True
1785948909.347,64624.0,8e-05,True
1785948909.347,64624.0,8e-05,True
1785948909.347,64624.0,8e-05,True
1785948909.347,64624.0,8e-05,True
1785948909.347,64624.0,0.0001,True
1785948909.347,64624.0,8e-05,True
1785948909.347,64624.0,8e-05,True
1785948909.347,64624.0,8e-05,True
1785948909.347,64624.0,0.0099,True
1785948909.573,64624.0,0.00922,True
1785948909.573,64624.0,0.00078,True
1785948911.7,64624.0,0.00172,True
1785948912.315,64624.0,0.01363,True
1785948912.944,64624.0,0.0001,True
1785948913.685,64624.01,9e-05,False
1785948914.4,64624.0,0.00651,True
1785948915.505,64624.01,0.06657,False
1785948915.505,64624.01,0.06678,False
1785948915.505,64624.01,0.06665,False
1785948917.549,64624.01,0.00016,False
1785948918.52,64624.01,9e-05,False
1785948918.704,64624.01,0.0096,False
1785948918.804,64624.0,0.0028,True
1785948919.068,64624.0,0.01547,True
1785948919.14,64624.0,0.00034,True
1785948919.174,64624.01,0.0011,False
1785948920.098,64624.0,0.0148,True
1785948921.291,64624.0,0.03139,True
1785948921.589,64624.01,0.00323,False
1785948922.017,64624.0,0.00259,True
1785948922.042,64624.0,0.01415,True
1785948923.145,64624.01,0.00643,False
1785948923.466,64624.0,0.00765,True
1785948924.071,64624.01,8e-05,False
1785948924.071,64624.01,9e-05,False
1785948924.071,64624.01,8e-05,False
1785948924.071,64624.01,8e-05,False
1785948924.071,64624.01,8e-05,False
1785948924.071,64624.01,0.00016,False
1785948924.071,64624.01,0.00704,False
1785948924.072,64624.01,0.00069,False
1785948924.072,64624.01,8e-05,False
1785948924.072,64624.01,0.003,False
1785948924.072,64624.01,0.003,False
1785948924.072,64624.01,0.003,False
1785948924.072,64624.01,0.003,False
1785948924.072,64624.01,0.003,False
1785948924.072,64624.01,0.003,False
1785948924.072,64624.01,0.003,False
1785948924.072,64624.01,0.003,False
1785948924.072,64624.01,0.003,False
1785948924.072,64624.01,0.003,False
1785948924.072,64624.01,0.003,False
1785948924.072,64624.01,0.003,False
1785948924.072,64624.01,0.003,False
1785948924.072,64624.01,0.003,False
1785948924.072,64624.01,0.003,False
1785948924.072,64624.01,0.003,False
1785948924.072,64624.01,0.003,False
1785948924.072,64624.01,0.003,False
1785948924.072,64624.01,0.003,False
1785948924.072,64624.01,0.003,False
1785948924.072,64624.01,0.003,False
1785948924.072,64624.01,8e-05,False
1785948924.072,64624.01,8e-05,False
1785948924.072,64624.01,8e-05,False
1785948924.072,64624.01,9e-05,False
1785948924.072,64624.01,8e-05,False
1785948924.072,64624.01,0.00069,False
1785948924.072,64624.01,0.00048,False
1785948924.072,64624.01,8e-05,False
1785948924.072,64624.01,8e-05,False
1785948924.072,64624.01,8e-05,False
1785948924.072,64624.01,8e-05,False
1785948924.072,64624.01,0.0005,False
1785948924.072,64624.01,8e-05,False
1785948924.072,64624.01,8e-05,False
1785948924.072,64624.01,0.00017,False
1785948924.072,64624.01,8e-05,False
1785948924.072,64624.01,8e-05,False
1785948924.072,64624.01,9e-05,False
1785948924.072,64624.01,9e-05,False
1785948924.072,64624.01,9e-05,False
1785948924.072,64624.01,8e-05,False
1785948924.072,64624.01,8e-05,False
1785948924.072,64624.01,8e-05,False
1785948924.072,64624.01,8e-05,False
1785948924.072,64624.01,8e-05,False
1785948924.072,64624.01,8e-05,False
1785948924.072,64624.01,8e-05,False
1785948924.072,64624.01,8e-05,False
1785948924.072,64624.01,8e-05,False
1785948924.072,64624.01,8e-05,False
1785948924.072,64624.01,8e-05,False
1785948924.072,64624.01,8e-05,False
1785948924.072,64624.01,8e-05,False
1785948924.072,64624.01,8e-05,False
1785948924.072,64624.01,8e-05,False
1785948924.072,64624.01,8e-05,False
1785948924.072,64624.02,9e-05,False
1785948924.072,64624.02,9e-05,False
1785948924.072,64624.02,8e-05,False
1785948924.072,64624.02,8e-05,False
1785948924.072,64624.02,8e-05,False
1785948924.072,64624.02,8e-05,False
1785948924.072,64624.02,8e-05,False
1785948924.072,64624.02,8e-05,False
1785948924.072,64624.22,0.00485,False
1785948924.073,64625.32,8e-05,False
1785948924.073,64625.32,0.1589,False
1785948924.073,64625.32,9e-05,False
1785948924.073,64625.32,9e-05,False
1785948924.073,64625.32,8e-05,False
1785948924.073,64625.32,8e-05,False
1785948924.073,64625.32,8e-05,False
1785948924.073,64625.32,8e-05,False
1785948924.073,64625.33,8e-05,False
1785948924.073,64625.33,0.00016,False
1785948924.073,64625.33,8e-05,False
1785948924.073,64625.33,8e-05,False
1785948924.073,64625.33,8e-05,False
1785948924.073,64625.33,8e-05,False
1785948924.073,64625.42,9e-05,False
1785948924.073,64625.42,9e-05,False
1785948924.073,64625.42,9e-05,False
1785948924.097,64625.43,8e-05,False
1785948924.097,64625.43,9e-05,False
1785948924.097,64625.43,9e-05,False
1785948924.097,64625.43,8e-05,False
1785948924.097,64625.43,8e-05,False
1785948924.097,64625.43,0.0033,False
1785948924.104,64625.43,0.1556,False
1785948924.104,64625.43,9e-05,False
1785948924.104,64625.43,8e-05,False
1785948924.104,64625.43,8e-05,False
1785948924.104,64625.43,8e-05,False
1785948924.104,64625.43,8e-05,False
1785948924.104,64625.43,8e-05,False
1785948924.104,64625.43,8e-05,False
1785948924.104,64625.43,8e-05,False
1785948924.104,64625.43,9e-05,False
1785948924.104,64625.43,8e-05,False
1785948924.104,64625.43,8e-05,False
1785948924.104,64625.43,8e-05,False
1785948924.104,64625.43,8e-05,False
1785948924.104,64625.43,0.003,False
1785948924.104,64625.43,0.003,False
1785948924.104,64625.43,0.003,False
1785948924.104,64625.43,0.003,False
1785948924.104,64625.43,0.003,False
1785948924.104,64625.43,0.003,False
1785948924.104,64625.43,0.003,False
1785948924.104,64625.43,0.003,False
1785948924.104,64625.43,0.003,False
1785948924.104,64625.43,0.003,False
1785948924.104,64625.43,0.003,False
1785948924.104,64625.43,0.003,False
1785948924.104,64625.43,0.003,False
1785948924.104,64625.43,0.003,False
1785948924.104,64625.43,0.003,False
1785948924.104,64625.43,8e-05,False
1785948924.104,64625.43,0.003,False
1785948924.104,64625.43,0.003,False
1785948924.104,64625.43,8e-05,False
1785948924.104,64625.43,0.003,False
1785948924.104,64625.43,0.003,False
1785948924.104,64625.43,0.003,False
1785948924.104,64625.43,9e-05,False
1785948924.104,64625.43,0.003,False
1785948924.104,64625.43,8e-05,False
1785948924.104,64625.43,8e-05,False
1785948924.104,64625.43,8e-05,False
1785948924.104,64625.43,8e-05,False
1785948924.104,64625.43,9e-05,False
1785948924.104,64625.43,9e-05,False
1785948924.104,64625.43,0.0007,False
1785948924.104,64625.43,0.00048,False
1785948924.104,64625.43,8e-05,False
1785948924.104,64625.44,8e-05,False
1785948924.104,64625.44,9e-05,False
1785948924.104,64625.44,8e-05,False
1785948924.104,64625.44,8e-05,False
1785948924.104,64625.44,9e-05,False
1785948924.104,64625.44,8e-05,False
1785948924.104,64625.44,8e-05,False
1785948924.104,64625.44,8e-05,False
1785948924.104,64625.52,0.00404,False
1785948924.104,64625.99,9e-05,False
1785948924.104,64625.99,9e-05,False
1785948924.104,64625.99,9e-05,False
1785948924.104,64626.0,0.005,False
1785948924.104,64626.0,0.006,False
1785948924.104,64626.0,0.008,False
1785948924.104,64626.0,0.00591,False
1785948924.135,64626.0,0.00109,False
1785948924.135,64626.0,9e-05,False
1785948924.135,64626.0,9e-05,False
1785948924.135,64626.0,8e-05,False
1785948924.135,64626.0,8e-05,False
1785948924.135,64626.0,9e-05,False
1785948924.135,64626.0,9e-05,False
1785948924.135,64626.0,8e-05,False
1785948924.135,64626.0,8e-05,False
1785948924.135,64626.0,8e-05,False
1785948924.135,64626.0,8e-05,False
1785948924.135,64626.0,8e-05,False
1785948924.135,64626.0,8e-05,False
1785948924.135,64626.0,8e-05,False
1785948924.135,64626.0,8e-05,False
1785948924.135,64626.0,8e-05,False
1785948924.135,64626.0,8e-05,False
1785948924.135,64626.0,8e-05,False
1785948924.135,64626.0,8e-05,False
1785948924.135,64626.0,9e-05,False
1785948924.135,64626.0,8e-05,False
1785948924.135,64626.0,0.00016,False
1785948924.135,64626.0,8e-05,False
1785948924.135,64626.0,8e-05,False
1785948924.135,64626.0,8e-05,False
1785948924.135,64626.01,8e-05,False
1785948924.135,64626.01,8e-05,False
1785948924.135,64626.01,9e-05,False
1785948924.135,64626.01,9e-05,False
1785948924.135,64626.01,8e-05,False
1785948924.135,64626.01,8e-05,False
1785948924.135,64626.01,8e-05,False
1785948924.135,64626.25,8e-05,False
1785948924.135,64626.25,8e-05,False
1785948924.135,64626.6,8e-05,False
1785948924.135,64626.6,8e-05,False
1785948924.135,64626.81,0.00323,False
1785948924.135,64626.93,8e-05,False
1785948924.135,64626.93,9e-05,False
1785948924.135,64626.93,9e-05,False
1785948924.135,64626.93,9e-05,False
1785948924.135,64626.94,0.01671,False
1785948924.135,64626.94,0.00185,False
1785948924.135,64626.94,8e-05,False
1785948924.135,64626.94,9e-05,False
1785948924.135,64626.94,9e-05,False
1785948924.135,64626.94,8e-05,False
1785948924.135,64627.14,8e-05,False
1785948924.135,64627.23,8e-05,False
1785948924.135,64627.99,9e-05,False
1785948924.135,64627.99,9e-05,False
1785948924.135,64627.99,9e-05,False
1785948924.135,64628.0,0.007,False
1785948924.135,64628.0,0.005,False
1785948924.135,64628.0,0.006,False
1785948924.135,64628.0,0.008,False
1785948924.135,64628.0,9e-05,False
1785948924.135,64628.0,9e-05,False
1785948924.135,64628.1,0.00242,False
1785948924.135,64628.14,8e-05,False
1785948924.135,64628.14,8e-05,False
1785948924.135,64628.14,8e-05,False
1785948924.135,64628.14,8e-05,False
1785948924.135,64628.14,8e-05,False
1785948924.135,64629.3,8e-05,False
1785948924.135,64629.39,0.00161,False
1785948924.135,64629.39,9e-05,False
1785948924.135,64629.39,9e-05,False
1785948924.135,64629.39,9e-05,False
1785948924.145,64629.39,0.00141,True
1785948924.187,64629.39,0.00019,True
1785948924.94,64629.39,0.00014,True
1785948925.676,64629.4,9e-05,False
1785948925.676,64629.4,8e-05,False
1785948925.676,64629.4,8e-05,False
1785948925.676,64629.4,8e-05,False
1785948925.676,64629.4,8e-05,False
1785948925.676,64629.4,8e-05,False
1785948925.676,64629.4,8e-05,False
1785948925.676,64629.4,8e-05,False
1785948925.676,64629.4,8e-05,False
1785948925.676,64629.4,8e-05,False
1785948925.676,64629.4,8e-05,False
1785948925.676,64629.4,8e-05,False
1785948925.676,64629.4,9e-05,False
1785948925.676,64629.4,8e-05,False
1785948925.676,64629.4,8e-05,False
1785948925.676,64629.4,8e-05,False
1785948925.676,64629.4,0.00187,False
1785948925.676,64629.4,0.00047,False
1785948925.676,64629.4,0.00068,False
1785948925.676,64629.4,0.00047,False
1785948925.676,64629.4,0.003,False
1785948925.676,64629.4,0.00016,False
1785948925.676,64629.4,8e-05,False
1785948925.676,64629.4,8e-05,False
1785948925.676,64629.4,8e-05,False
1785948925.676,64629.4,8e-05,False
1785948925.676,64629.4,0.00048,False
1785948925.676,64629.4,8e-05,False
1785948925.676,64629.4,9e-05,False
1785948925.676,64629.4,9e-05,False
1785948925.676,64629.4,9e-05,False
1785948925.676,64629.4,9e-05,False
1785948925.676,64629.4,8e-05,False
1785948925.676,64629.4,8e-05,False
1785948925.676,64629.4,8e-05,False
1785948925.676,64629.4,8e-05,False
1785948925.676,64629.4,8e-05,False
1785948925.676,64629.4,8e-05,False
1785948925.676,64629.4,8e-05,False
1785948925.676,64629.4,8e-05,False
1785948925.676,64629.4,8e-05,False
1785948925.676,64629.41,2e-05,False
1785948925.679,64629.4,8e-05,False
1785948925.679,64629.4,8e-05,False
1785948925.679,64629.4,8e-05,False
1785948925.679,64629.4,8e-05,False
1785948925.679,64629.41,7e-05,False
1785948925.679,64629.41,9e-05,False
1785948925.679,64629.41,8e-05,False
1785948925.679,64629.41,8e-05,False
1785948925.679,64629.41,8e-05,False
1785948925.679,64629.41,8e-05,False
1785948925.679,64629.41,8e-05,False
1785948925.679,64629.41,8e-05,False
1785948925.679,64629.41,9e-05,False
1785948925.679,64629.41,9e-05,False
1785948925.679,64629.41,8e-05,False
1785948925.679,64629.41,8e-05,False
1785948925.679,64629.41,8e-05,False
1785948925.679,64629.42,8e-05,False
1785948925.679,64629.42,8e-05,False
1785948925.679,64629.81,9e-05,False
1785948925.679,64629.81,9e-05,False
1785948925.696,64629.86,0.00473,False
1785948925.696,64629.86,8e-05,False
1785948925.696,64629.86,9e-05,False
1785948925.696,64629.86,8e-05,False
1785948925.696,64629.86,9e-05,False
1785948925.696,64629.86,8e-05,False
1785948925.696,64629.86,8e-05,False
1785948925.696,64629.86,8e-05,False
1785948925.696,64629.86,8e-05,False
1785948925.696,64629.86,0.00016,False
1785948925.696,64629.86,9e-05,False
1785948925.696,64629.86,8e-05,False
1785948925.696,64629.86,9e-05,False
1785948925.696,64629.86,8e-05,False
1785948925.696,64629.86,8e-05,False
1785948925.696,64629.86,8e-05,False
1785948925.696,64629.86,8e-05,False
1785948925.696,64629.86,8e-05,False
1785948925.696,64629.86,8e-05,False
1785948925.696,64629.86,9e-05,False
1785948925.696,64629.86,8e-05,False
1785948925.696,64629.86,8e-05,False
1785948925.696,64629.86,8e-05,False
1785948925.696,64629.86,8e-05,False
1785948925.696,64629.87,9e-05,False
1785948925.696,64629.87,9e-05,False
1785948925.696,64629.87,8e-05,False
1785948925.696,64629.87,0.00016,False
1785948925.696,64629.87,8e-05,False
1785948925.696,64629.87,8e-05,False
1785948925.696,64629.87,8e-05,False
1785948925.696,64629.87,8e-05,False
1785948925.696,64629.87,8e-05,False
1785948925.696,64629.88,0.00016,False
1785948925.696,64629.99,9e-05,False
1785948925.696,64629.99,9e-05,False
1785948925.696,64629.99,9e-05,False
1785948925.708,64630.0,0.007,False
1785948925.708,64630.0,0.005,False
1785948925.708,64630.0,0.006,False
1785948925.708,64630.0,0.008,False
1785948925.708,64630.0,9e-05,False
1785948925.708,64630.0,9e-05,False
1785948925.708,64630.0,8e-05,False
1785948925.708,64630.0,9e-05,False
1785948925.708,64630.0,8e-05,False
1785948925.708,64630.0,9e-05,False
1785948925.708,64630.0,8e-05,False
1785948925.708,64630.0,8e-05,False
1785948925.708,64630.0,8e-05,False
1785948925.708,64630.0,8e-05,False
1785948925.708,64630.0,8e-05,False
1785948925.708,64630.0,8e-05,False
1785948925.708,64630.0,8e-05,False
1785948925.708,64630.0,8e-05,False
1785948925.708,64630.0,8e-05,False
1785948925.708,64630.0,8e-05,False
1785948925.708,64630.0,8e-05,False
1785948925.708,64630.0,8e-05,False
1785948925.708,64630.0,8e-05,False
1785948925.708,64630.0,8e-05,False
1785948925.708,64630.01,8e-05,False
1785948925.708,64630.01,9e-05,False
1785948925.708,64630.01,9e-05,False
1785948925.708,64630.01,8e-05,False
1785948925.708,64630.01,8e-05,False
1785948925.708,64630.01,8e-05,False
1785948925.708,64630.01,4e-05,False
1785948925.71,64630.0,8e-05,False
1785948925.71,64630.0,8e-05,False
1785948925.71,64630.0,8e-05,False
1785948925.711,64630.0,9e-05,False
1785948925.711,64630.0,3e-05,False
1785948925.712,64630.0,6e-05,False
1785948925.712,64630.0,8e-05,False
1785948925.712,64630.0,8e-05,False
1785948925.712,64630.0,9e-05,False
1785948925.712,64630.0,4e-05,False
1785948925.716,64630.0,4e-05,False
1785948925.716,64630.0,8e-05,False
1785948925.716,64630.0,9e-05,False
1785948925.716,64630.0,8e-05,False
1785948925.716,64630.0,6e-05,False
1785948925.74,64630.0,2e-05,False
1785948925.74,64630.0,8e-05,False
1785948925.74,64630.0,8e-05,False
1785948925.74,64630.0,8e-05,False
1785948925.74,64630.0,8e-05,False
1785948925.74,64630.0,8e-05,False
1785948925.74,64630.0,9e-05,False
1785948925.74,64630.0,8e-05,False
1785948925.74,64630.0,9e-05,False
1785948925.74,64630.0,8e-05,False
1785948925.74,64630.0,9e-05,False
1785948925.74,64630.0,8e-05,False
1785948925.74,64630.0,8e-05,False
1785948925.74,64630.01,8e-05,False
1785948925.74,64630.01,8e-05,False
1785948925.74,64630.01,9e-05,False
1785948925.74,64630.01,8e-05,False
1785948925.74,64630.01,9e-05,False
1785948925.74,64630.01,8e-05,False
1785948925.74,64630.01,8e-05,False
1785948925.74,64630.01,8e-05,False
1785948925.74,64630.01,8e-05,False
1785948925.74,64630.14,8e-05,False
1785948925.74,64631.0,8e-05,False
1785948925.74,64631.16,0.00394,False
1785948925.74,64631.36,8e-05,False
1785948925.74,64631.4,0.00019,False
1785948925.79,64631.16,8e-05,False
1785948925.79,64631.16,8e-05,False
1785948925.79,64631.16,8e-05,False
1785948925.79,64631.16,8e-05,False
1785948925.79,64631.16,9e-05,False
1785948925.79,64631.16,9e-05,False
1785948925.79,64631.16,9e-05,False
1785948925.79,64631.16,8e-05,False
1785948925.79,64631.16,8e-05,False
1785948925.79,64631.16,8e-05,False
1785948925.79,64631.16,8e-05,False
1785948925.79,64631.16,8e-05,False
1785948925.79,64631.16,8e-05,False
1785948925.79,64631.16,8e-05,False
1785948925.79,64631.16,8e-05,False
1785948925.793,64631.17,8e-05,False
1785948925.793,64631.17,8e-05,False
1785948925.793,64631.17,8e-05,False
1785948925.793,64631.17,8e-05,False
1785948925.793,64631.17,8e-05,False
1785948925.793,64631.17,8e-05,False
1785948925.793,64631.17,8e-05,False
1785948925.793,64631.17,8e-05,False
1785948925.793,64631.17,2e-05,False
1785948925.795,64631.17,6e-05,False
1785948925.795,64631.17,9e-05,False
1785948925.795,64631.17,9e-05,False
1785948925.795,64631.17,8e-05,False
1785948925.795,64631.17,8e-05,False
1785948925.795,64631.17,8e-05,False
1785948925.795,64631.17,8e-05,False
1785948925.795,64631.17,8e-05,False
1785948925.795,64631.18,8e-05,False
1785948925.795,64631.18,9e-05,False
1785948925.795,64631.18,8e-05,False
1785948925.795,64631.18,9e-05,False
1785948925.795,64631.18,8e-05,False
1785948925.795,64631.99,9e-05,False
1785948925.795,64631.99,9e-05,False
1785948925.795,64631.99,8e-05,False
1785948925.795,64631.99,8e-05,False
1785948925.795,64631.99,9e-05,False
1785948925.795,64631.99,8e-05,False
1785948925.795,64631.99,8e-05,False
1785948925.824,64632.0,0.00106,False
1785948925.824,64632.0,0.00172,False
1785948925.824,64632.0,0.007,False
1785948925.824,64632.0,0.005,False
1785948925.824,64632.0,0.006,False
1785948925.824,64632.0,0.008,False
1785948925.824,64632.0,9e-05,False
1785948925.824,64632.0,9e-05,False
1785948925.824,64632.0,8e-05,False
1785948925.824,64632.0,8e-05,False
1785948925.824,64632.0,8e-05,False
1785948925.824,64632.0,9e-05,False
1785948925.824,64632.0,9e-05,False
1785948925.824,64632.0,8e-05,False
1785948925.824,64632.0,8e-05,False
1785948925.824,64632.0,8e-05,False
1785948925.824,64632.0,8e-05,False
1785948925.824,64632.0,8e-05,False
1785948925.824,64632.0,9e-05,False
1785948925.824,64632.0,8e-05,False
1785948925.824,64632.0,8e-05,False
1785948925.824,64632.0,8e-05,False
1785948925.824,64632.0,8e-05,False
1785948925.824,64632.01,9e-05,False
1785948925.824,64632.01,9e-05,False
1785948925.824,64632.01,8e-05,False
1785948925.86,64632.01,8e-05,False
1785948925.86,64632.01,8e-05,False
1785948925.86,64632.01,9e-05,False
1785948925.86,64632.01,8e-05,False
1785948925.86,64632.01,9e-05,False
1785948925.86,64632.01,8e-05,False
1785948925.86,64632.01,8e-05,False
1785948925.86,64632.01,8e-05,False
1785948925.86,64632.01,8e-05,False
1785948925.86,64632.01,8e-05,False
1785948925.86,64632.01,8e-05,False
1785948925.86,64632.01,8e-05,False
1785948925.86,64632.01,8e-05,False
1785948925.86,64632.01,8e-05,False
1785948925.86,64632.01,9e-05,False
1785948925.862,64632.01,8e-05,False
1785948925.862,64632.01,8e-05,False
1785948926.146,64632.02,8e-05,False
1785948926.146,64632.02,8e-05,False
1785948926.146,64632.02,8e-05,False
1785948926.146,64632.02,9e-05,False
1785948926.146,64632.02,9e-05,False
1785948926.146,64632.02,8e-05,False
1785948926.146,64632.02,8e-05,False
1785948926.146,64632.02,8e-05,False
1785948926.146,64632.02,8e-05,False
1785948926.146,64632.02,8e-05,False
1785948926.146,64632.02,8e-05,False
1785948926.146,64632.02,8e-05,False
1785948926.146,64632.02,8e-05,False
1785948926.146,64632.02,8e-05,False
1785948926.146,64632.02,9e-05,False
1785948926.146,64632.02,8e-05,False
1785948926.146,64632.02,8e-05,False
1785948926.146,64632.03,8e-05,False
1785948926.146,64632.03,8e-05,False
1785948926.146,64632.03,9e-05,False
1785948926.146,64632.03,9e-05,False
1785948926.146,64632.03,8e-05,False
1785948926.146,64632.03,8e-05,False
1785948926.146,64632.03,8e-05,False
1785948926.146,64632.03,8e-05,False
1785948926.146,64632.61,0.00466,False
1785948926.146,64633.35,8e-05,False
1785948926.146,64633.43,8e-05,False
1785948926.146,64633.91,0.00388,False
1785948926.146,64633.99,9e-05,False
1785948926.146,64633.99,9e-05,False
1785948926.146,64633.99,9e-05,False
1785948926.147,64634.0,0.00548,False
1785948929.576,64634.0,0.00021,False
1785948930.508,64633.99,0.0003,True
1785948930.555,64634.0,0.0011,False
1785948931.474,64633.99,0.00154,True
1785948931.599,64633.99,0.00029,True
1785948931.683,64633.99,0.00013,True
1785948931.892,64633.99,0.00085,True
1785948932.042,64634.0,0.00021,False
1785948932.042,64634.0,2e-05,False
1785948933.492,64634.0,0.00049,False
1785948933.562,64634.0,0.00549,False
1785948933.562,64634.0,0.008,False
1785948933.562,64634.0,0.005,False
1785948933.562,64634.0,8e-05,False
1785948933.562,64634.0,9e-05,False
1785948933.562,64634.0,8e-05,False
1785948933.562,64634.0,8e-05,False
1785948933.562,64634.0,0.003,False
1785948933.562,64634.0,0.003,False
1785948933.562,64634.0,8e-05,False
1785948933.562,64634.0,0.003,False
1785948933.562,64634.0,0.003,False
1785948933.562,64634.0,0.003,False
1785948933.562,64634.0,0.003,False
1785948933.562,64634.0,0.003,False
1785948933.562,64634.0,0.0019,False
1785948933.841,64634.0,0.00012,False
1785948934.057,64634.0,9e-05,False
1785948934.535,64634.0,0.0004,False
1785948935.138,64634.0,0.00027,False
1785948935.238,64633.99,0.00011,True
1785948935.286,64634.0,0.00013,False
1785948935.743,64633.99,0.06571,True
1785948935.743,64633.99,0.06582,True
1785948935.743,64633.99,8e-05,True
1785948935.743,64633.99,8e-05,True
1785948935.743,64633.99,0.01759,True
1785948936.714,64634.0,9e-05,False
1785948936.714,64634.0,8e-05,False
1785948936.714,64634.0,9e-05,False
1785948936.714,64634.0,8e-05,False
1785948936.714,64634.0,0.00016,False
1785948936.714,64634.0,8e-05,False
1785948936.714,64634.0,8e-05,False
1785948936.714,64634.0,0.00016,False
1785948936.714,64634.0,8e-05,False
1785948937.271,64633.99,9e-05,True
1785948937.271,64633.99,0.00016,True
1785948937.271,64633.99,8e-05,True
1785948937.271,64633.99,8e-05,True
1785948937.271,64633.99,8e-05,True
1785948937.271,64633.99,8e-05,True
1785948937.271,64633.99,0.00047,True
1785948937.271,64633.99,0.00069,True
1785948937.271,64633.99,0.0001,True
1785948937.271,64633.99,8e-05,True
1785948937.271,64633.99,0.00051,True
1785948937.271,64633.99,8e-05,True
1785948937.271,64633.99,8e-05,True
1785948937.271,64633.99,8e-05,True
1785948937.271,64633.99,8e-05,True
1785948937.271,64633.99,8e-05,True
1785948937.271,64633.99,8e-05,True
1785948937.271,64633.99,0.01,True
1785948937.271,64633.99,8e-05,True
1785948937.271,64633.99,8e-05,True
1785948937.271,64633.99,8e-05,True
1785948937.271,64633.99,8e-05,True
1785948937.271,64633.99,8e-05,True
1785948937.271,64633.99,8e-05,True
1785948937.271,64633.99,8e-05,True
1785948937.271,64633.99,9e-05,True
1785948937.271,64633.99,9e-05,True
1785948937.271,64633.99,9e-05,True
1785948937.271,64633.99,8e-05,True
1785948937.271,64633.99,8e-05,True
1785948937.271,64633.99,8e-05,True
1785948937.271,64633.99,8e-05,True
1785948937.271,64633.99,8e-05,True
1785948937.271,64633.99,8e-05,True
1785948937.271,64633.99,8e-05,True
1785948937.271,64633.98,9e-05,True
1785948937.271,64633.98,9e-05,True
1785948937.271,64633.98,0.00016,True
1785948937.271,64633.98,8e-05,True
1785948937.271,64633.98,8e-05,True
1785948937.271,64633.98,8e-05,True
1785948937.271,64633.98,8e-05,True
1785948937.271,64633.98,8e-05,True
1785948937.271,64633.98,8e-05,True
1785948937.271,64633.98,8e-05,True
1785948937.271,64633.97,0.00016,True
1785948937.271,64633.42,0.00467,True
1785948937.271,64633.35,8e-05,True
1785948937.271,64632.93,8e-05,True
1785948937.271,64632.12,0.00389,True
1785948937.271,64632.01,8e-05,True
1785948937.271,64632.01,9e-05,True
1785948937.271,64632.01,9e-05,True
1785948937.271,64632.01,8e-05,True
1785948937.271,64632.01,9e-05,True
1785948937.414,64632.0,8e-05,True
1785948937.414,64632.0,0.00023,True
1785948937.414,64632.0,0.00032,True
1785948937.675,64632.01,0.00033,False
1785948939.522,64632.01,0.00144,False
1785948939.646,64632.0,0.00208,True
1785948941.664,64632.01,0.00551,False
1785948943.37,64632.01,8e-05,False
1785948943.37,64632.01,9e-05,False
1785948943.37,64632.01,8e-05,False
1785948943.37,64632.01,0.00016,False
1785948943.37,64632.01,8e-05,False
1785948943.37,64632.01,8e-05,False
1785948943.37,64632.01,8e-05,False
1785948943.37,64632.01,8e-05,False
1785948943.37,64632.01,8e-05,False
1785948943.37,64632.01,9e-05,False
1785948943.37,64632.01,9e-05,False
1785948943.37,64632.01,8e-05,False
1785948943.37,64632.01,8e-05,False
1785948943.37,64632.01,8e-05,False
1785948943.37,64632.01,8e-05,False
1785948943.37,64632.01,8e-05,False
1785948943.37,64632.01,8e-05,False
1785948943.37,64632.01,8e-05,False
1785948943.37,64632.01,8e-05,False
1785948943.37,64632.01,9e-05,False
1785948943.37,64632.01,9e-05,False
1785948943.37,64632.01,9e-05,False
1785948943.37,64632.01,9e-05,False
1785948943.37,64632.01,9e-05,False
1785948943.37,64632.01,9e-05,False
1785948943.37,64632.01,9e-05,False
1785948943.379,64632.01,8e-05,False
1785948943.379,64632.01,8e-05,False
1785948943.379,64632.01,8e-05,False
1785948943.379,64632.01,8e-05,False
1785948943.379,64632.01,0.00016,False
1785948943.379,64632.01,8e-05,False
1785948943.379,64632.01,9e-05,False
1785948943.379,64632.01,9e-05,False
1785948943.379,64632.01,9e-05,False
1785948943.379,64632.01,8e-05,False
1785948943.379,64632.01,8e-05,False
1785948943.379,64632.01,8e-05,False
1785948943.379,64632.01,8e-05,False
1785948943.379,64632.01,8e-05,False
1785948943.379,64632.01,7e-05,False
1785948943.386,64632.01,1e-05,False
1785948943.386,64632.01,8e-05,False
1785948943.386,64632.01,8e-05,False
1785948943.386,64632.01,8e-05,False
1785948943.386,64632.01,0.00016,False
1785948943.386,64632.01,8e-05,False
1785948943.386,64632.01,9e-05,False
1785948943.386,64632.01,9e-05,False
1785948943.386,64632.01,8e-05,False
1785948943.386,64632.01,8e-05,False
1785948943.393,64632.01,8e-05,False
1785948943.393,64632.01,8e-05,False
1785948943.393,64632.01,8e-05,False
1785948943.393,64632.01,8e-05,False
1785948943.393,64632.01,9e-05,False
1785948943.393,64632.01,8e-05,False
1785948943.393,64632.01,8e-05,False
1785948943.393,64632.01,8e-05,False
1785948943.393,64632.01,0.00016,False
1785948943.393,64632.01,8e-05,False
1785948943.393,64632.01,9e-05,False
1785948943.393,64632.01,8e-05,False
1785948943.393,64632.01,9e-05,False
1785948943.393,64632.01,8e-05,False
1785948943.401,64632.01,8e-05,False
1785948943.401,64632.01,8e-05,False
1785948943.401,64632.01,8e-05,False
1785948943.401,64632.01,8e-05,False
1785948943.401,64632.01,0.00016,False
1785948943.401,64632.01,8e-05,False
1785948943.401,64632.01,8e-05,False
1785948943.401,64632.01,9e-05,False
1785948943.401,64632.01,9e-05,False
1785948943.401,64632.01,8e-05,False
1785948943.401,64632.01,9e-05,False
1785948943.401,64632.01,8e-05,False
1785948943.401,64632.01,8e-05,False
1785948943.401,64632.01,8e-05,False
1785948943.401,64632.01,7e-05,False
1785948943.408,64632.01,1e-05,False
1785948943.408,64632.01,8e-05,False
1785948943.408,64632.01,9e-05,False
1785948943.408,64632.01,0.00016,False
1785948943.408,64632.01,9e-05,False
1785948943.408,64632.01,8e-05,False
1785948943.408,64632.01,8e-05,False
1785948943.408,64632.01,9e-05,False
1785948943.408,64632.01,8e-05,False
1785948943.415,64632.01,8e-05,False
1785948943.415,64632.01,8e-05,False
1785948943.415,64632.01,8e-05,False
1785948943.415,64632.01,8e-05,False
1785948943.415,64632.01,8e-05,False
1785948943.415,64632.01,9e-05,False
1785948943.415,64632.01,8e-05,False
1785948943.415,64632.01,9e-05,False
1785948943.415,64632.01,9e-05,False
1785948943.415,64632.01,0.00016,False
1785948943.415,64632.01,8e-05,False
1785948943.415,64632.01,8e-05,False
1785948943.423,64632.01,8e-05,False
1785948943.423,64632.01,8e-05,False
1785948943.423,64632.01,8e-05,False
1785948943.423,64632.01,9e-05,False
1785948943.423,64632.01,9e-05,False
1785948943.431,64632.01,8e-05,False
1785948943.431,64632.01,9e-05,False
1785948943.431,64632.01,0.00016,False
1785948943.431,64632.01,8e-05,False
1785948943.431,64632.01,8e-05,False
1785948943.431,64632.01,8e-05,False
1785948943.431,64632.01,8e-05,False
1785948943.431,64632.01,8e-05,False
1785948943.431,64632.01,9e-05,False
1785948943.431,64632.01,9e-05,False
1785948943.431,64632.01,8e-05,False
1785948943.431,64632.01,8e-05,False
1785948943.461,64632.01,8e-05,False
1785948943.461,64632.01,8e-05,False
1785948943.461,64632.01,8e-05,False
1785948943.461,64632.01,9e-05,False
1785948943.461,64632.01,0.00016,False
1785948943.461,64632.01,8e-05,False
1785948943.461,64632.01,9e-05,False
1785948943.461,64632.01,9e-05,False
1785948943.461,64632.01,8e-05,False
1785948943.461,64632.01,8e-05,False
1785948943.461,64632.01,8e-05,False
1785948943.461,64632.01,8e-05,False
1785948943.461,64632.01,5e-05,False
1785948943.495,64632.01,3e-05,False
1785948943.495,64632.01,8e-05,False
1785948943.495,64632.01,8e-05,False
1785948943.495,64632.01,8e-05,False
1785948943.495,64632.01,8e-05,False
1785948943.495,64632.01,0.00016,False
1785948943.495,64632.01,9e-05,False
1785948943.495,64632.01,9e-05,False
1785948943.495,64632.01,8e-05,False
1785948943.495,64632.01,8e-05,False
1785948943.495,64632.01,8e-05,False
1785948943.495,64632.01,9e-05,False
1785948943.495,64632.01,8e-05,False
1785948943.495,64632.01,0.0043,False
1785948943.495,64632.01,9e-05,False
1785948943.495,64632.01,9e-05,False
1785948943.495,64632.01,8e-05,False
1785948943.495,64632.01,8e-05,False
1785948943.495,64632.01,8e-05,False
1785948943.495,64632.02,9e-05,False
1785948943.495,64632.02,9e-05,False
1785948943.495,64632.02,0.00016,False
1785948943.495,64632.02,8e-05,False
1785948943.495,64632.02,8e-05,False
1785948943.495,64632.02,8e-05,False
1785948943.495,64632.02,8e-05,False
1785948943.495,64632.02,8e-05,False
1785948943.495,64632.02,8e-05,False
1785948943.495,64632.02,8e-05,False
1785948943.495,64632.02,8e-05,False
1785948943.495,64632.03,0.00016,False
1785948943.495,64632.13,8e-05,False
1785948943.495,64632.13,8e-05,False
1785948943.495,64632.61,0.00466,False
1785948943.495,64632.92,8e-05,False
1785948943.495,64633.35,8e-05,False
1785948943.495,64633.91,0.00388,False
1785948943.495,64634.0,0.0003,False
1785948943.495,64634.0,0.00017,False
1785948943.495,64634.0,8e-05,False
1785948943.495,64634.0,0.0024,False
1785948943.495,64634.0,8e-05,False
1785948943.495,64634.85,8e-05,False
1785948943.495,64634.87,0.0005,False
1785948943.495,64635.2,0.00311,False
1785948943.495,64635.5,8e-05,False
1785948943.495,64635.99,9e-05,False
1785948943.495,64635.99,9e-05,False
1785948943.495,64635.99,9e-05,False
1785948943.495,64636.0,0.007,False
1785948943.495,64636.0,0.006,False
1785948943.495,64636.0,0.008,False
1785948943.495,64636.0,0.005,False
1785948943.495,64636.0,9e-05,False
1785948943.495,64636.0,9e-05,False
1785948943.495,64636.04,9e-05,False
1785948944.504,64636.04,0.00012,True
1785948945.206,64636.05,0.0023,False
1785948945.29,64636.05,0.0005,False
1785948945.489,64636.04,0.01465,True
1785948945.551,64636.04,0.00171,True
1785948945.551,64636.04,0.01354,True
1785948946.172,64636.05,0.00908,False
1785948946.466,64636.04,0.02238,True
1785948947.039,64636.05,0.00137,False
1785948947.173,64636.05,0.01238,False
1785948947.292,64636.05,0.03542,False
1785948947.687,64636.05,0.00076,False
1785948948.347,64636.05,0.01161,False
1785948948.41,64636.04,0.00838,True
1785948948.733,64636.04,0.0026,True
1785948948.847,64636.05,0.00777,False
1785948948.866,64636.04,0.0005,True
1785948949.29,64636.05,9e-05,False
1785948949.572,64636.05,0.00292,False
1785948949.583,64636.04,8e-05,True
1785948949.598,64636.04,0.00077,True
1785948949.844,64636.04,0.0031,True
1785948950.816,64636.05,0.00149,False
1785948950.881,64636.05,0.00149,False
1785948951.519,64636.04,0.00039,True
1785948951.732,64636.04,0.0274,True
1785948951.732,64636.04,8e-05,True
1785948951.732,64636.04,0.02675,True
1785948952.406,64636.05,0.0005,False
1785948952.599,64636.04,0.00927,True
1785948953.863,64636.05,0.00264,False
1785948954.099,64636.04,0.00133,True
1785948955.86,64636.04,0.00012,True
1785948955.891,64636.04,8e-05,True
1785948955.891,64636.04,0.00185,True
1785948955.891,64636.04,0.00016,True
1785948955.891,64636.04,9e-05,True
1785948955.891,64636.04,8e-05,True
1785948955.891,64636.04,8e-05,True
1785948955.891,64636.04,8e-05,True
1785948955.891,64636.04,8e-05,True
1785948955.891,64636.04,8e-05,True
1785948955.891,64636.04,8e-05,True
1785948955.891,64636.04,9e-05,True
1785948955.891,64636.04,9e-05,True
1785948955.891,64636.04,0.01,True
1785948955.891,64636.04,8e-05,True
1785948955.891,64636.04,0.0007,True
1785948955.891,64636.04,0.00047,True
1785948955.891,64636.04,0.0001,True
1785948955.891,64636.04,8e-05,True
1785948955.891,64636.04,8e-05,True
1785948955.891,64636.04,8e-05,True
1785948955.891,64636.04,8e-05,True
1785948955.891,64636.04,8e-05,True
1785948955.891,64636.04,8e-05,True
1785948955.891,64636.04,8e-05,True
1785948955.891,64636.04,8e-05,True
1785948955.891,64636.04,8e-05,True
1785948955.891,64636.04,0.00509,True
1785948955.9,64636.04,0.00264,True
1785948955.9,64636.04,8e-05,True
1785948955.9,64636.04,8e-05,True
1785948955.9,64636.04,8e-05,True
1785948955.9,64636.04,8e-05,True
1785948955.9,64636.04,0.00077,True
1785948955.9,64636.04,9e-05,True
1785948955.9,64636.04,4e-05,True
1785948956.633,64636.05,0.00156,False
1785948957.848,64636.05,0.001,False
1785948958.4,64636.04,0.00022,True
1785948958.4,64636.04,8e-05,True
1785948958.4,64636.04,8e-05,True
1785948958.4,64636.04,8e-05,True
1785948958.4,64636.04,9e-05,True
1785948958.4,64636.04,8e-05,True
1785948958.4,64636.04,8e-05,True
1785948958.4,64636.04,0.00016,True
1785948958.4,64636.04,8e-05,True
1785948958.4,64636.04,8e-05,True
1785948958.4,64636.04,8e-05,True
1785948958.4,64636.04,8e-05,True
1785948958.4,64636.04,8e-05,True
1785948958.4,64636.04,8e-05,True
1785948958.4,64636.04,8e-05,True
1785948958.4,64636.04,8e-05,True
1785948958.4,64636.04,8e-05,True
1785948958.4,64636.04,8e-05,True
1785948958.4,64636.04,9e-05,True
1785948958.4,64636.04,9e-05,True
1785948958.4,64636.04,8e-05,True
1785948958.4,64636.04,8e-05,True
1785948958.4,64636.04,0.01,True
1785948958.4,64636.04,8e-05,True
1785948958.4,64636.04,9e-05,True
1785948958.4,64636.04,0.0001,True
1785948958.4,64636.04,0.00012,True
1785948958.4,64636.04,8e-05,True
1785948958.4,64636.04,8e-05,True
1785948958.4,64636.04,8e-05,True
1785948958.4,64636.04,8e-05,True
1785948958.4,64636.04,8e-05,True
1785948958.4,64636.04,8e-05,True
1785948958.4,64636.04,8e-05,True
1785948958.4,64636.04,8e-05,True
1785948958.4,64636.04,8e-05,True
1785948958.4,64636.04,8e-05,True
1785948958.4,64636.03,9e-05,True
1785948958.4,64636.03,9e-05,True
1785948958.4,64636.03,0.00016,True
1785948958.4,64636.03,8e-05,True
1785948958.4,64636.03,8e-05,True
1785948958.4,64636.03,8e-05,True
1785948958.4,64636.03,8e-05,True
1785948958.4,64636.03,8e-05,True
1785948958.4,64636.03,8e-05,True
1785948958.4,64636.03,8e-05,True
1785948958.4,64636.03,8e-05,True
1785948958.4,64636.02,0.00016,True
1785948958.4,64635.51,0.0047,True
1785948958.4,64634.21,0.00391,True
1785948958.4,64634.2,0.00068,True
1785948958.4,64634.01,9e-05,True
1785948958.4,64634.01,9e-05,True
1785948958.4,64634.01,9e-05,True
1785948960.351,64634.0,0.005,True
1785948960.351,64634.0,0.00083,True
1785948960.573,64634.0,0.00717,True
1785948960.573,64634.0,0.007,True
1785948960.573,64634.0,0.006,True
1785948960.573,64634.0,0.1589,True
1785948960.573,64634.0,8e-05,True
1785948960.573,64634.0,8e-05,True
1785948960.573,64634.0,8e-05,True
1785948960.573,64634.0,3e-05,True
1785948960.661,64634.01,0.00183,False
1785948961.705,64634.01,0.00015,False
1785948961.769,64634.0,5e-05,True
1785948961.769,64634.0,8e-05,True
1785948961.769,64634.0,8e-05,True
1785948961.769,64634.0,8e-05,True
1785948961.769,64634.0,8e-05,True
1785948961.769,64634.0,8e-05,True
1785948961.769,64634.0,8e-05,True
1785948961.769,64634.0,8e-05,True
1785948961.769,64634.0,8e-05,True
1785948961.769,64634.0,8e-05,True
1785948961.769,64634.0,9e-05,True
1785948961.769,64634.0,8e-05,True
1785948961.769,64634.0,8e-05,True
1785948961.769,64634.0,8e-05,True
1785948961.769,64634.0,8e-05,True
1785948961.769,64634.0,8e-05,True
1785948961.769,64634.0,0.00013,True
1785948962.303,64634.0,0.00048,True
1785948962.303,64634.0,2e-05,True
1785948962.541,64634.01,0.00023,False
1785948962.862,64634.0,0.00298,True
1785948963.094,64634.01,0.0003,False
1785948963.287,64634.01,0.00042,False
1785948963.354,64634.01,0.00925,False
1785948963.644,64634.0,0.00334,True
1785948963.734,64634.01,0.00156,False
1785948965.7,64634.01,0.00023,False
1785948965.714,64634.0,0.0001,True
1785948966.743,64634.0,0.00029,True
1785948967.305,64634.01,0.058,False
1785948967.306,64634.01,0.0005,False
1785948967.673,64634.01,0.0001,False
1785948968.298,64634.01,0.00029,False
1785948969.001,64634.01,0.00032,False
1785948969.105,64634.0,0.00029,True
1785948969.531,64634.0,0.00029,True
1785948970.333,64634.0,0.00173,True
1785948970.491,64634.0,0.00096,True
1785948970.491,64634.0,0.0001,True
1785948970.491,64634.0,8e-05,True
1785948970.491,64634.0,0.00016,True
1785948970.491,64634.0,8e-05,True
1785948970.491,64634.0,8e-05,True
1785948970.491,64634.0,0.14872,True
1785948970.494,64634.0,0.01018,True
1785948970.494,64634.0,8e-05,True
1785948970.494,64634.0,8e-05,True
1785948970.494,64634.0,8e-05,True
1785948970.494,64634.0,8e-05,True
1785948970.494,64634.0,9e-05,True
1785948970.494,64634.0,8e-05,True
1785948970.494,64634.0,8e-05,True
1785948970.494,64634.0,8e-05,True
1785948970.494,64634.0,8e-05,True
1785948970.494,64634.0,8e-05,True
1785948970.494,64634.0,8e-05,True
1785948970.494,64634.0,8e-05,True
1785948970.494,64634.0,8e-05,True
1785948970.494,64634.0,8e-05,True
1785948970.494,64634.0,0.0013,True
1785948970.494,64634.0,8e-05,True
1785948970.494,64634.0,8e-05,True
1785948970.494,64634.0,0.0043,True
1785948970.494,64634.0,8e-05,True
1785948970.494,64634.0,8e-05,True
1785948970.494,64634.0,8e-05,True
1785948970.494,64634.0,8e-05,True
1785948970.494,64634.0,8e-05,True
1785948970.494,64634.0,8e-05,True
1785948970.494,64634.0,8e-05,True
1785948970.494,64634.0,0.005,True
1785948970.494,64634.0,9e-05,True
1785948970.494,64634.0,9e-05,True
1785948970.494,64634.0,9e-05,True
1785948970.494,64634.0,9e-05,True
1785948970.494,64634.0,9e-05,True
1785948970.494,64634.0,8e-05,True
1785948970.494,64634.0,8e-05,True
1785948970.494,64634.0,8e-05,True
1785948970.494,64634.0,8e-05,True
1785948970.494,64634.0,0.0015,True
1785948970.494,64634.0,0.0025,True
1785948970.494,64634.0,9e-05,True
1785948970.494,64634.0,9e-05,True
1785948970.494,64634.0,8e-05,True
1785948970.494,64634.0,8e-05,True
1785948970.494,64634.0,8e-05,True
1785948970.494,64634.0,0.00016,True
1785948970.494,64634.0,8e-05,True
1785948970.494,64634.0,8e-05,True
1785948970.494,64634.0,8e-05,True
1785948970.494,64634.0,8e-05,True
1785948970.494,64633.99,8e-05,True
1785948970.494,64633.99,8e-05,True
1785948970.494,64633.99,8e-05,True
1785948970.494,64633.99,9e-05,True
1785948970.494,64633.99,9e-05,True
1785948970.494,64633.99,8e-05,True
1785948970.494,64633.99,8e-05,True
1785948970.494,64633.99,8e-05,True
1785948970.494,64633.99,8e-05,True
1785948970.494,64633.99,8e-05,True
1785948970.494,64633.99,8e-05,True
1785948970.494,64633.99,8e-05,True
1785948970.494,64633.99,8e-05,True
1785948970.494,64633.99,0.00016,True
1785948970.494,64633.99,8e-05,True
1785948970.494,64633.99,8e-05,True
1785948970.494,64633.99,8e-05,True
1785948970.494,64633.98,0.00016,True
1785948970.494,64633.55,9e-05,True
1785948970.642,64633.33,0.0005,True
1785948970.806,64633.33,0.00039,True
1785948970.971,64633.34,0.00029,False
1785948971.963,64633.34,0.00232,False
1785948972.427,64633.33,0.00029,True
1785948972.61,64633.33,0.00345,True
1785948972.61,64633.33,0.1589,True
1785948972.61,64633.33,8e-05,True
1785948972.61,64633.33,8e-05,True
1785948972.61,64633.33,8e-05,True
1785948972.61,64633.33,8e-05,True
1785948972.61,64633.33,9e-05,True
1785948972.61,64633.33,8e-05,True
1785948972.61,64633.33,9e-05,True
1785948972.61,64633.33,0.0043,True
1785948972.61,64633.33,8e-05,True
1785948972.61,64633.33,8e-05,True
1785948972.61,64633.33,8e-05,True
1785948972.61,64633.33,8e-05,True
1785948972.61,64633.33,8e-05,True
1785948972.61,64633.33,8e-05,True
1785948972.61,64633.33,8e-05,True
1785948972.61,64633.33,8e-05,True
1785948972.61,64633.33,8e-05,True
1785948972.61,64633.33,8e-05,True
1785948972.61,64633.33,8e-05,True
1785948972.61,64633.33,8e-05,True
1785948972.61,64633.33,8e-05,True
1785948972.61,64633.33,9e-05,True
1785948972.61,64633.33,8e-05,True
1785948972.61,64633.33,0.0025,True
1785948972.61,64633.33,8e-05,True
1785948972.61,64633.33,0.0042,True
1785948972.61,64633.33,0.06153,True
1785948972.61,64633.33,8e-05,True
1785948972.61,64633.33,0.01,True
1785948972.61,64633.33,0.0001,True
1785948972.61,64633.33,0.00016,True
1785948972.61,64633.33,8e-05,True
1785948972.61,64633.33,8e-05,True
1785948972.61,64633.33,9e-05,True
1785948972.61,64633.33,0.00069,True
1785948972.61,64633.33,8e-05,True
1785948972.61,64633.33,8e-05,True
1785948972.61,64633.33,8e-05,True
1785948972.61,64633.33,8e-05,True
1785948972.61,64633.32,9e-05,True
1785948972.61,64633.32,9e-05,True
1785948972.61,64633.32,8e-05,True
1785948972.61,64633.32,8e-05,True
1785948972.61,64633.32,8e-05,True
1785948972.61,64633.32,8e-05,True
1785948972.61,64633.32,8e-05,True
1785948972.61,64633.32,8e-05,True
1785948972.61,64633.32,8e-05,True
1785948972.61,64633.32,8e-05,True
1785948972.61,64633.32,0.00016,True
1785948972.61,64633.31,0.00016,True
1785948972.61,64633.25,8e-05,True
1785948972.61,64633.25,8e-05,True
1785948972.61,64632.59,9e-05,True
1785948972.61,64632.59,9e-05,True
1785948972.61,64632.59,9e-05,True
1785948972.61,64632.58,0.01718,True
1785948972.61,64632.58,9e-05,True
1785948972.61,64632.58,9e-05,True
1785948972.61,64632.34,0.00598,True
1785948972.61,64632.34,9e-05,True
1785948972.61,64632.34,9e-05,True
1785948972.61,64632.29,8e-05,True
1785948972.61,64632.06,9e-05,True
1785948972.61,64632.06,9e-05,True
1785948972.61,64632.06,9e-05,True
1785948972.61,64632.05,0.03052,True
1785948972.61,64632.05,9e-05,True
1785948972.61,64632.05,9e-05,True
1785948972.61,64632.04,0.00386,True
1785948972.61,64632.01,9e-05,True
1785948972.61,64632.01,9e-05,True
1785948972.61,64632.01,9e-05,True
1785948972.61,64632.0,0.006,True
1785948972.61,64632.0,0.007,True
1785948972.61,64632.0,8e-05,True
1785948972.61,64632.0,0.00023,True
1785948972.61,64632.0,0.005,True
1785948972.61,64632.0,0.008,True
1785948972.61,64632.0,0.00077,True
1785948972.61,64632.0,9e-05,True
1785948972.61,64632.0,9e-05,True
1785948972.61,64631.99,8e-05,True
1785948972.61,64631.99,0.00016,True
1785948972.61,64631.99,8e-05,True
1785948972.61,64631.65,8e-05,True
1785948972.61,64631.37,8e-05,True
1785948972.61,64631.16,8e-05,True
1785948972.61,64631.16,8e-05,True
1785948972.61,64631.16,8e-05,True
1785948972.61,64631.16,8e-05,True
1785948972.61,64631.16,8e-05,True
1785948972.61,64631.15,8e-05,True
1785948972.61,64631.15,8e-05,True
1785948972.61,64631.15,8e-05,True
1785948972.61,64631.15,8e-05,True
1785948972.61,64631.15,8e-05,True
1785948972.61,64631.04,0.00748,True
1785948972.61,64631.04,9e-05,True
1785948972.61,64631.04,9e-05,True
1785948972.61,64630.86,0.00032,True
1785948972.61,64630.75,0.00309,True
1785948972.61,64630.67,0.00685,True
1785948972.61,64630.67,9e-05,True
1785948972.61,64630.67,9e-05,True
1785948972.61,64630.64,0.01212,True
1785948972.61,64630.64,9e-05,True
1785948972.61,64630.64,9e-05,True
1785948972.61,64630.22,0.00185,True
1785948972.61,64630.14,8e-05,True
1785948972.61,64630.14,8e-05,True
1785948972.61,64630.01,9e-05,True
1785948972.61,64630.01,9e-05,True
1785948972.61,64630.01,9e-05,True
1785948972.61,64630.0,0.006,True
1785948972.61,64630.0,0.008,True
1785948972.61,64630.0,0.007,True
1785948972.61,64630.0,0.005,True
1785948972.61,64630.0,0.00023,True
1785948972.61,64630.0,9e-05,True
1785948972.61,64630.0,9e-05,True
1785948972.61,64629.75,0.00898,True
1785948972.61,64629.46,0.00231,True
1785948972.61,64629.31,8e-05,True
1785948972.61,64628.87,9e-05,True
1785948972.61,64628.87,9e-05,True
1785948972.61,64628.87,9e-05,True
1785948972.61,64628.86,0.04235,True
1785948972.61,64628.75,0.01725,True
1785948972.61,64628.7,0.04093,True
1785948972.61,64628.65,0.01671,True
1785948972.61,64628.62,0.00047,True
1785948972.61,64628.49,0.00047,True
1785948972.61,64628.16,0.00154,True
1785948972.61,64628.0,0.006,True
1785948972.61,64628.0,0.008,True
1785948972.61,64628.0,0.007,True
1785948972.61,64628.0,0.005,True
1785948972.61,64627.96,8e-05,True
1785948972.61,64627.79,0.01264,True
1785948972.61,64627.54,9e-05,True
1785948972.61,64627.35,0.01548,True
1785948972.61,64627.24,8e-05,True
1785948972.61,64627.1,8e-05,True
1785948972.61,64627.07,0.00392,True
1785948972.61,64626.93,8e-05,True
1785948972.61,64626.93,8e-05,True
1785948972.61,64626.66,0.004,True
1785948972.61,64626.56,0.00048,True
1785948972.61,64626.15,0.0125,True
1785948972.61,64626.0,8e-05,True
1785948972.61,64626.0,0.005,True
1785948972.61,64626.0,0.006,True
1785948972.61,64626.0,0.008,True
1785948972.61,64626.0,0.007,True
1785948972.61,64625.99,8e-05,True
1785948972.61,64625.8,0.004,True
1785948972.61,64625.8,0.004,True
1785948972.61,64625.8,0.004,True
1785948972.61,64625.8,0.004,True
1785948972.61,64625.8,0.004,True
1785948972.61,64625.8,0.004,True
1785948972.61,64625.8,0.004,True
1785948972.61,64625.8,0.004,True
1785948972.61,64625.79,0.33793,True
1785948972.613,64625.8,0.00091,False
1785948972.628,64625.79,0.00045,True
1785948973.202,64625.8,0.00148,False
1785948974.115,64625.8,0.00213,False
1785948974.153,64625.8,0.0005,False
1785948974.222,64625.79,0.00012,True
1785948974.425,64625.79,0.00098,True
1785948974.868,64625.8,0.00015,False
1785948975.368,64625.8,0.00035,False
1785948975.446,64625.79,0.00092,True
1785948977.024,64625.79,0.00621,True
1785948977.455,64625.79,0.0005,True
1785948978.287,64625.8,0.00016,False
1785948978.348,64625.8,0.00186,False
1785948978.364,64625.8,0.00124,False
1785948978.373,64625.8,0.00016,False
1785948978.415,64625.8,0.00031,False
1785948978.447,64625.8,0.00031,False
1785948978.474,64625.8,0.00103,False
1785948978.674,64625.8,0.00078,False
1785948979.099,64625.8,0.00057,False
1785948979.146,64625.8,0.01238,False
1785948979.199,64625.8,0.00214,False
1785948979.215,64625.8,0.00013,False
1785948979.228,64625.79,0.00132,True
1785948979.298,64625.8,0.00012,False
1785948979.416,64625.8,0.00053,False
1785948979.436,64625.8,0.00155,False
1785948979.483,64625.8,0.00013,False
1785948979.515,64625.8,0.00024,False
1785948979.665,64625.8,0.00078,False
1785948979.675,64625.8,0.00372,False
1785948979.819,64625.8,0.00016,False
1785948979.847,64625.8,0.00078,False
1785948979.883,64625.8,0.00155,False
1785948980.015,64625.8,0.00047,False
1785948980.046,64625.8,0.00016,False
1785948980.049,64625.8,0.00012,False
1785948980.198,64625.79,0.01919,True
1785948980.215,64625.8,0.00031,False
1785948980.247,64625.8,0.00016,False
1785948980.262,64625.8,0.00024,False
1785948980.462,64625.8,0.0001,False
1785948980.564,64625.8,0.00016,False
1785948980.714,64625.8,0.00093,False
1785948980.748,64625.8,0.00016,False
1785948980.863,64625.8,0.00013,False
1785948980.905,64625.79,0.00077,True
1785948981.038,64625.8,0.00016,False
1785948981.082,64625.8,0.0005,False
1785948981.114,64625.8,0.00016,False
1785948981.483,64625.8,0.00155,False
1785948981.547,64625.8,0.0018,False
1785948982.114,64625.8,0.0007,False
1785948982.147,64625.8,0.00016,False
1785948982.315,64625.8,0.00202,False
1785948982.473,64625.8,0.00022,False
1785948982.482,64625.8,0.00016,False
1785948982.714,64625.8,0.00031,False
1785948982.873,64625.79,0.00444,True
1785948982.947,64625.8,0.00016,False
1785948983.113,64625.8,0.11282,False
1785948983.113,64625.8,8e-05,False
1785948983.113,64625.8,8e-05,False
1785948983.113,64625.8,0.00016,False
1785948983.113,64625.8,9e-05,False
1785948983.113,64625.8,8e-05,False
1785948983.113,64625.8,8e-05,False
1785948983.113,64625.8,8e-05,False
1785948983.113,64625.8,8e-05,False
1785948983.113,64625.8,0.04755,False
1785948983.113,64625.8,0.00773,False
1785948983.113,64625.8,0.00048,False
1785948983.113,64625.8,8e-05,False
1785948983.113,64625.8,8e-05,False
1785948983.113,64625.8,8e-05,False
1785948983.113,64625.8,8e-05,False
1785948983.113,64625.8,8e-05,False
1785948983.113,64625.8,9e-05,False
1785948983.113,64625.8,8e-05,False
1785948983.113,64625.8,8e-05,False
1785948983.113,64625.8,8e-05,False
1785948983.113,64625.8,8e-05,False
1785948983.113,64625.8,0.0043,False
1785948983.113,64625.8,0.40964,False
1785948983.115,64625.8,0.00016,False
1785948983.347,64625.8,0.00017,False
1785948983.349,64625.8,0.00016,False
1785948983.414,64625.8,0.00039,False
1785948983.447,64625.8,0.00124,False
1785948984.768,64625.8,9e-05,False
1785948984.768,64625.8,9e-05,False
1785948984.768,64625.8,9e-05,False
1785948984.768,64625.8,9e-05,False
1785948984.768,64625.8,8e-05,False
1785948984.768,64625.8,8e-05,False
1785948984.768,64625.8,9e-05,False
1785948984.768,64625.8,8e-05,False
1785948984.768,64625.8,8e-05,False
1785948984.768,64625.8,8e-05,False
1785948984.768,64625.8,0.00287,False
1785948985.406,64625.8,0.00033,False
1785948985.481,64625.8,0.00016,False
1785948985.481,64625.8,8e-05,False
1785948985.481,64625.8,9e-05,False
1785948985.481,64625.8,8e-05,False
1785948985.481,64625.8,8e-05,False
1785948985.481,64625.8,8e-05,False
1785948985.481,64625.8,8e-05,False
1785948985.481,64625.8,8e-05,False
1785948985.481,64625.8,8e-05,False
1785948985.481,64625.8,8e-05,False
1785948985.481,64625.8,8e-05,False
1785948985.481,64625.8,8e-05,False
1785948985.481,64625.8,9e-05,False
1785948985.481,64625.8,8e-05,False
1785948985.481,64625.8,9e-05,False
1785948985.481,64625.8,8e-05,False
1785948985.481,64625.8,9e-05,False
1785948985.481,64625.8,8e-05,False
1785948985.481,64625.8,8e-05,False
1785948985.481,64625.8,8e-05,False
1785948985.481,64625.8,8e-05,False
1785948985.481,64625.8,9e-05,False
1785948985.481,64625.8,8e-05,False
1785948985.481,64625.8,8e-05,False
1785948985.481,64625.8,8e-05,False
1785948985.481,64625.8,8e-05,False
1785948985.481,64625.8,8e-05,False
1785948985.481,64625.8,8e-05,False
1785948985.481,64625.81,9e-05,False
1785948985.481,64625.81,9e-05,False
1785948985.481,64625.81,0.00016,False
1785948985.481,64625.81,8e-05,False
1785948985.481,64625.81,8e-05,False
1785948985.481,64625.81,8e-05,False
1785948985.481,64625.81,8e-05,False
1785948985.481,64625.81,8e-05,False
1785948985.481,64625.81,8e-05,False
1785948985.481,64625.81,8e-05,False
1785948985.481,64625.81,8e-05,False
1785948985.481,64625.82,0.00016,False
1785948985.481,64626.19,0.0019,False
1785948985.481,64626.2,0.00476,False
1785948985.481,64626.5,8e-05,False
1785948985.481,64626.93,8e-05,False
1785948985.481,64627.33,8e-05,False
1785948985.481,64627.33,8e-05,False
1785948985.481,64627.36,8e-05,False
1785948985.481,64627.36,8e-05,False
1785948985.481,64627.36,8e-05,False
1785948985.481,64627.36,8e-05,False
1785948985.481,64627.36,8e-05,False
1785948985.481,64627.5,0.00396,False
1785948985.481,64627.8,8e-05,False
1785948985.481,64627.8,8e-05,False
1785948985.481,64627.99,9e-05,False
1785948985.481,64627.99,9e-05,False
1785948985.481,64627.99,9e-05,False
1785948985.486,64628.0,0.008,False
1785948985.486,64628.0,0.006,False
1785948985.486,64628.0,0.005,False
1785948985.486,64628.0,0.007,False
1785948985.486,64628.0,9e-05,False
1785948985.486,64628.0,9e-05,False
1785948985.486,64628.0,8e-05,False
1785948985.486,64628.0,8e-05,False
1785948985.486,64628.0,9e-05,False
1785948985.486,64628.0,9e-05,False
1785948985.486,64628.0,0.1589,False
1785948985.486,64628.0,8e-05,False
1785948985.486,64628.0,8e-05,False
1785948985.486,64628.0,8e-05,False
1785948985.486,64628.0,8e-05,False
1785948985.486,64628.0,8e-05,False
1785948985.486,64628.0,8e-05,False
1785948985.486,64628.0,8e-05,False
1785948985.486,64628.0,8e-05,False
1785948985.486,64628.0,8e-05,False
1785948985.486,64628.0,8e-05,False
1785948985.516,64628.0,8e-05,False
1785948985.516,64628.0,8e-05,False
1785948985.516,64628.0,8e-05,False
1785948985.516,64628.0,8e-05,False
1785948985.516,64628.0,9e-05,False
1785948985.516,64628.0,8e-05,False
1785948985.516,64628.0,9e-05,False
1785948985.516,64628.0,8e-05,False
1785948985.516,64628.0,8e-05,False
1785948985.516,64628.0,8e-05,False
1785948985.516,64628.0,9e-05,False
1785948985.516,64628.0,8e-05,False
1785948985.516,64628.0,8e-05,False
1785948985.516,64628.0,8e-05,False
1785948985.516,64628.0,9e-05,False
1785948985.516,64628.0,9e-05,False
1785948985.516,64628.0,0.0004,False
1785948985.556,64627.99,0.0005,True
1785948985.66,64628.0,8e-05,False
1785948985.66,64628.0,9e-05,False
1785948985.66,64628.0,9e-05,False
1785948985.66,64628.0,8e-05,False
1785948985.66,64628.0,9e-05,False
1785948985.66,64628.0,9e-05,False
1785948985.66,64628.0,8e-05,False
1785948985.66,64628.0,9e-05,False
1785948985.66,64628.0,0.1589,False
1785948985.66,64628.0,8e-05,False
1785948985.66,64628.0,8e-05,False
1785948985.66,64628.0,8e-05,False
1785948985.66,64628.0,8e-05,False
1785948985.66,64628.0,8e-05,False
1785948985.66,64628.01,9e-05,False
1785948985.66,64628.01,9e-05,False
1785948985.66,64628.01,8e-05,False
1785948985.66,64628.01,8e-05,False
1785948985.66,64628.01,8e-05,False
1785948985.66,64628.01,8e-05,False
1785948985.686,64628.43,9e-05,False
1785948985.686,64628.43,9e-05,False
1785948985.686,64628.43,8e-05,False
1785948985.686,64628.43,1e-05,False
1785948987.247,64628.42,0.00129,True
1785948987.479,64628.42,0.00032,True
1785948987.651,64628.42,0.00071,True
1785948988.875,64628.43,8e-05,False
1785948988.875,64628.43,8e-05,False
1785948988.875,64628.43,8e-05,False
1785948988.875,64628.43,9e-05,False
1785948988.875,64628.43,8e-05,False
1785948988.875,64628.43,9e-05,False
1785948990.252,64628.43,0.0007,False
1785948990.252,64628.43,8e-05,False
1785948990.252,64628.43,8e-05,False
1785948990.252,64628.43,8e-05,False
1785948990.252,64628.43,8e-05,False
1785948990.252,64628.43,0.00048,False
1785948990.252,64628.43,8e-05,False
1785948990.252,64628.43,0.00016,False
1785948990.252,64628.43,0.00198,False
1785948990.422,64628.42,0.00035,True
1785948990.649,64628.43,0.00032,False
1785948990.995,64628.43,0.0043,False
1785948990.995,64628.43,8e-05,False
1785948990.995,64628.43,8e-05,False
1785948990.995,64628.43,8e-05,False
1785948990.995,64628.43,8e-05,False
1785948990.995,64628.43,8e-05,False
1785948990.995,64628.43,8e-05,False
1785948990.995,64628.43,8e-05,False
1785948990.995,64628.43,8e-05,False
1785948990.995,64628.43,9e-05,False
1785948990.995,64628.43,9e-05,False
1785948990.995,64628.43,8e-05,False
1785948990.995,64628.43,8e-05,False
1785948990.995,64628.43,0.00017,False
1785948990.995,64628.43,9e-05,False
1785948990.995,64628.43,9e-05,False
1785948990.995,64628.43,8e-05,False
1785948990.995,64628.43,8e-05,False
1785948990.995,64628.43,8e-05,False
1785948990.995,64628.43,0.00016,False
1785948990.995,64628.43,8e-05,False
1785948990.995,64628.43,8e-05,False
1785948990.995,64628.43,8e-05,False
1785948990.995,64628.43,8e-05,False
1785948990.995,64628.43,9e-05,False
1785948990.995,64628.43,8e-05,False
1785948990.995,64628.43,8e-05,False
1785948990.995,64628.43,8e-05,False
1785948990.995,64628.43,8e-05,False
1785948990.995,64628.43,8e-05,False
1785948990.995,64628.44,9e-05,False
1785948990.995,64628.44,9e-05,False
1785948990.995,64628.44,8e-05,False
1785948990.995,64628.44,8e-05,False
1785948990.995,64628.44,8e-05,False
1785948990.995,64628.44,8e-05,False
1785948990.995,64628.44,8e-05,False
1785948990.995,64628.44,0.00016,False
1785948990.995,64628.44,8e-05,False
1785948990.995,64628.44,8e-05,False
1785948990.995,64628.45,0.00016,False
1785948990.995,64628.45,0.00017,False
1785948990.995,64628.53,0.00133,False
1785948990.995,64628.54,0.00469,False
1785948990.995,64629.07,8e-05,False
1785948990.995,64629.84,0.00391,False
1785948990.995,64629.91,8e-05,False
1785948990.995,64629.91,8e-05,False
1785948990.995,64629.99,9e-05,False
1785948990.995,64629.99,9e-05,False
1785948990.995,64629.99,9e-05,False
1785948990.995,64630.0,0.008,False
1785948990.995,64630.0,0.006,False
1785948990.995,64630.0,0.005,False
1785948990.995,64630.0,0.007,False
1785948990.995,64630.0,9e-05,False
1785948990.995,64630.0,9e-05,False
1785948990.995,64630.14,8e-05,False
1785948990.995,64630.36,8e-05,False
1785948990.995,64630.72,9e-05,False
1785948990.995,64630.72,9e-05,False
1785948990.995,64630.72,9e-05,False
1785948991.218,64630.73,8e-05,False
1785948991.218,64630.73,8e-05,False
1785948991.218,64630.73,9e-05,False
1785948991.218,64630.73,8e-05,False
1785948991.218,64630.73,8e-05,False
1785948991.218,64630.73,0.0025,False
1785948991.218,64630.73,9e-05,False
1785948991.218,64630.73,8e-05,False
1785948991.218,64630.73,8e-05,False
1785948991.218,64630.73,0.00316,False
1785948991.526,64630.73,0.05201,False
1785948991.975,64630.72,0.00055,True
1785948992.271,64630.72,0.0005,True
1785948992.672,64630.73,0.00696,False
1785948993.864,64630.72,0.12017,True
1785948993.864,64630.72,0.12286,True
1785948993.864,64630.72,8e-05,True
1785948993.864,64630.72,8e-05,True
1785948993.864,64630.72,9e-05,True
1785948993.864,64630.72,8e-05,True
1785948993.864,64630.72,0.45253,True
1785948993.864,64630.72,0.00016,True
1785948993.864,64630.72,0.00142,True
1785948993.864,64630.72,0.04237,True
1785948993.864,64630.72,8e-05,True
1785948993.864,64630.72,8e-05,True
1785948993.864,64630.72,8e-05,True
1785948993.864,64630.72,8e-05,True
1785948993.864,64630.72,8e-05,True
1785948993.864,64630.72,8e-05,True
1785948993.864,64630.72,8e-05,True
1785948993.864,64630.72,8e-05,True
1785948993.864,64630.72,9e-05,True
1785948993.864,64630.72,8e-05,True
1785948993.864,64630.72,9e-05,True
1785948993.864,64630.72,8e-05,True
1785948993.864,64630.72,8e-05,True
1785948993.864,64630.72,8e-05,True
1785948993.864,64630.72,8e-05,True
1785948993.864,64630.72,0.00773,True
1785948993.864,64630.72,8e-05,True
1785948993.864,64630.72,9e-05,True
1785948993.864,64630.72,9e-05,True
1785948993.864,64630.72,0.01,True
1785948993.864,64630.72,8e-05,True
1785948993.864,64630.72,0.00047,True
1785948993.864,64630.72,0.0007,True
1785948993.864,64630.72,0.00048,True
1785948993.864,64630.72,0.00048,True
1785948993.864,64630.72,0.00192,True
1785948993.864,64630.72,8e-05,True
1785948993.864,64630.72,8e-05,True
1785948993.864,64630.72,8e-05,True
1785948993.864,64630.72,8e-05,True
1785948993.864,64630.72,8e-05,True
1785948993.864,64630.72,9e-05,True
1785948993.864,64630.72,8e-05,True
1785948993.864,64630.72,0.01716,True
1785948993.864,64630.72,0.01249,True
1785948993.864,64630.72,8e-05,True
1785948993.864,64630.72,0.0001,True
1785948993.864,64630.72,8e-05,True
1785948993.864,64630.72,0.007,True
1785948993.864,64630.72,8e-05,True
1785948993.864,64630.72,8e-05,True
1785948993.864,64630.72,9e-05,True
1785948993.864,64630.72,8e-05,True
1785948993.864,64630.72,8e-05,True
1785948993.864,64630.72,8e-05,True
1785948993.864,64630.72,8e-05,True
1785948993.864,64630.72,8e-05,True
1785948993.864,64630.72,8e-05,True
1785948993.864,64630.72,8e-05,True
1785948993.864,64630.72,8e-05,True
1785948993.864,64630.72,8e-05,True
1785948993.864,64630.72,8e-05,True
1785948993.864,64630.72,8e-05,True
1785948993.865,64630.71,9e-05,True
1785948993.865,64630.71,9e-05,True
1785948993.865,64630.71,0.00016,True
1785948993.865,64630.71,8e-05,True
1785948993.865,64630.71,8e-05,True
1785948993.865,64630.71,8e-05,True
1785948993.865,64630.71,8e-05,True
1785948993.865,64630.71,8e-05,True
1785948993.865,64630.71,8e-05,True
1785948993.865,64630.71,8e-05,True
1785948993.865,64630.71,8e-05,True
1785948993.865,64630.71,8e-05,True
1785948993.865,64630.71,8e-05,True
1785948993.865,64630.71,8e-05,True
1785948993.865,64630.71,9e-05,True
1785948993.865,64630.71,9e-05,True
1785948993.865,64630.71,8e-05,True
1785948993.865,64630.71,8e-05,True
1785948993.865,64630.71,8e-05,True
1785948993.865,64630.71,8e-05,True
1785948993.865,64630.71,8e-05,True
1785948993.865,64630.7,0.00016,True
1785948993.865,64630.14,8e-05,True
1785948993.865,64630.08,0.00465,True
1785948993.865,64629.85,9e-05,True
1785948993.865,64629.85,9e-05,True
1785948993.865,64629.85,9e-05,True
1785948993.865,64629.84,9e-05,True
1785948993.865,64629.84,9e-05,True
1785948993.865,64629.84,9e-05,True
1785948993.865,64629.84,9e-05,True
1785948993.865,64629.84,9e-05,True
1785948993.865,64629.83,8e-05,True
1785948993.865,64629.83,9e-05,True
1785948993.865,64629.83,9e-05,True
1785948993.865,64629.83,8e-05,True
1785948993.865,64628.79,0.00387,True
1785948993.865,64628.46,9e-05,True
1785948993.865,64628.46,9e-05,True
1785948993.865,64628.46,9e-05,True
1785948993.865,64628.45,9e-05,True
1785948993.865,64628.45,9e-05,True
1785948993.865,64628.44,9e-05,True
1785948993.865,64628.44,9e-05,True
1785948993.865,64628.44,9e-05,True
1785948993.865,64628.43,0.00023,True
1785948993.865,64628.43,9e-05,True
1785948993.865,64628.43,9e-05,True
1785948993.865,64628.43,9e-05,True
1785948993.866,64628.42,8e-05,True
1785948993.866,64628.42,0.01992,True
1785948993.866,64628.42,8e-05,True
1785948993.866,64628.42,9e-05,True
1785948993.866,64628.42,9e-05,True
1785948993.866,64628.42,8e-05,True
1785948993.866,64628.1,0.00966,True
1785948993.866,64628.1,0.00582,True
1785948993.867,64628.0,8e-05,True
1785948993.867,64628.0,8e-05,True
1785948993.867,64628.0,8e-05,True
1785948993.867,64628.0,8e-05,True
1785948993.867,64628.0,8e-05,True
1785948993.867,64627.99,8e-05,True
1785948993.867,64627.99,8e-05,True
1785948993.867,64627.99,0.0122,True
1785948993.867,64627.99,8e-05,True
1785948993.867,64627.99,8e-05,True
1785948993.867,64627.99,8e-05,True
1785948993.867,64627.99,8e-05,True
1785948993.867,64627.99,8e-05,True
1785948993.867,64627.99,8e-05,True
1785948993.867,64627.99,8e-05,True
1785948993.867,64627.99,8e-05,True
1785948993.867,64627.99,8e-05,True
1785948993.867,64627.99,8e-05,True
1785948993.867,64627.99,8e-05,True
1785948993.867,64627.99,8e-05,True
1785948993.867,64627.99,8e-05,True
1785948993.867,64627.99,8e-05,True
1785948993.867,64627.99,8e-05,True
1785948993.867,64627.99,8e-05,True
1785948993.867,64627.99,8e-05,True
1785948993.867,64627.99,8e-05,True
1785948993.867,64627.5,0.0031,True
1785948993.867,64627.24,8e-05,True
1785948993.867,64626.93,8e-05,True
1785948993.867,64626.21,0.00232,True
1785948993.867,64626.0,0.008,True
1785948993.867,64626.0,0.006,True
1785948993.867,64626.0,0.005,True
1785948993.867,64626.0,0.00122,True
1785948993.867,64626.0,0.00578,True
1785948993.867,64626.0,8e-05,True
1785948993.867,64625.83,8e-05,True
1785948993.867,64625.83,8e-05,True
1785948993.867,64625.83,8e-05,True
1785948993.867,64625.83,8e-05,True
1785948993.867,64625.83,8e-05,True
1785948993.867,64625.79,8e-05,True
1785948993.867,64625.79,0.01218,True
1785948993.867,64625.79,0.00084,True
1785948993.867,64625.79,0.00016,True
1785948993.867,64625.79,8e-05,True
1785948993.867,64625.79,8e-05,True
1785948993.867,64625.79,8e-05,True
1785948993.867,64625.79,8e-05,True
1785948993.867,64625.79,8e-05,True
1785948993.867,64625.79,8e-05,True
1785948993.867,64625.79,8e-05,True
1785948993.867,64625.79,8e-05,True
1785948993.867,64625.79,8e-05,True
1785948993.867,64625.78,8e-05,True
1785948993.867,64625.78,8e-05,True
1785948993.867,64625.78,8e-05,True
1785948993.867,64625.78,8e-05,True
1785948993.867,64625.78,8e-05,True
1785948993.867,64625.77,8e-05,True
1785948993.867,64625.77,8e-05,True
1785948993.867,64625.77,8e-05,True
1785948993.867,64625.77,8e-05,True
1785948993.867,64625.77,8e-05,True
1785948993.867,64625.43,0.00023,True
1785948993.867,64625.42,0.01681,True
1785948993.867,64625.17,8e-05,True
1785948993.867,64625.11,0.01671,True
1785948993.867,64625.11,0.00185,True
1785948993.867,64625.09,0.00016,True
1785948993.867,64624.94,0.00019,True
1785948993.867,64624.91,0.00155,True
1785948993.867,64624.68,8e-05,True
1785948993.867,64624.68,8e-05,True
1785948993.867,64624.4,0.02122,True
1785948993.878,64624.4,0.02,True
1785948995.369,64624.4,8e-05,True
1785948995.369,64624.4,0.00024,True
1785948996.602,64624.4,0.0004,True
1785948996.736,64624.41,8e-05,False
1785948996.736,64624.41,9e-05,False
1785948996.736,64624.41,8e-05,False
1785948996.736,64624.41,0.00175,False
1785948996.738,64624.4,0.00043,True
1785948996.861,64624.41,0.00016,False
1785948996.861,64624.41,8e-05,False
1785948996.861,64624.41,8e-05,False
1785948996.861,64624.41,8e-05,False
1785948996.861,64624.41,8e-05,False
1785948996.861,64624.41,8e-05,False
1785948996.861,64624.41,8e-05,False
1785948996.861,64624.41,0.00672,False
1785948996.864,64624.41,0.00101,False
1785948996.864,64624.41,8e-05,False
1785948996.864,64624.41,0.0007,False
1785948996.864,64624.41,0.00048,False
1785948996.864,64624.41,8e-05,False
1785948996.864,64624.41,9e-05,False
1785948996.864,64624.41,0.00017,False
1785948996.864,64624.41,8e-05,False
1785948996.864,64624.41,9e-05,False
1785948996.864,64624.41,9e-05,False
1785948996.864,64624.41,8e-05,False
1785948996.864,64624.41,8e-05,False
1785948996.864,64624.41,8e-05,False
1785948996.864,64624.41,8e-05,False
1785948996.864,64624.41,8e-05,False
1785948996.864,64624.41,8e-05,False
1785948996.864,64624.41,8e-05,False
1785948996.864,64624.41,8e-05,False
1785948996.864,64624.41,8e-05,False
1785948996.864,64624.41,8e-05,False
1785948996.864,64624.41,8e-05,False
1785948996.864,64624.41,8e-05,False
1785948996.864,64624.41,8e-05,False
1785948996.864,64624.41,8e-05,False
1785948996.864,64624.41,8e-05,False
1785948996.864,64624.41,8e-05,False
1785948996.864,64624.41,8e-05,False
1785948996.864,64624.41,8e-05,False
1785948996.864,64624.41,8e-05,False
1785948996.864,64624.41,8e-05,False
1785948996.864,64624.41,8e-05,False
1785948996.864,64624.41,8e-05,False
1785948996.864,64624.41,8e-05,False
1785948996.864,64624.42,0.00016,False
1785948996.864,64624.42,8e-05,False
1785948996.864,64624.42,8e-05,False
1785948996.864,64624.42,8e-05,False
1785948996.864,64624.43,0.00016,False
1785948996.864,64624.84,0.00341,False
1785948996.869,64624.84,0.00133,False
1785948996.869,64624.84,8e-05,False
1785948996.869,64624.84,9e-05,False
1785948996.869,64624.84,9e-05,False
1785948996.869,64624.84,8e-05,False
1785948996.869,64624.84,8e-05,False
1785948996.869,64624.84,8e-05,False
1785948996.869,64624.84,8e-05,False
1785948996.869,64624.84,8e-05,False
1785948996.869,64624.84,8e-05,False
1785948996.869,64624.84,8e-05,False
1785948996.869,64624.84,8e-05,False
1785948996.869,64624.84,8e-05,False
1785948996.869,64624.84,8e-05,False
1785948996.869,64624.84,8e-05,False
1785948996.869,64624.84,8e-05,False
1785948996.869,64624.84,8e-05,False
1785948996.869,64624.84,8e-05,False
1785948996.869,64624.85,8e-05,False
1785948996.869,64624.85,8e-05,False
1785948996.869,64624.85,8e-05,False
1785948996.869,64624.85,8e-05,False
1785948996.869,64624.85,8e-05,False
1785948996.869,64624.85,8e-05,False
1785948996.869,64625.0,8e-05,False
1785948996.869,64625.0,8e-05,False
1785948996.875,64625.86,9e-05,False
1785948996.875,64625.86,9e-05,False
1785948996.875,64625.86,8e-05,False
1785948996.875,64625.86,0.003,False
1785948996.875,64625.86,0.003,False
1785948996.875,64625.86,0.003,False
1785948996.875,64625.86,0.003,False
1785948996.875,64625.86,0.003,False
1785948996.875,64625.86,0.003,False
1785948996.875,64625.86,0.003,False
1785948996.875,64625.86,0.003,False
1785948996.875,64625.86,0.003,False
1785948996.875,64625.86,0.003,False
1785948996.875,64625.86,0.003,False
1785948996.875,64625.86,0.003,False
1785948996.875,64625.86,0.003,False
1785948996.875,64625.86,0.003,False
1785948996.875,64625.86,0.003,False
1785948996.875,64625.86,8e-05,False
1785948996.875,64625.86,8e-05,False
1785948996.875,64625.86,0.003,False
1785948996.875,64625.86,0.003,False
1785948996.875,64625.86,8e-05,False
1785948996.875,64625.86,0.003,False
1785948996.875,64625.86,8e-05,False
1785948996.875,64625.86,0.003,False
1785948996.875,64625.86,8e-05,False
1785948996.875,64625.86,8e-05,False
1785948996.875,64625.86,8e-05,False
1785948996.875,64625.86,0.003,False
1785948996.875,64625.86,8e-05,False
1785948996.875,64625.86,8e-05,False
1785948996.875,64625.86,8e-05,False
1785948996.875,64625.86,8e-05,False
1785948996.875,64625.86,8e-05,False
1785948996.875,64625.86,8e-05,False
1785948996.875,64625.86,8e-05,False
1785948996.875,64625.86,0.003,False
1785948996.875,64625.86,8e-05,False
1785948996.875,64625.87,8e-05,False
1785948996.875,64625.87,8e-05,False
1785948996.875,64625.87,8e-05,False
1785948996.875,64625.87,8e-05,False
1785948996.875,64625.87,8e-05,False
1785948996.875,64625.87,8e-05,False
1785948996.875,64626.14,0.00395,False
1785948996.903,64626.93,8e-05,False
1785948996.903,64626.93,8e-05,False
1785948996.903,64626.93,9e-05,False
1785948996.903,64626.93,8e-05,False
1785948996.909,64626.93,1e-05,False
1785948996.909,64626.93,8e-05,False
1785948996.909,64626.93,8e-05,False
1785948996.909,64626.93,8e-05,False
1785948996.909,64626.93,8e-05,False
1785948996.909,64626.93,1e-05,False
1785948996.913,64626.93,7e-05,False
1785948996.913,64626.93,8e-05,False
1785948996.913,64626.93,8e-05,False
1785948996.913,64626.93,8e-05,False
1785948996.913,64626.93,4e-05,False
1785948996.913,64626.93,4e-05,False
1785948996.913,64626.93,8e-05,False
1785948996.913,64626.93,8e-05,False
1785948996.913,64626.93,9e-05,False
1785948996.913,64626.93,5e-05,False
1785948996.92,64626.93,3e-05,False
1785948996.92,64626.93,8e-05,False
1785948996.92,64626.93,8e-05,False
1785948996.92,64626.93,8e-05,False
1785948996.92,64626.93,5e-05,False
1785948996.921,64626.93,3e-05,False
1785948996.921,64626.93,8e-05,False
1785948996.921,64626.93,9e-05,False
1785948996.921,64626.93,8e-05,False
1785948996.921,64626.93,7e-05,False
1785948996.922,64626.93,1e-05,False
1785948996.922,64626.93,8e-05,False
1785948996.922,64626.93,8e-05,False
1785948996.922,64626.93,9e-05,False
1785948996.922,64626.93,8e-05,False
1785948996.922,64626.93,1e-05,False
1785948996.935,64626.93,8e-05,False
1785948996.935,64626.93,8e-05,False
1785948996.935,64626.93,8e-05,False
1785948996.935,64626.93,8e-05,False
1785948996.935,64626.93,3e-05,False
1785948996.959,64626.93,5e-05,False
1785948996.959,64626.93,8e-05,False
1785948996.959,64626.93,9e-05,False
1785948996.959,64626.93,8e-05,False
1785948996.959,64626.93,8e-05,False
1785948996.959,64626.93,8e-05,False
1785948996.959,64626.93,8e-05,False
1785948996.959,64626.93,8e-05,False
1785948996.959,64626.93,9e-05,False
1785948996.959,64626.93,8e-05,False
1785948996.959,64626.93,8e-05,False
1785948996.959,64626.93,9e-05,False
1785948996.959,64626.93,8e-05,False
1785948996.959,64626.93,8e-05,False
1785948996.959,64626.93,8e-05,False
1785948996.959,64626.93,8e-05,False
1785948996.959,64626.94,8e-05,False
1785948996.959,64626.94,8e-05,False
1785948996.959,64626.94,8e-05,False
1785948996.959,64626.94,8e-05,False
1785948996.959,64626.94,8e-05,False
1785948996.959,64626.94,8e-05,False
1785948996.959,64627.14,8e-05,False
1785948996.959,64627.43,0.00087,False
1785948997.049,64627.43,8e-05,False
1785948997.049,64627.43,9e-05,False
1785948997.049,64627.43,8e-05,False
1785948997.049,64627.43,8e-05,False
1785948997.049,64627.43,8e-05,False
1785948997.049,64627.43,8e-05,False
1785948997.049,64627.43,8e-05,False
1785948997.049,64627.43,8e-05,False
1785948997.049,64627.43,8e-05,False
1785948997.049,64627.43,8e-05,False
1785948997.049,64627.43,8e-05,False
1785948997.049,64627.43,8e-05,False
1785948997.049,64627.43,9e-05,False
1785948997.049,64627.43,9e-05,False
1785948997.049,64627.43,8e-05,False
1785948997.049,64627.43,8e-05,False
1785948997.049,64627.43,8e-05,False
1785948997.049,64627.44,8e-05,False
1785948997.049,64627.44,8e-05,False
1785948997.049,64627.44,8e-05,False
1785948997.049,64627.44,8e-05,False
1785948997.049,64627.44,8e-05,False
1785948997.049,64627.79,8e-05,False
1785948997.049,64628.47,8e-05,False
1785948997.049,64628.47,8e-05,False
1785948997.049,64628.79,8e-05,False
1785948997.049,64628.79,8e-05,False
1785948997.049,64629.3,8e-05,False
1785948997.049,64629.49,8e-05,False
1785948997.049,64629.49,8e-05,False
1785948997.049,64629.71,8e-05,False
1785948997.049,64629.99,9e-05,False
1785948997.049,64629.99,9e-05,False
1785948997.049,64629.99,9e-05,False
1785948997.049,64630.0,0.00422,False
1785948997.847,64630.0,0.0005,False
1785948997.851,64629.99,0.00046,True
1785948998.814,64630.0,0.00028,False
1785948998.814,64630.0,0.007,False
1785948998.814,64630.0,9e-05,False
1785948998.814,64630.0,8e-05,False
1785948998.814,64630.0,8e-05,False
1785948998.814,64630.0,8e-05,False
1785948998.814,64630.0,8e-05,False
1785948998.814,64630.0,8e-05,False
1785948998.814,64630.0,8e-05,False
1785948998.814,64630.0,8e-05,False
1785948998.814,64630.0,8e-05,False
1785948998.814,64630.0,0.003,False
1785948998.814,64630.0,0.003,False
1785948998.814,64630.0,0.003,False
1785948998.814,64630.0,8e-05,False
1785948998.814,64630.0,0.003,False
1785948998.814,64630.0,0.003,False
1785948998.814,64630.0,0.00012,False
1785948998.864,64630.0,0.00079,False
1785948999.425,64629.99,0.00927,True
1785948999.962,64630.0,0.00032,False
1785949000.351,64629.99,0.012,True
1785949000.549,64629.99,0.00109,True
1785949001.192,64629.99,0.00833,True
1785949001.21,64629.99,0.00078,True
1785949001.474,64629.99,0.00015,True
1785949001.802,64629.99,0.0005,True
1785949001.976,64629.99,0.0091,True
1785949003.213,64629.99,0.00032,True
1785949003.904,64630.0,0.00177,False
1785949003.904,64630.0,0.003,False
1785949003.904,64630.0,0.003,False
1785949003.904,64630.0,0.003,False
1785949003.904,64630.0,0.003,False
1785949003.904,64630.0,0.003,False
1785949003.904,64630.0,0.003,False
1785949003.904,64630.0,0.003,False
1785949003.904,64630.0,0.003,False
1785949003.904,64630.0,0.003,False
1785949003.904,64630.0,0.003,False
1785949003.904,64630.0,0.003,False
1785949003.904,64630.0,0.003,False
1785949003.904,64630.0,0.003,False
1785949003.904,64630.0,0.003,False
1785949003.904,64630.0,0.003,False
1785949003.904,64630.0,8e-05,False
1785949003.904,64630.0,0.022,False
1785949003.904,64630.0,8e-05,False
1785949003.904,64630.0,0.08879,False
1785949004.064,64630.0,0.04679,False
1785949004.699,64630.0,0.00047,False
1785949005.452,64630.0,0.01514,False
1785949005.72,64629.99,0.00031,True
1785949005.771,64630.0,0.0005,False
1785949005.981,64630.0,0.0003,False
1785949007.292,64630.0,0.02525,False
1785949008.552,64629.99,0.0011,True
1785949008.746,64630.0,0.00032,False
1785949010.084,64629.99,0.00097,True
1785949010.286,64630.0,0.00012,False
1785949010.614,64630.0,0.00018,False
1785949010.676,64629.99,0.0005,True
1785949010.988,64629.99,0.00032,True
1785949011.583,64629.99,0.00019,True
1785949011.996,64629.99,0.01459,True
1785949011.996,64629.99,8e-05,True
1785949011.996,64629.99,9e-05,True
1785949011.996,64629.99,0.00016,True
1785949011.996,64629.99,8e-05,True
1785949011.996,64629.99,0.04002,True
1785949011.996,64629.99,8e-05,True
1785949011.996,64629.99,8e-05,True
1785949011.996,64629.99,8e-05,True
1785949011.996,64629.99,8e-05,True
1785949011.996,64629.99,0.01,True
1785949011.996,64629.99,0.00325,True
1785949011.996,64629.99,0.01359,True
1785949011.996,64629.99,0.01,True
1785949011.996,64629.99,0.0001,True
1785949011.996,64629.99,8e-05,True
1785949011.996,64629.99,8e-05,True
1785949011.996,64629.99,8e-05,True
1785949011.996,64629.99,8e-05,True
1785949011.996,64629.99,8e-05,True
1785949011.996,64629.99,8e-05,True
1785949011.996,64629.99,8e-05,True
1785949011.996,64629.99,8e-05,True
1785949011.996,64629.99,8e-05,True
1785949011.996,64629.99,8e-05,True
1785949011.996,64629.99,8e-05,True
1785949011.996,64629.99,8e-05,True
1785949011.996,64629.99,0.0014,True
1785949011.996,64629.99,8e-05,True
1785949011.996,64629.99,8e-05,True
1785949011.996,64629.99,9e-05,True
1785949011.996,64629.99,9e-05,True
1785949011.996,64629.99,8e-05,True
1785949011.996,64629.99,8e-05,True
1785949011.996,64629.99,8e-05,True
1785949011.996,64629.99,0.00069,True
1785949011.996,64629.99,0.00047,True
1785949011.996,64629.99,0.10299,True
1785949011.996,64629.99,9e-05,True
1785949011.996,64629.99,0.00773,True
1785949011.996,64629.99,8e-05,True
1785949011.996,64629.99,8e-05,True
1785949011.996,64629.99,8e-05,True
1785949011.996,64629.99,8e-05,True
1785949011.996,64629.99,8e-05,True
1785949011.996,64629.99,8e-05,True
1785949011.996,64629.99,8e-05,True
1785949011.996,64629.99,8e-05,True
1785949011.997,64629.98,9e-05,True
1785949011.997,64629.98,9e-05,True
1785949011.997,64629.98,0.00016,True
1785949011.997,64629.98,8e-05,True
1785949011.997,64629.98,8e-05,True
1785949011.997,64629.98,8e-05,True
1785949011.997,64629.98,8e-05,True
1785949011.997,64629.98,8e-05,True
1785949011.997,64629.98,8e-05,True
1785949011.997,64629.98,8e-05,True
1785949011.997,64629.98,8e-05,True
1785949011.997,64629.97,0.00016,True
1785949011.998,64629.62,9e-05,True
1785949011.998,64629.62,9e-05,True
1785949011.998,64629.62,9e-05,True
1785949011.998,64629.61,0.01253,True
1785949011.998,64629.61,9e-05,True
1785949011.998,64629.61,9e-05,True
1785949011.998,64629.57,9e-05,True
1785949011.998,64629.57,9e-05,True
1785949011.998,64629.57,9e-05,True
1785949011.998,64629.56,0.01671,True
1785949011.998,64629.56,0.00185,True
1785949011.998,64629.56,9e-05,True
1785949011.998,64629.56,9e-05,True
1785949011.998,64629.49,8e-05,True
1785949011.998,64629.49,8e-05,True
1785949011.998,64629.49,8e-05,True
1785949011.998,64629.49,8e-05,True
1785949011.998,64629.49,8e-05,True
1785949011.998,64629.27,0.0046,True
1785949011.998,64628.94,9e-05,True
1785949011.998,64628.94,9e-05,True
1785949011.998,64628.94,9e-05,True
1785949011.998,64628.93,0.01548,True
1785949011.998,64628.93,9e-05,True
1785949011.998,64628.93,9e-05,True
1785949011.998,64628.47,9e-05,True
1785949011.998,64628.47,9e-05,True
1785949011.998,64628.47,9e-05,True
1785949011.998,64628.46,8e-05,True
1785949011.998,64628.46,8e-05,True
1785949011.998,64628.46,8e-05,True
1785949011.998,64628.46,9e-05,True
1785949011.998,64628.46,9e-05,True
1785949011.998,64628.46,8e-05,True
1785949011.998,64628.46,8e-05,True
1785949011.998,64628.46,8e-05,True
1785949011.998,64628.46,8e-05,True
1785949011.998,64628.46,8e-05,True
1785949011.998,64628.0,0.007,True
1785949011.998,64628.0,9e-05,True
1785949011.998,64628.0,9e-05,True
1785949011.998,64628.0,0.005,True
1785949011.998,64627.97,0.00383,True
1785949011.998,64627.64,0.01548,True
1785949011.998,64627.64,9e-05,True
1785949011.998,64627.64,9e-05,True
1785949011.998,64627.5,9e-05,True
1785949011.998,64627.49,9e-05,True
1785949011.998,64627.49,9e-05,True
1785949011.998,64627.49,9e-05,True
1785949011.998,64627.48,0.45254,True
1785949011.998,64627.48,9e-05,True
1785949011.998,64627.48,9e-05,True
1785949011.998,64627.43,8e-05,True
1785949011.998,64627.43,0.00023,True
1785949011.998,64627.43,8e-05,True
1785949011.998,64627.43,8e-05,True
1785949011.998,64627.43,8e-05,True
1785949011.998,64627.43,8e-05,True
1785949011.998,64627.42,8e-05,True
1785949011.998,64627.42,8e-05,True
1785949011.998,64626.93,8e-05,True
1785949011.998,64626.93,0.00023,True
1785949011.998,64626.92,8e-05,True
1785949011.998,64626.92,8e-05,True
1785949011.998,64626.92,0.0121,True
1785949011.998,64626.92,8e-05,True
1785949011.998,64626.92,8e-05,True
1785949011.998,64626.92,8e-05,True
1785949011.998,64626.92,8e-05,True
1785949011.998,64626.92,8e-05,True
1785949011.998,64626.92,8e-05,True
1785949011.998,64626.92,8e-05,True
1785949011.998,64626.92,8e-05,True
1785949011.998,64626.68,0.00307,True
1785949011.998,64626.56,8e-05,True
1785949011.998,64626.56,8e-05,True
1785949011.998,64626.56,8e-05,True
1785949011.998,64626.56,8e-05,True
1785949011.998,64626.56,8e-05,True
1785949011.998,64626.35,0.01548,True
1785949011.998,64626.0,8e-05,True
1785949011.998,64626.0,0.005,True
1785949011.998,64626.0,0.007,True
1785949011.998,64626.0,0.00792,True
1785949011.998,64626.0,8e-05,True
1785949011.998,64626.0,0.006,True
1785949011.998,64625.85,8e-05,True
1785949011.998,64625.85,0.3,True
1785949011.998,64625.85,8e-05,True
1785949011.998,64625.85,8e-05,True
1785949011.998,64625.85,8e-05,True
1785949011.998,64625.85,8e-05,True
1785949011.998,64625.85,8e-05,True
1785949011.998,64625.85,8e-05,True
1785949011.998,64625.85,8e-05,True
1785949011.998,64625.85,8e-05,True
1785949011.998,64625.85,8e-05,True
1785949011.998,64625.8,0.00077,True
1785949011.998,64625.39,0.0023,True
1785949011.998,64625.3,8e-05,True
1785949011.998,64625.3,8e-05,True
1785949011.998,64625.29,8e-05,True
1785949011.998,64625.29,0.3,True
1785949011.998,64625.29,0.01718,True
1785949011.998,64625.29,0.01214,True
1785949011.998,64625.29,8e-05,True
1785949011.998,64625.29,8e-05,True
1785949011.998,64625.29,8e-05,True
1785949011.998,64625.29,8e-05,True
1785949011.998,64625.29,8e-05,True
1785949011.998,64625.29,8e-05,True
1785949011.998,64625.17,8e-05,True
1785949011.998,64624.86,8e-05,True
1785949011.998,64624.86,8e-05,True
1785949011.998,64624.86,8e-05,True
1785949011.998,64624.86,8e-05,True
1785949011.998,64624.86,8e-05,True
1785949011.998,64624.83,8e-05,True
1785949011.998,64624.83,0.00992,True
1785949011.998,64624.83,0.08,True
1785949012.0,64624.83,8e-05,True
1785949012.0,64624.83,8e-05,True
1785949012.0,64624.83,8e-05,True
1785949012.0,64624.83,8e-05,True
1785949012.0,64624.41,0.00023,True
1785949012.0,64624.4,0.00017,True
1785949012.0,64624.31,0.00016,True
1785949012.0,64624.09,0.00153,True
1785949012.0,64624.0,0.01692,True
1785949012.0,64624.0,0.005,True
1785949012.0,64624.0,0.007,True
1785949012.0,64624.0,0.008,True
1785949012.0,64624.0,0.006,True
1785949012.0,64623.72,8e-05,True
1785949012.0,64623.64,0.01231,True
1785949012.0,64623.53,9e-05,True
1785949012.0,64623.24,0.00012,True
1785949012.0,64623.1,8e-05,True
1785949012.0,64622.72,0.00048,True
1785949012.0,64622.54,0.0021,True
1785949012.0,64622.51,0.00049,True
1785949012.0,64622.23,0.00651,True
1785949012.0,64622.0,0.006,True
1785949012.0,64622.0,0.008,True
1785949012.0,64622.0,0.007,True
1785949012.0,64622.0,0.005,True
1785949012.0,64621.92,8e-05,True
1785949012.0,64621.92,0.00047,True
1785949012.0,64621.71,0.01209,True
1785949012.0,64621.69,0.01703,True
1785949012.0,64621.51,0.026,True
1785949012.0,64621.49,0.024,True
1785949012.001,64621.14,0.00061,True
1785949012.001,64621.14,0.00189,True
1785949012.001,64621.03,8e-05,True
1785949012.001,64620.86,0.024,True
1785949012.001,64620.86,0.01342,True
1785949012.007,64620.85,8e-05,True
1785949012.007,64620.85,8e-05,True
1785949012.007,64620.85,8e-05,True
1785949012.007,64620.85,8e-05,True
1785949012.007,64620.85,8e-05,True
1785949012.007,64620.85,8e-05,True
1785949012.007,64620.85,8e-05,True
1785949012.007,64620.85,8e-05,True
1785949012.007,64620.85,8e-05,True
1785949012.007,64620.85,8e-05,True
1785949012.007,64620.85,8e-05,True
1785949012.007,64620.85,8e-05,True
1785949012.007,64620.85,8e-05,True
1785949012.007,64620.85,8e-05,True
1785949012.007,64620.85,8e-05,True
1785949012.007,64620.85,8e-05,True
1785949012.007,64620.85,8e-05,True
1785949012.007,64620.85,8e-05,True
1785949012.007,64620.85,8e-05,True
1785949012.007,64620.85,8e-05,True
1785949012.007,64620.85,8e-05,True
1785949012.007,64620.85,8e-05,True
1785949012.007,64620.85,8e-05,True
1785949012.007,64620.85,8e-05,True
1785949012.007,64620.85,8e-05,True
1785949012.007,64620.85,8e-05,True
1785949012.007,64620.85,8e-05,True
1785949012.007,64620.85,8e-05,True
1785949012.007,64620.85,8e-05,True
1785949012.007,64620.85,8e-05,True
1785949012.007,64620.85,8e-05,True
1785949012.007,64620.85,8e-05,True
1785949012.007,64620.85,8e-05,True
1785949012.007,64620.85,8e-05,True
1785949012.007,64620.85,8e-05,True
1785949012.007,64620.85,8e-05,True
1785949012.007,64620.85,8e-05,True
1785949012.007,64620.85,8e-05,True
1785949012.007,64620.85,8e-05,True
1785949012.007,64620.85,8e-05,True
1785949012.007,64620.85,8e-05,True
1785949012.007,64620.85,8e-05,True
1785949012.007,64620.85,8e-05,True
1785949012.007,64620.85,8e-05,True
1785949012.007,64620.85,8e-05,True
1785949012.007,64620.85,8e-05,True
1785949012.007,64620.85,8e-05,True
1785949012.007,64620.85,8e-05,True
1785949012.007,64620.85,8e-05,True
1785949012.007,64620.85,8e-05,True
1785949012.007,64620.85,8e-05,True
1785949012.007,64620.85,8e-05,True
1785949012.007,64620.85,8e-05,True
1785949012.007,64620.85,8e-05,True
1785949012.007,64620.51,8e-05,True
1785949012.007,64620.14,0.00786,True
1785949012.007,64620.13,0.00123,True
1785949012.007,64620.0,0.008,True
1785949012.007,64620.0,0.005,True
1785949012.007,64620.0,0.007,True
1785949012.007,64620.0,0.006,True
1785949012.007,64620.0,0.01,True
1785949012.007,64620.0,8e-05,True
1785949012.007,64620.0,0.03043,True
1785949012.007,64620.0,0.12417,True
1785949012.009,64619.79,0.04,True
1785949012.023,64619.84,0.003,True
1785949012.077,64619.85,0.00156,False
1785949012.286,64619.85,0.06597,False
1785949012.286,64619.85,0.06753,False
1785949012.286,64619.85,0.03195,False
1785949012.286,64619.85,0.0015,False
1785949012.286,64619.85,9e-05,False
1785949012.286,64619.85,8e-05,False
1785949012.286,64619.85,8e-05,False
1785949012.286,64619.85,0.00464,False
1785949012.286,64619.85,0.2032,False
1785949012.286,64619.85,0.22532,False
1785949013.215,64619.84,0.14573,True
1785949013.473,64619.84,0.01317,True
1785949013.473,64619.84,9e-05,True
1785949013.473,64619.84,8e-05,True
1785949013.473,64619.84,8e-05,True
1785949013.473,64619.84,8e-05,True
1785949013.473,64619.84,0.10377,True
1785949013.792,64619.84,0.00107,True
1785949014.348,64619.85,8e-05,False
1785949014.348,64619.85,0.00023,False
1785949015.274,64619.84,8e-05,True
1785949015.274,64619.84,0.00016,True
1785949015.274,64619.84,8e-05,True
1785949015.274,64619.84,8e-05,True
1785949015.274,64619.84,8e-05,True
1785949015.274,64619.84,0.01027,True
1785949015.967,64619.85,0.00017,False
1785949016.711,64619.85,0.00115,False
1785949020.2,64619.84,0.00039,True
1785949022.026,64619.85,0.0005,False
1785949022.248,64619.85,0.00139,False
1785949022.514,64619.84,0.0002,True
1785949022.731,64619.84,0.00515,True
1785949023.25,64619.85,0.00156,False
1785949023.813,64619.85,8e-05,False
1785949023.813,64619.85,8e-05,False
1785949023.813,64619.85,0.00016,False
1785949023.813,64619.85,8e-05,False
1785949023.813,64619.85,0.00773,False
1785949023.813,64619.85,8e-05,False
1785949023.813,64619.85,8e-05,False
1785949023.813,64619.85,0.00016,False
1785949023.813,64619.85,0.00047,False
1785949023.813,64619.85,0.00048,False
1785949023.813,64619.85,0.00191,False
1785949023.813,64619.85,0.0007,False
1785949023.813,64619.85,0.00047,False
1785949023.813,64619.85,9e-05,False
1785949023.813,64619.85,8e-05,False
1785949023.813,64619.85,0.00365,False
1785949023.819,64619.85,0.00135,False
1785949023.819,64619.85,8e-05,False
1785949023.819,64619.85,9e-05,False
1785949023.819,64619.85,8e-05,False
1785949023.819,64619.85,8e-05,False
1785949023.819,64619.85,8e-05,False
1785949023.819,64619.85,8e-05,False
1785949023.819,64619.85,0.00112,False
1785949023.819,64619.85,8e-05,False
1785949023.819,64619.85,8e-05,False
1785949023.819,64619.85,8e-05,False
1785949023.819,64619.85,8e-05,False
1785949023.819,64619.85,0.00196,False
1785949023.819,64619.85,8e-05,False
1785949023.819,64619.85,8e-05,False
1785949023.819,64619.85,0.00016,False
1785949023.819,64619.85,9e-05,False
1785949023.819,64619.85,9e-05,False
1785949023.819,64619.85,8e-05,False
1785949023.819,64619.85,8e-05,False
1785949023.819,64619.85,0.00017,False
1785949023.819,64619.85,8e-05,False
1785949023.819,64619.85,0.00017,False
1785949023.819,64619.85,0.00208,False
1785949023.821,64619.85,8e-05,False
1785949023.821,64619.85,8e-05,False
1785949023.821,64619.85,8e-05,False
1785949023.821,64619.85,8e-05,False
1785949023.821,64619.85,8e-05,False
1785949023.821,64619.85,8e-05,False
1785949023.821,64619.85,9e-05,False
1785949023.821,64619.85,8e-05,False
1785949023.821,64619.85,9e-05,False
1785949023.821,64619.85,9e-05,False
1785949023.821,64619.85,0.00016,False
1785949023.821,64619.85,8e-05,False
1785949023.821,64619.85,8e-05,False
1785949023.821,64619.85,8e-05,False
1785949023.821,64619.85,8e-05,False
1785949023.821,64619.85,8e-05,False
1785949023.821,64619.85,8e-05,False
1785949023.821,64619.85,8e-05,False
1785949023.821,64619.85,8e-05,False
1785949023.821,64619.85,8e-05,False
1785949023.821,64619.86,0.00016,False
1785949023.821,64619.86,8e-05,False
1785949023.821,64619.86,8e-05,False
1785949023.821,64619.86,8e-05,False
1785949023.821,64619.86,8e-05,False
1785949023.821,64619.86,8e-05,False
1785949023.821,64619.86,8e-05,False
1785949023.821,64619.86,8e-05,False
1785949023.821,64619.87,0.00016,False
1785949023.821,64619.95,0.00127,False
1785949023.825,64619.95,0.0004,False
1785949023.83,64619.95,0.00902,False
1785949023.83,64619.95,9e-05,False
1785949023.83,64619.95,9e-05,False
1785949023.83,64619.95,8e-05,False
1785949023.83,64619.95,8e-05,False
1785949023.83,64619.95,8e-05,False
1785949023.83,64619.95,8e-05,False
1785949023.83,64619.95,8e-05,False
1785949023.83,64619.95,8e-05,False
1785949023.83,64619.95,8e-05,False
1785949023.83,64619.95,8e-05,False
1785949023.83,64619.95,8e-05,False
1785949023.83,64619.95,8e-05,False
1785949023.83,64619.95,8e-05,False
1785949023.83,64619.95,8e-05,False
1785949023.83,64619.95,8e-05,False
1785949023.83,64619.95,8e-05,False
1785949023.83,64619.95,8e-05,False
1785949023.83,64619.95,8e-05,False
1785949023.83,64619.96,8e-05,False
1785949023.83,64619.96,8e-05,False
1785949023.83,64619.96,8e-05,False
1785949023.83,64619.96,8e-05,False
1785949023.83,64619.96,8e-05,False
1785949023.83,64619.96,8e-05,False
1785949023.83,64619.96,8e-05,False
1785949023.83,64619.97,8e-05,False
1785949023.83,64619.97,8e-05,False
1785949023.83,64619.97,8e-05,False
1785949023.83,64619.97,8e-05,False
1785949023.83,64619.97,8e-05,False
1785949023.83,64619.97,8e-05,False
1785949023.83,64619.97,8e-05,False
1785949023.83,64619.99,9e-05,False
1785949023.83,64619.99,9e-05,False
1785949023.83,64619.99,9e-05,False
1785949023.83,64620.0,0.67583,False
1785949023.83,64620.0,8e-05,False
1785949023.83,64620.0,8e-05,False
1785949023.83,64620.0,8e-05,False
1785949023.83,64620.0,8e-05,False
1785949023.83,64620.0,8e-05,False
1785949023.83,64620.0,8e-05,False
1785949023.83,64620.19,0.00334,False
1785949023.83,64620.19,0.00145,False
1785949023.832,64620.51,8e-05,False
1785949023.832,64620.51,8e-05,False
1785949023.832,64620.51,9e-05,False
1785949023.832,64620.51,9e-05,False
1785949023.832,64620.51,8e-05,False
1785949023.832,64620.51,8e-05,False
1785949023.832,64620.72,8e-05,False
1785949023.832,64620.89,8e-05,False
1785949023.832,64620.89,8e-05,False
1785949023.832,64620.89,8e-05,False
1785949023.832,64620.89,8e-05,False
1785949023.832,64621.49,0.0013,False
1785949023.837,64621.49,0.00269,False
1785949023.837,64621.49,8e-05,False
1785949023.837,64621.49,9e-05,False
1785949023.837,64621.49,8e-05,False
1785949023.837,64621.49,8e-05,False
1785949023.837,64621.49,9e-05,False
1785949023.837,64621.49,8e-05,False
1785949023.837,64621.49,8e-05,False
1785949023.837,64621.49,8e-05,False
1785949023.837,64621.49,8e-05,False
1785949023.837,64621.49,8e-05,False
1785949023.837,64621.49,8e-05,False
1785949023.837,64621.49,8e-05,False
1785949023.837,64621.49,8e-05,False
1785949023.837,64621.49,8e-05,False
1785949023.837,64621.49,8e-05,False
1785949023.837,64621.49,8e-05,False
1785949023.837,64621.49,8e-05,False
1785949023.837,64621.5,8e-05,False
1785949023.837,64621.5,8e-05,False
1785949023.837,64621.99,9e-05,False
1785949023.837,64621.99,9e-05,False
1785949023.837,64621.99,9e-05,False
1785949023.84,64622.0,0.00327,False
1785949023.856,64622.0,0.00373,False
1785949023.856,64622.0,0.008,False
1785949023.856,64622.0,0.006,False
1785949023.856,64622.0,0.005,False
1785949023.856,64622.0,8e-05,False
1785949023.856,64622.0,8e-05,False
1785949023.856,64622.0,8e-05,False
1785949023.856,64622.0,9e-05,False
1785949023.856,64622.0,9e-05,False
1785949023.856,64622.0,8e-05,False
1785949023.856,64622.0,8e-05,False
1785949023.856,64622.0,8e-05,False
1785949023.856,64622.0,8e-05,False
1785949023.856,64622.0,8e-05,False
1785949023.856,64622.0,8e-05,False
1785949023.856,64622.0,8e-05,False
1785949023.856,64622.0,8e-05,False
1785949023.856,64622.0,8e-05,False
1785949023.856,64622.0,8e-05,False
1785949023.856,64622.0,8e-05,False
1785949023.856,64622.0,8e-05,False
1785949023.856,64622.0,8e-05,False
1785949023.856,64622.0,8e-05,False
1785949023.856,64622.0,8e-05,False
1785949023.856,64622.0,9e-05,False
1785949023.856,64622.0,8e-05,False
1785949023.856,64622.0,8e-05,False
1785949023.856,64622.0,8e-05,False
1785949023.856,64622.01,8e-05,False
1785949023.856,64622.01,8e-05,False
1785949023.856,64622.01,8e-05,False
1785949023.856,64622.01,8e-05,False
1785949023.856,64622.01,8e-05,False
1785949023.856,64622.78,0.00319,False
1785949023.856,64623.09,8e-05,False
1785949023.856,64623.47,9e-05,False
1785949023.856,64623.47,9e-05,False
1785949023.856,64623.47,9e-05,False
1785949024.106,64623.47,0.0001,True
1785949024.287,64623.47,0.014,True
1785949024.299,64623.48,0.00013,False
1785949024.464,64623.48,0.00469,False
1785949025.253,64623.48,0.0516,False
1785949025.255,64623.48,0.32082,False
1785949025.255,64623.48,8e-05,False
1785949025.255,64623.48,8e-05,False
1785949025.255,64623.48,8e-05,False
1785949025.255,64623.48,9e-05,False
1785949025.255,64623.48,8e-05,False
1785949025.255,64623.48,8e-05,False
1785949025.255,64623.48,8e-05,False
1785949025.255,64623.48,8e-05,False
1785949025.255,64623.48,8e-05,False
1785949025.255,64623.48,8e-05,False
1785949025.255,64623.48,8e-05,False
1785949025.255,64623.48,9e-05,False
1785949025.255,64623.48,8e-05,False
1785949025.255,64623.48,8e-05,False
1785949025.255,64623.48,8e-05,False
1785949025.255,64623.48,8e-05,False
1785949025.255,64623.48,8e-05,False
1785949025.255,64623.48,8e-05,False
1785949025.255,64623.48,8e-05,False
1785949025.255,64623.48,8e-05,False
1785949025.255,64623.48,0.005,False
1785949025.255,64623.48,8e-05,False
1785949025.255,64623.48,0.01,False
1785949025.255,64623.48,8e-05,False
1785949025.255,64623.48,0.00016,False
1785949025.255,64623.48,8e-05,False
1785949025.255,64623.48,9e-05,False
1785949025.255,64623.48,9e-05,False
1785949025.255,64623.48,8e-05,False
1785949025.255,64623.48,8e-05,False
1785949025.255,64623.48,8e-05,False
1785949025.255,64623.48,8e-05,False
1785949025.255,64623.48,8e-05,False
1785949025.255,64623.48,8e-05,False
1785949025.255,64623.49,8e-05,False
1785949025.255,64623.49,8e-05,False
1785949025.255,64623.49,8e-05,False
1785949025.255,64623.49,8e-05,False
1785949025.255,64623.49,8e-05,False
1785949025.255,64623.49,8e-05,False
1785949025.255,64623.49,8e-05,False
1785949025.255,64623.49,8e-05,False
1785949025.255,64623.49,8e-05,False
1785949025.255,64623.49,0.00016,False
1785949025.255,64623.5,0.00016,False
1785949025.267,64623.7,0.00429,False
1785949025.267,64623.7,9e-05,False
1785949025.267,64623.7,9e-05,False
1785949025.267,64623.7,7e-05,False
1785949025.268,64623.7,1e-05,False
1785949025.268,64623.7,8e-05,False
1785949025.268,64623.7,8e-05,False
1785949025.268,64623.7,8e-05,False
1785949025.268,64623.7,8e-05,False
1785949025.268,64623.7,8e-05,False
1785949025.268,64623.7,8e-05,False
1785949025.268,64623.7,8e-05,False
1785949025.268,64623.7,8e-05,False
1785949025.268,64623.7,8e-05,False
1785949025.268,64623.7,8e-05,False
1785949025.268,64623.71,0.00017,False
1785949025.268,64623.71,8e-05,False
1785949025.268,64623.71,8e-05,False
1785949025.268,64623.71,8e-05,False
1785949025.268,64623.71,8e-05,False
1785949025.268,64623.71,8e-05,False
1785949025.268,64623.71,8e-05,False
1785949025.268,64623.99,9e-05,False
1785949025.268,64623.99,9e-05,False
1785949025.268,64623.99,9e-05,False
1785949025.27,64624.0,0.00386,False
1785949025.271,64624.0,0.00314,False
1785949025.271,64624.0,0.00442,False
1785949025.28,64624.0,0.00012,False
1785949025.293,64624.0,0.0013,False
1785949025.295,64624.0,0.00216,False
1785949025.295,64624.0,0.006,False
1785949025.295,64624.0,0.005,False
1785949025.295,64624.0,8e-05,False
1785949025.295,64624.0,8e-05,False
1785949025.295,64624.0,8e-05,False
1785949025.295,64624.0,8e-05,False
1785949025.295,64624.0,8e-05,False
1785949025.295,64624.0,8e-05,False
1785949025.295,64624.0,8e-05,False
1785949025.295,64624.0,8e-05,False
1785949025.295,64624.0,8e-05,False
1785949025.295,64624.0,8e-05,False
1785949025.295,64624.0,9e-05,False
1785949025.295,64624.0,9e-05,False
1785949025.295,64624.0,9e-05,False
1785949025.295,64624.0,8e-05,False
1785949025.295,64624.01,0.0047,False
1785949025.295,64624.01,8e-05,False
1785949025.295,64624.01,8e-05,False
1785949025.295,64624.01,8e-05,False
1785949025.295,64624.01,8e-05,False
1785949025.295,64624.01,8e-05,False
1785949025.295,64624.01,8e-05,False
1785949025.295,64624.58,8e-05,False
1785949025.296,64625.16,8e-05,False
1785949025.299,64625.31,0.00266,False
1785949025.299,64625.31,0.00125,False
1785949025.299,64625.31,8e-05,False
1785949025.299,64625.31,8e-05,False
1785949025.299,64625.31,8e-05,False
1785949025.299,64625.31,8e-05,False
1785949025.299,64625.31,8e-05,False
1785949025.299,64625.31,8e-05,False
1785949025.299,64625.31,8e-05,False
1785949025.299,64625.31,8e-05,False
1785949025.299,64625.31,8e-05,False
1785949025.299,64625.31,8e-05,False
1785949025.299,64625.32,8e-05,False
1785949025.299,64625.32,8e-05,False
1785949025.299,64625.32,8e-05,False
1785949025.299,64625.86,8e-05,False
1785949025.299,64625.99,9e-05,False
1785949025.299,64625.99,9e-05,False
1785949025.299,64625.99,6e-05,False
1785949025.3,64625.99,3e-05,False
1785949025.307,64626.0,0.00016,False
1785949025.307,64626.0,0.00698,False
1785949025.314,64626.0,2e-05,False
1785949025.314,64626.0,0.00033,False
1785949025.314,64626.0,0.00032,False
1785949025.315,64626.0,0.00241,False
1785949025.315,64626.0,0.00036,False
1785949025.316,64626.0,0.00035,False
1785949025.318,64626.0,0.00033,False
1785949025.355,64626.0,0.0039,False
1785949025.355,64626.0,0.006,False
1785949025.355,64626.0,0.005,False
1785949025.355,64626.0,8e-05,False
1785949025.355,64626.0,8e-05,False
1785949025.355,64626.0,8e-05,False
1785949025.355,64626.0,8e-05,False
1785949025.355,64626.0,8e-05,False
1785949025.355,64626.0,8e-05,False
1785949025.355,64626.0,8e-05,False
1785949025.355,64626.0,8e-05,False
1785949025.355,64626.0,8e-05,False
1785949025.355,64626.0,8e-05,False
1785949025.355,64626.0,8e-05,False
1785949025.355,64626.0,8e-05,False
1785949025.355,64626.0,8e-05,False
1785949025.355,64626.0,8e-05,False
1785949025.355,64626.0,9e-05,False
1785949025.355,64626.0,8e-05,False
1785949025.355,64626.0,9e-05,False
1785949025.355,64626.0,9e-05,False
1785949025.355,64626.0,8e-05,False
1785949025.355,64626.0,8e-05,False
1785949025.355,64626.01,8e-05,False
1785949025.355,64626.01,8e-05,False
1785949025.355,64626.01,8e-05,False
1785949025.355,64626.01,8e-05,False
1785949025.355,64626.01,8e-05,False
1785949025.357,64626.25,8e-05,False
1785949025.357,64626.25,8e-05,False
1785949025.357,64626.25,9e-05,False
1785949025.357,64626.25,9e-05,False
1785949025.357,64626.25,8e-05,False
1785949025.357,64626.25,8e-05,False
1785949025.358,64626.6,0.00313,False
1785949025.359,64626.93,8e-05,False
1785949025.359,64626.93,0.0059,False
1785949025.359,64626.93,8e-05,False
1785949025.359,64626.93,8e-05,False
1785949025.359,64627.38,8e-05,False
1785949025.359,64627.38,8e-05,False
1785949025.359,64627.63,8e-05,False
1785949025.359,64627.63,8e-05,False
1785949025.359,64627.86,8e-05,False
1785949025.359,64627.86,8e-05,False
1785949025.359,64627.89,0.00125,False
1785949025.362,64627.89,0.0011,False
1785949025.362,64627.89,8e-05,False
1785949025.362,64627.89,8e-05,False
1785949025.362,64627.89,9e-05,False
1785949025.362,64627.89,8e-05,False
1785949025.362,64627.89,9e-05,False
1785949025.362,64627.89,8e-05,False
1785949025.362,64627.89,8e-05,False
1785949025.362,64627.89,8e-05,False
1785949025.362,64627.99,9e-05,False
1785949025.362,64627.99,9e-05,False
1785949025.362,64627.99,9e-05,False
1785949025.362,64628.0,0.007,False
1785949025.362,64628.0,0.008,False
1785949025.362,64628.0,0.006,False
1785949025.362,64628.0,0.005,False
1785949025.362,64628.41,9e-05,False
1785949025.362,64628.41,9e-05,False
1785949025.362,64628.41,9e-05,False
1785949025.362,64628.42,0.1,False
1785949025.362,64628.42,8e-05,False
1785949025.362,64628.42,8e-05,False
1785949025.362,64628.42,8e-05,False
1785949025.362,64628.42,8e-05,False
1785949025.369,64629.18,0.00156,False
1785949025.369,64629.18,9e-05,False
1785949025.369,64629.18,9e-05,False
1785949025.369,64629.18,8e-05,False
1785949025.369,64629.18,0.00079,False
1785949025.39,64629.18,0.00221,False
1785949025.39,64629.18,8e-05,False
1785949025.39,64629.18,8e-05,False
1785949025.39,64629.18,8e-05,False
1785949025.39,64629.18,8e-05,False
1785949025.39,64629.18,8e-05,False
1785949025.39,64629.18,8e-05,False
1785949025.39,64629.18,8e-05,False
1785949025.39,64629.18,8e-05,False
1785949025.39,64629.18,8e-05,False
1785949025.39,64629.18,8e-05,False
1785949025.39,64629.18,8e-05,False
1785949025.39,64629.18,8e-05,False
1785949025.39,64629.18,9e-05,False
1785949025.39,64629.18,9e-05,False
1785949025.39,64629.18,9e-05,False
1785949025.39,64629.18,8e-05,False
1785949025.39,64629.18,8e-05,False
1785949025.39,64629.18,8e-05,False
1785949025.39,64629.18,8e-05,False
1785949025.39,64629.19,8e-05,False
1785949025.39,64629.19,8e-05,False
1785949025.39,64629.19,8e-05,False
1785949025.39,64629.19,8e-05,False
1785949025.39,64629.19,8e-05,False
1785949025.39,64629.63,8e-05,False
1785949025.39,64629.63,8e-05,False
1785949025.39,64629.95,8e-05,False
1785949025.39,64629.95,8e-05,False
1785949025.39,64629.99,0.00082,False
1785949025.39,64629.99,9e-05,False
1785949025.39,64629.99,9e-05,False
1785949025.39,64629.99,9e-05,False
1785949025.424,64630.0,0.00033,False
1785949025.426,64630.0,0.00033,False
1785949025.43,64630.0,0.00031,False
1785949025.43,64630.0,0.00035,False
1785949025.447,64630.0,0.00244,False
1785949025.449,64630.0,0.00255,False
1785949025.476,64630.0,0.00169,False
1785949025.476,64630.0,0.00077,False
1785949025.49,64630.0,0.00259,False
1785949025.531,64630.0,0.00264,False
1785949025.531,64630.0,0.00518,False
1785949025.531,64630.0,0.00518,False
1785949025.531,64630.0,0.00309,False
1785949025.531,64630.0,0.00209,False
1785949025.531,64630.0,0.00518,False
1785949025.531,64630.0,0.00294,False
1785949025.535,64630.0,0.00614,False
1785949025.548,64630.0,0.00035,False
1785949025.55,64630.0,0.00035,False
1785949025.552,64630.0,0.00022,False
1785949025.552,64630.0,0.00012,False
1785949025.556,64630.0,0.00036,False
1785949025.768,64630.0,0.00652,False
1785949025.768,64630.0,0.005,False
1785949025.768,64630.0,9e-05,False
1785949025.768,64630.0,8e-05,False
1785949025.768,64630.0,8e-05,False
1785949025.768,64630.0,8e-05,False
1785949025.768,64630.0,8e-05,False
1785949025.768,64630.0,8e-05,False
1785949025.768,64630.0,8e-05,False
1785949025.768,64630.0,8e-05,False
1785949025.768,64630.0,8e-05,False
1785949025.768,64630.0,8e-05,False
1785949025.768,64630.0,8e-05,False
1785949025.768,64630.0,8e-05,False
1785949025.768,64630.0,8e-05,False
1785949025.768,64630.0,9e-05,False
1785949025.768,64630.0,0.00016,False
1785949025.768,64630.0,0.00518,False
1785949025.768,64630.0,0.00518,False
1785949025.768,64630.0,0.00518,False
1785949025.768,64630.0,0.00518,False
1785949025.768,64630.0,8e-05,False
1785949025.768,64630.0,8e-05,False
1785949025.768,64630.0,8e-05,False
1785949025.768,64630.0,9e-05,False
1785949025.768,64630.0,8e-05,False
1785949025.768,64630.0,8e-05,False
1785949025.768,64630.0,0.00518,False
1785949025.768,64630.0,0.00518,False
1785949025.768,64630.0,0.00518,False
1785949025.768,64630.0,0.00518,False
1785949025.768,64630.0,8e-05,False
1785949025.768,64630.0,0.00518,False
1785949025.768,64630.0,0.00518,False
1785949025.768,64630.0,0.00518,False
1785949025.768,64630.0,0.00518,False
1785949025.768,64630.0,0.00518,False
1785949025.768,64630.0,0.00518,False
1785949025.768,64630.0,0.00518,False
1785949025.768,64630.0,0.00518,False
1785949025.768,64630.0,0.00518,False
1785949025.768,64630.0,0.00518,False
1785949025.768,64630.0,0.00518,False
1785949025.768,64630.0,0.00518,False
1785949025.768,64630.0,0.00518,False
1785949025.768,64630.0,0.00518,False
1785949025.768,64630.0,0.00518,False
1785949025.768,64630.0,0.00518,False
1785949025.768,64630.0,0.00518,False
1785949025.768,64630.0,0.00518,False
1785949025.768,64630.0,0.00518,False
1785949025.768,64630.0,0.00518,False
1785949025.768,64630.0,0.00518,False
1785949025.768,64630.0,0.00518,False
1785949025.768,64630.0,0.00518,False
1785949025.768,64630.0,0.00518,False
1785949025.768,64630.0,0.00518,False
1785949025.768,64630.0,0.00518,False
1785949025.768,64630.0,0.00518,False
1785949025.768,64630.0,0.00518,False
1785949025.768,64630.0,0.00518,False
1785949025.768,64630.0,0.00518,False
1785949025.768,64630.0,0.00518,False
1785949025.768,64630.0,0.00518,False
1785949025.768,64630.0,0.00518,False
1785949025.768,64630.0,0.00518,False
1785949025.768,64630.0,0.00518,False
1785949025.768,64630.0,0.00518,False
1785949025.768,64630.0,0.00518,False
1785949025.768,64630.0,0.00518,False
1785949025.768,64630.0,0.00518,False
1785949025.768,64630.0,0.00518,False
1785949025.768,64630.0,0.00518,False
1785949025.768,64630.0,0.00518,False
1785949025.768,64630.0,0.00518,False
1785949025.768,64630.0,0.00518,False
1785949025.768,64630.0,0.00518,False
1785949025.768,64630.0,0.00518,False
1785949025.768,64630.0,0.00518,False
1785949025.768,64630.0,0.00518,False
1785949025.768,64630.0,0.00518,False
1785949025.768,64630.0,0.00518,False
1785949025.768,64630.0,0.00518,False
1785949025.768,64630.0,0.00518,False
1785949025.768,64630.0,0.00518,False
1785949025.768,64630.0,0.00518,False
1785949025.768,64630.0,0.00518,False
1785949025.768,64630.0,0.00518,False
1785949025.768,64630.0,0.00518,False
1785949025.768,64630.0,0.00518,False
1785949025.768,64630.0,0.00518,False
1785949025.768,64630.0,0.00518,False
1785949025.768,64630.0,0.00518,False
1785949025.768,64630.0,0.00518,False
1785949025.768,64630.0,0.00518,False
1785949025.768,64630.0,0.00518,False
1785949025.768,64630.0,0.00446,False
1785949025.768,64630.0,0.00518,False
1785949025.768,64630.0,0.00518,False
1785949025.768,64630.0,0.00518,False
1785949025.768,64630.0,0.00518,False
1785949025.768,64630.0,0.00518,False
1785949025.768,64630.0,0.00518,False
1785949025.768,64630.0,0.00518,False
1785949025.768,64630.0,0.00518,False
1785949025.768,64630.0,0.00518,False
1785949025.768,64630.0,0.00518,False
1785949025.768,64630.0,0.00518,False
1785949025.768,64630.0,0.00518,False
1785949025.768,64630.0,0.00518,False
1785949025.768,64630.0,0.00518,False
1785949025.768,64630.0,0.00518,False
1785949025.768,64630.0,0.00518,False
1785949025.768,64630.0,0.00518,False
1785949025.768,64630.0,0.00518,False
1785949025.768,64630.0,0.00518,False
1785949025.768,64630.0,0.00518,False
1785949025.768,64630.0,0.00518,False
1785949025.768,64630.0,0.00518,False
1785949025.768,64630.0,0.00518,False
1785949025.768,64630.0,0.00518,False
1785949025.768,64630.0,0.00518,False
1785949025.768,64630.0,0.00518,False
1785949025.768,64630.0,0.00518,False
1785949025.768,64630.0,0.00518,False
1785949025.768,64630.0,0.00322,False
1785949025.768,64630.0,0.00343,False
1785949025.768,64630.0,0.00518,False
1785949025.768,64630.0,0.00518,False
1785949025.768,64630.0,0.00518,False
1785949025.768,64630.0,0.00518,False
1785949025.768,64630.0,0.00056,False
1785949025.768,64630.01,8e-05,False
1785949025.768,64630.01,8e-05,False
1785949025.768,64630.01,8e-05,False
1785949025.768,64630.01,8e-05,False
1785949025.768,64630.01,8e-05,False
1785949025.768,64630.01,8e-05,False
1785949025.768,64630.01,8e-05,False
1785949025.768,64630.13,0.0021,False
1785949025.768,64630.14,8e-05,False
1785949025.768,64631.4,0.00019,False
1785949025.768,64631.99,9e-05,False
1785949025.768,64631.99,9e-05,False
1785949025.768,64631.99,9e-05,False
1785949025.857,64632.0,8e-05,False
1785949025.857,64632.0,0.0041,False
1785949026.43,64631.99,0.0005,True
1785949026.947,64632.0,0.00136,False
1785949027.305,64632.0,0.00254,False
1785949027.305,64632.0,0.006,False
1785949027.305,64632.0,0.005,False
1785949027.305,64632.0,0.007,False
1785949027.305,64632.0,8e-05,False
1785949027.305,64632.0,9e-05,False
1785949027.305,64632.0,8e-05,False
1785949027.305,64632.0,8e-05,False
1785949027.305,64632.0,8e-05,False
1785949027.305,64632.0,8e-05,False
1785949027.305,64632.0,0.00016,False
1785949027.305,64632.0,8e-05,False
1785949027.305,64632.0,8e-05,False
1785949027.305,64632.0,8e-05,False
1785949027.305,64632.0,9e-05,False
1785949027.305,64632.0,0.00017,False
1785949027.305,64632.0,8e-05,False
1785949027.305,64632.0,8e-05,False
1785949027.305,64632.0,9e-05,False
1785949027.305,64632.0,8e-05,False
1785949027.305,64632.0,8e-05,False
1785949027.305,64632.0,0.00672,False
1785949027.827,64632.0,8e-05,False
1785949027.827,64632.0,8e-05,False
1785949027.827,64632.0,8e-05,False
1785949027.827,64632.0,9e-05,False
1785949027.827,64632.0,8e-05,False
1785949027.827,64632.0,9e-05,False
1785949027.827,64632.0,9e-05,False
1785949027.827,64632.0,8e-05,False
1785949027.827,64632.0,8e-05,False
1785949027.827,64632.0,8e-05,False
1785949027.827,64632.0,8e-05,False
1785949027.827,64632.0,8e-05,False
1785949027.827,64632.0,8e-05,False
1785949027.827,64632.0,8e-05,False
1785949027.827,64632.01,8e-05,False
1785949027.827,64632.01,8e-05,False
1785949027.827,64632.01,8e-05,False
1785949027.827,64632.01,8e-05,False
1785949027.827,64632.01,8e-05,False
1785949027.832,64633.34,0.00147,False
1785949027.832,64633.34,9e-05,False
1785949027.832,64633.34,8e-05,False
1785949027.832,64633.34,9e-05,False
1785949027.832,64633.34,8e-05,False
1785949027.832,64633.34,8e-05,False
1785949027.832,64633.34,8e-05,False
1785949027.832,64633.34,8e-05,False
1785949027.832,64633.34,8e-05,False
1785949027.832,64633.34,8e-05,False
1785949027.832,64633.34,8e-05,False
1785949027.832,64633.34,8e-05,False
1785949027.832,64633.34,8e-05,False
1785949027.832,64633.34,8e-05,False
1785949027.832,64633.34,8e-05,False
1785949027.832,64633.34,8e-05,False
1785949027.832,64633.35,8e-05,False
1785949027.832,64633.35,8e-05,False
1785949027.832,64633.35,8e-05,False
1785949027.832,64633.35,8e-05,False
1785949027.832,64633.35,8e-05,False
1785949027.832,64633.57,8e-05,False
1785949027.832,64633.99,9e-05,False
1785949027.832,64633.99,9e-05,False
1785949027.832,64633.99,9e-05,False
1785949027.833,64634.0,0.008,False
1785949027.833,64634.0,0.00166,False
1785949027.843,64634.0,0.00434,False
1785949027.843,64634.0,0.00407,False
1785949027.845,64634.0,0.00093,False
1785949027.845,64634.0,0.007,False
1785949027.845,64634.0,9e-05,False
1785949027.845,64634.0,8e-05,False
1785949027.845,64634.0,8e-05,False
1785949027.845,64634.0,9e-05,False
1785949027.845,64634.0,9e-05,False
1785949027.845,64634.0,8e-05,False
1785949027.845,64634.0,9e-05,False
1785949027.845,64634.0,8e-05,False
1785949027.845,64634.0,8e-05,False
1785949027.845,64634.0,8e-05,False
1785949027.845,64634.0,8e-05,False
1785949027.845,64634.0,8e-05,False
1785949027.845,64634.0,8e-05,False
1785949027.845,64634.0,8e-05,False
1785949027.845,64634.0,8e-05,False
1785949027.845,64634.0,8e-05,False
1785949027.845,64634.0,8e-05,False
1785949027.845,64634.0,8e-05,False
1785949027.845,64634.0,8e-05,False
1785949027.845,64634.0,8e-05,False
1785949027.845,64634.0,8e-05,False
1785949027.845,64634.0,9e-05,False
1785949027.845,64634.0,8e-05,False
1785949027.845,64634.0,8e-05,False
1785949027.845,64634.0,9e-05,False
1785949027.845,64634.01,0.0118,False
1785949027.845,64634.01,8e-05,False
1785949027.845,64634.01,8e-05,False
1785949027.845,64634.01,8e-05,False
1785949027.845,64634.01,8e-05,False
1785949027.845,64634.01,8e-05,False
1785949027.845,64634.01,8e-05,False
1785949027.851,64635.0,0.00117,False
1785949027.851,64635.0,8e-05,False
1785949027.851,64635.0,9e-05,False
1785949027.851,64635.0,9e-05,False
1785949027.851,64635.0,8e-05,False
1785949027.851,64635.0,8e-05,False
1785949027.851,64635.0,8e-05,False
1785949027.851,64635.0,8e-05,False
1785949027.851,64635.0,8e-05,False
1785949027.851,64635.0,8e-05,False
1785949027.851,64635.0,8e-05,False
1785949027.851,64635.0,8e-05,False
1785949027.851,64635.0,8e-05,False
1785949027.851,64635.0,8e-05,False
1785949027.851,64635.0,8e-05,False
1785949027.851,64635.0,8e-05,False
1785949027.851,64635.0,8e-05,False
1785949027.851,64635.01,8e-05,False
1785949027.851,64635.01,8e-05,False
1785949027.851,64635.01,8e-05,False
1785949027.851,64635.01,8e-05,False
1785949027.851,64635.01,8e-05,False
1785949027.851,64635.99,9e-05,False
1785949027.851,64635.99,9e-05,False
1785949027.851,64635.99,9e-05,False
1785949027.856,64636.0,0.007,False
1785949027.856,64636.0,0.006,False
1785949027.856,64636.0,0.008,False
1785949027.856,64636.0,0.005,False
1785949027.856,64636.0,8e-05,False
1785949027.856,64636.0,9e-05,False
1785949027.856,64636.0,9e-05,False
1785949027.856,64636.0,8e-05,False
1785949027.856,64636.0,8e-05,False
1785949027.856,64636.0,8e-05,False
1785949027.856,64636.0,8e-05,False
1785949027.856,64636.0,8e-05,False
1785949027.856,64636.0,8e-05,False
1785949027.856,64636.0,8e-05,False
1785949027.856,64636.0,8e-05,False
1785949027.856,64636.0,8e-05,False
1785949027.856,64636.0,8e-05,False
1785949027.856,64636.0,8e-05,False
1785949027.856,64636.0,8e-05,False
1785949027.856,64636.0,8e-05,False
1785949027.856,64636.01,8e-05,False
1785949027.856,64636.01,8e-05,False
1785949027.856,64636.01,8e-05,False
1785949027.856,64636.01,8e-05,False
1785949027.856,64636.01,8e-05,False
1785949027.856,64636.44,8e-05,False
1785949027.856,64636.44,8e-05,False
1785949027.856,64636.56,8e-05,False
1785949027.856,64637.57,8e-05,False
1785949027.856,64637.85,0.00019,False
1785949027.856,64637.99,9e-05,False
1785949027.856,64637.99,9e-05,False
1785949027.856,64637.99,9e-05,False
1785949027.856,64638.0,0.006,False
1785949027.856,64638.0,0.008,False
1785949027.856,64638.0,0.007,False
1785949027.856,64638.0,0.005,False
1785949027.856,64638.0,8e-05,False
1785949027.856,64638.76,8e-05,False
1785949027.856,64638.95,9e-05,False
1785949027.856,64638.95,9e-05,False
1785949027.856,64638.95,9e-05,False
1785949027.856,64638.96,0.00185,False
1785949027.856,64638.96,0.0167,False
1785949027.856,64639.64,8e-05,False
1785949027.856,64639.68,9e-05,False
1785949027.856,64639.77,8e-05,False
1785949027.856,64639.8,9e-05,False
1785949027.856,64639.8,9e-05,False
1785949027.856,64639.8,9e-05,False
1785949027.856,64639.8,0.04223,True
1785949027.964,64639.81,0.00252,False
1785949029.161,64639.81,0.00798,False
1785949029.318,64639.81,0.00826,False
1785949031.209,64639.8,8e-05,True
1785949031.288,64639.8,0.00999,True
1785949031.318,64639.8,0.00031,True
1785949032.862,64639.81,0.00372,False
1785949033.186,64639.81,0.00413,False
1785949036.763,64639.8,0.00661,True
1785949036.887,64639.81,0.00117,False
1785949038.924,64639.81,0.13112,False
1785949038.924,64639.81,9e-05,False
1785949038.924,64639.81,9e-05,False
1785949038.924,64639.81,8e-05,False
1785949038.924,64639.81,8e-05,False
1785949038.924,64639.81,8e-05,False
1785949038.924,64639.81,8e-05,False
1785949038.924,64639.81,8e-05,False
1785949038.924,64639.81,8e-05,False
1785949038.924,64639.81,8e-05,False
1785949038.924,64639.81,8e-05,False
1785949038.924,64639.81,8e-05,False
1785949038.924,64639.81,8e-05,False
1785949038.924,64639.81,8e-05,False
1785949038.924,64639.81,9e-05,False
1785949038.924,64639.81,8e-05,False
1785949038.924,64639.81,0.00017,False
1785949038.924,64639.81,8e-05,False
1785949038.924,64639.81,8e-05,False
1785949038.924,64639.81,8e-05,False
1785949038.924,64639.81,8e-05,False
1785949038.924,64639.81,8e-05,False
1785949038.924,64639.81,8e-05,False
1785949038.924,64639.81,8e-05,False
1785949038.924,64639.81,8e-05,False
1785949038.924,64639.81,8e-05,False
1785949038.924,64639.81,8e-05,False
1785949038.924,64639.81,8e-05,False
1785949038.924,64639.81,8e-05,False
1785949038.924,64639.81,8e-05,False
1785949038.924,64639.81,8e-05,False
1785949038.924,64639.81,8e-05,False
1785949038.924,64639.81,8e-05,False
1785949038.924,64639.81,8e-05,False
1785949038.924,64639.82,8e-05,False
1785949038.924,64639.82,8e-05,False
1785949038.924,64639.82,8e-05,False
1785949038.924,64639.82,8e-05,False
1785949038.924,64639.82,8e-05,False
1785949038.924,64639.98,9e-05,False
1785949038.924,64639.98,9e-05,False
1785949038.924,64639.98,9e-05,False
1785949038.924,64639.99,0.02351,False
1785949038.924,64639.99,9e-05,False
1785949038.924,64639.99,9e-05,False
1785949038.924,64639.99,9e-05,False
1785949038.924,64640.0,0.006,False
1785949038.924,64640.0,0.008,False
1785949038.924,64640.0,0.007,False
1785949038.924,64640.0,0.005,False
1785949038.924,64640.0,0.01,False
1785949038.924,64640.01,0.00096,False
1785949038.928,64640.01,0.00042,False
1785949038.928,64640.01,8e-05,False
1785949038.928,64640.01,9e-05,False
1785949038.928,64640.01,9e-05,False
1785949038.928,64640.01,8e-05,False
1785949038.928,64640.01,8e-05,False
1785949038.928,64640.01,8e-05,False
1785949038.928,64640.01,8e-05,False
1785949038.928,64640.01,8e-05,False
1785949038.928,64640.01,8e-05,False
1785949038.928,64640.01,8e-05,False
1785949038.928,64640.01,8e-05,False
1785949038.928,64640.01,8e-05,False
1785949038.928,64640.01,8e-05,False
1785949038.928,64640.02,8e-05,False
1785949038.928,64640.02,8e-05,False
1785949038.932,64641.09,0.0059,False
1785949038.932,64641.09,8e-05,False
1785949038.932,64641.09,8e-05,False
1785949038.932,64641.09,9e-05,False
1785949038.932,64641.09,8e-05,False
1785949038.932,64641.09,9e-05,False
1785949038.932,64641.09,8e-05,False
1785949038.932,64641.09,8e-05,False
1785949038.932,64641.09,8e-05,False
1785949038.932,64641.09,8e-05,False
1785949038.932,64641.09,8e-05,False
1785949038.932,64641.09,8e-05,False
1785949038.932,64641.09,8e-05,False
1785949038.932,64641.1,8e-05,False
1785949038.932,64641.1,8e-05,False
1785949038.932,64641.1,8e-05,False
1785949038.932,64641.1,8e-05,False
1785949038.932,64641.1,8e-05,False
1785949038.932,64641.27,8e-05,False
1785949038.932,64641.99,9e-05,False
1785949038.932,64641.99,9e-05,False
1785949038.932,64641.99,9e-05,False
1785949038.954,64642.0,0.006,False
1785949038.954,64642.0,0.008,False
1785949038.954,64642.0,0.005,False
1785949038.954,64642.0,0.007,False
1785949038.954,64642.0,8e-05,False
1785949038.954,64642.0,8e-05,False
1785949038.954,64642.0,9e-05,False
1785949038.954,64642.0,9e-05,False
1785949038.954,64642.0,8e-05,False
1785949038.954,64642.0,8e-05,False
1785949038.954,64642.0,8e-05,False
1785949038.954,64642.0,8e-05,False
1785949038.954,64642.0,8e-05,False
1785949038.954,64642.0,8e-05,False
1785949038.954,64642.0,8e-05,False
1785949038.954,64642.0,8e-05,False
1785949038.954,64642.0,8e-05,False
1785949038.954,64642.0,8e-05,False
1785949038.954,64642.0,8e-05,False
1785949038.954,64642.0,8e-05,False
1785949038.954,64642.0,8e-05,False
1785949038.954,64642.0,9e-05,False
1785949038.954,64642.0,8e-05,False
1785949038.954,64642.01,8e-05,False
1785949038.954,64642.01,8e-05,False
1785949038.954,64642.01,8e-05,False
1785949038.954,64642.01,8e-05,False
1785949038.954,64642.01,8e-05,False
1785949038.954,64642.02,9e-05,False
1785949038.954,64642.02,9e-05,False
1785949038.954,64642.02,9e-05,False
1785949038.954,64642.03,0.03229,False
1785949038.958,64642.03,0.00045,False
1785949038.958,64642.03,8e-05,False
1785949038.958,64642.03,9e-05,False
1785949038.958,64642.03,9e-05,False
1785949038.958,64642.03,8e-05,False
1785949038.958,64642.03,8e-05,False
1785949038.958,64642.03,8e-05,False
1785949038.958,64642.03,8e-05,False
1785949038.958,64642.03,8e-05,False
1785949038.958,64642.03,8e-05,False
1785949038.958,64642.03,8e-05,False
1785949038.958,64642.03,8e-05,False
1785949038.958,64642.03,8e-05,False
1785949038.958,64642.03,8e-05,False
1785949038.958,64642.04,8e-05,False
1785949038.958,64642.04,8e-05,False
1785949038.958,64642.04,8e-05,False
1785949038.958,64642.04,8e-05,False
1785949038.958,64642.48,0.00012,False
1785949038.958,64642.98,8e-05,False
1785949038.958,64643.99,9e-05,False
1785949038.958,64643.99,9e-05,False
1785949038.958,64643.99,9e-05,False
1785949038.982,64644.0,0.00256,False
1785949038.984,64644.0,0.00035,False
1785949039.459,64644.0,0.00309,False
1785949039.459,64644.0,0.00503,False
1785949039.471,64644.0,0.00297,False
1785949039.471,64644.0,0.00075,False
1785949039.816,64644.0,0.00425,False
1785949039.816,64644.0,0.007,False
1785949039.816,64644.0,8e-05,False
1785949039.816,64644.0,8e-05,False
1785949039.816,64644.0,8e-05,False
1785949039.816,64644.0,8e-05,False
1785949039.816,64644.0,8e-05,False
1785949039.816,64644.0,8e-05,False
1785949039.816,64644.0,9e-05,False
1785949039.816,64644.0,8e-05,False
1785949039.816,64644.0,8e-05,False
1785949039.816,64644.0,8e-05,False
1785949039.816,64644.0,9e-05,False
1785949039.816,64644.0,8e-05,False
1785949039.816,64644.0,8e-05,False
1785949039.816,64644.0,8e-05,False
1785949039.816,64644.0,8e-05,False
1785949039.816,64644.0,9e-05,False
1785949039.816,64644.0,8e-05,False
1785949039.816,64644.0,8e-05,False
1785949039.816,64644.0,8e-05,False
1785949039.816,64644.0,8e-05,False
1785949039.816,64644.0,8e-05,False
1785949039.816,64644.0,8e-05,False
1785949039.816,64644.0,8e-05,False
1785949039.816,64644.0,8e-05,False
1785949039.816,64644.01,8e-05,False
1785949039.816,64644.01,8e-05,False
1785949039.816,64644.01,8e-05,False
1785949039.816,64644.01,8e-05,False
1785949039.816,64644.01,8e-05,False
1785949039.816,64644.01,8e-05,False
1785949039.816,64644.3,0.00016,False
1785949039.816,64644.31,0.00019,False
1785949039.816,64644.62,0.00022,False
1785949039.816,64645.07,0.0025,False
1785949039.816,64645.13,8e-05,False
1785949039.816,64645.67,8e-05,False
1785949039.816,64645.67,8e-05,False
1785949039.816,64645.84,8e-05,False
1785949039.816,64645.99,9e-05,False
1785949039.816,64645.99,9e-05,False
1785949039.816,64645.99,9e-05,False
1785949039.816,64646.0,0.006,False
1785949039.816,64646.0,0.008,False
1785949039.816,64646.0,0.005,False
1785949039.816,64646.0,0.007,False
1785949039.816,64646.19,8e-05,False
1785949039.816,64646.4,9e-05,False
1785949039.816,64647.91,8e-05,False
1785949039.816,64647.99,9e-05,False
1785949039.816,64647.99,9e-05,False
1785949039.816,64647.99,9e-05,False
1785949039.816,64648.0,0.006,False
1785949039.816,64648.0,0.008,False
1785949039.816,64648.0,0.005,False
1785949039.816,64648.0,0.007,False
1785949039.816,64648.17,0.00393,False
1785949039.816,64648.17,9e-05,False
1785949040.181,64648.18,8e-05,False
1785949040.181,64648.18,2e-05,False
1785949040.716,64648.18,0.00148,False
1785949040.716,64648.18,8e-05,False
1785949040.716,64648.18,9e-05,False
1785949040.716,64648.18,8e-05,False
1785949040.716,64648.18,8e-05,False
1785949040.716,64648.18,0.0043,False
1785949040.716,64648.18,0.022,False
1785949040.716,64648.18,8e-05,False
1785949040.716,64648.18,8e-05,False
1785949040.716,64648.18,8e-05,False
1785949040.716,64648.18,8e-05,False
1785949040.716,64648.18,8e-05,False
1785949040.716,64648.18,8e-05,False
1785949040.716,64648.18,8e-05,False
1785949040.716,64648.18,8e-05,False
1785949040.716,64648.18,0.00016,False
1785949040.716,64648.18,9e-05,False
1785949040.716,64648.18,8e-05,False
1785949040.716,64648.18,0.00048,False
1785949040.716,64648.18,0.00069,False
1785949040.716,64648.18,0.00048,False
1785949040.716,64648.18,0.00016,False
1785949040.716,64648.18,8e-05,False
1785949040.716,64648.18,9e-05,False
1785949040.716,64648.18,8e-05,False
1785949040.716,64648.18,8e-05,False
1785949040.716,64648.18,8e-05,False
1785949040.716,64648.18,8e-05,False
1785949040.716,64648.18,8e-05,False
1785949040.716,64648.19,8e-05,False
1785949040.716,64648.19,8e-05,False
1785949040.716,64648.19,8e-05,False
1785949040.716,64648.19,0.00016,False
1785949040.716,64648.19,8e-05,False
1785949040.716,64648.19,8e-05,False
1785949040.716,64648.2,0.00016,False
1785949040.716,64649.4,8e-05,False
1785949040.716,64649.98,8e-05,False
1785949040.716,64649.99,9e-05,False
1785949040.716,64649.99,9e-05,False
1785949040.716,64649.99,9e-05,False
1785949040.837,64649.99,0.00621,True
1785949041.205,64650.0,0.00031,False
1785949041.785,64650.0,0.00035,False
1785949041.786,64650.0,0.00032,False
1785949041.787,64650.0,0.00035,False
1785949041.788,64650.0,0.00035,False
1785949041.798,64650.0,0.00034,False
1785949041.804,64650.0,0.00037,False
1785949041.804,64650.0,0.00036,False
1785949041.811,64650.0,0.00036,False
1785949041.817,64650.0,0.00034,False
1785949041.848,64650.0,0.00248,False
1785949041.848,64650.0,7e-05,False
1785949041.848,64650.0,0.0024,False
1785949041.849,64650.0,0.00271,False
1785949042.185,64650.0,0.00289,False
1785949042.185,64650.0,0.00189,False
1785949042.191,64650.0,0.00311,False
1785949042.191,64650.0,0.007,False
1785949042.191,64650.0,0.01,False
1785949042.191,64650.0,0.01599,False
1785949042.191,64650.0,0.14876,False
1785949042.191,64650.0,8e-05,False
1785949042.191,64650.0,8e-05,False
1785949042.191,64650.0,8e-05,False
1785949042.191,64650.0,8e-05,False
1785949042.191,64650.0,8e-05,False
1785949042.191,64650.0,8e-05,False
1785949042.191,64650.0,8e-05,False
1785949042.191,64650.0,8e-05,False
1785949042.191,64650.0,9e-05,False
1785949042.191,64650.0,8e-05,False
1785949042.191,64650.0,0.00017,False
1785949042.191,64650.0,8e-05,False
1785949042.191,64650.0,9e-05,False
1785949042.191,64650.0,0.00044,False
1785949042.191,64650.0,8e-05,False
1785949042.191,64650.0,8e-05,False
1785949042.191,64650.0,9e-05,False
1785949042.191,64650.0,8e-05,False
1785949042.191,64650.0,8e-05,False
1785949042.191,64650.0,8e-05,False
1785949042.191,64650.0,8e-05,False
1785949042.191,64650.0,8e-05,False
1785949042.191,64650.0,8e-05,False
1785949042.191,64650.0,8e-05,False
1785949042.191,64650.0,8e-05,False
1785949042.191,64650.0,8e-05,False
1785949042.191,64650.0,8e-05,False
1785949042.191,64650.0,8e-05,False
1785949042.191,64650.0,8e-05,False
1785949042.191,64650.0,8e-05,False
1785949042.191,64650.0,8e-05,False
1785949042.191,64650.01,8e-05,False
1785949042.191,64650.01,8e-05,False
1785949042.191,64650.01,8e-05,False
1785949042.191,64650.05,0.002,False
1785949042.193,64650.05,0.00064,False
1785949042.193,64650.05,8e-05,False
1785949042.193,64650.05,8e-05,False
1785949042.225,64650.25,0.01144,False
1785949042.225,64650.25,8e-05,False
1785949042.225,64650.25,9e-05,False
1785949042.225,64650.25,8e-05,False
1785949042.225,64650.25,8e-05,False
1785949042.225,64650.25,8e-05,False
1785949042.225,64650.25,8e-05,False
1785949042.225,64650.25,8e-05,False
1785949042.225,64650.25,9e-05,False
1785949042.225,64650.25,8e-05,False
1785949042.225,64650.25,9e-05,False
1785949042.225,64650.25,8e-05,False
1785949042.225,64650.25,8e-05,False
1785949042.225,64650.26,8e-05,False
1785949042.225,64650.26,8e-05,False
1785949042.228,64650.26,8e-05,False
1785949042.228,64650.26,9e-05,False
1785949042.228,64650.26,8e-05,False
1785949042.228,64650.26,8e-05,False
1785949042.228,64650.26,9e-05,False
1785949042.228,64650.26,8e-05,False
1785949042.228,64650.26,8e-05,False
1785949042.228,64650.26,8e-05,False
1785949042.228,64650.26,8e-05,False
1785949042.228,64650.26,8e-05,False
1785949042.228,64650.27,8e-05,False
1785949042.228,64650.71,8e-05,False
1785949042.228,64650.71,8e-05,False
1785949042.228,64650.77,0.00019,False
1785949042.228,64650.78,8e-05,False
1785949042.228,64650.78,8e-05,False
1785949042.228,64651.99,9e-05,False
1785949042.228,64651.99,9e-05,False
1785949042.228,64651.99,9e-05,False
1785949042.999,64652.0,0.00031,False
1785949043.06,64652.0,0.0008,False
1785949043.226,64652.0,9e-05,False
1785949043.416,64652.0,0.0048,False
1785949043.416,64652.0,0.008,False
1785949043.416,64652.0,0.005,False
1785949043.416,64652.0,0.007,False
1785949043.416,64652.0,8e-05,False
1785949043.416,64652.0,8e-05,False
1785949043.416,64652.0,9e-05,False
1785949043.416,64652.0,8e-05,False
1785949043.416,64652.0,9e-05,False
1785949043.416,64652.0,8e-05,False
1785949043.416,64652.0,8e-05,False
1785949043.416,64652.0,8e-05,False
1785949043.416,64652.0,8e-05,False
1785949043.416,64652.0,8e-05,False
1785949043.416,64652.0,8e-05,False
1785949043.416,64652.0,8e-05,False
1785949043.416,64652.0,8e-05,False
1785949043.416,64652.0,8e-05,False
1785949043.416,64652.0,8e-05,False
1785949043.416,64652.0,8e-05,False
1785949043.416,64652.0,8e-05,False
1785949043.416,64652.0,8e-05,False
1785949043.416,64652.0,8e-05,False
1785949043.416,64652.0,8e-05,False
1785949043.416,64652.0,9e-05,False
1785949043.416,64652.0,8e-05,False
1785949043.416,64652.0,8e-05,False
1785949043.416,64652.0,8e-05,False
1785949043.416,64652.0,8e-05,False
1785949043.416,64652.0,8e-05,False
1785949043.416,64652.0,8e-05,False
1785949043.416,64652.01,8e-05,False
1785949043.416,64652.01,8e-05,False
1785949043.416,64652.01,8e-05,False
1785949043.416,64652.01,8e-05,False
1785949043.416,64652.01,8e-05,False
1785949043.416,64652.01,8e-05,False
1785949043.416,64652.01,8e-05,False
1785949043.416,64652.19,8e-05,False
1785949043.416,64652.19,8e-05,False
1785949043.416,64652.31,0.0001,False
1785949043.416,64652.61,8e-05,False
1785949043.416,64653.12,9e-05,False
1785949043.416,64653.45,8e-05,False
1785949043.416,64653.45,8e-05,False
1785949043.416,64653.99,9e-05,False
1785949043.416,64653.99,9e-05,False
1785949043.416,64653.99,9e-05,False
1785949043.416,64654.0,0.006,False
1785949043.416,64654.0,0.008,False
1785949043.416,64654.0,0.005,False
1785949043.416,64654.0,0.007,False
1785949043.416,64654.89,8e-05,False
1785949043.416,64654.89,8e-05,False
1785949043.416,64655.82,8e-05,False
1785949043.416,64655.99,9e-05,False
1785949043.416,64655.99,9e-05,False
1785949043.416,64655.99,9e-05,False
1785949043.416,64656.0,8e-05,False
1785949043.416,64656.0,0.007,False
1785949043.416,64656.0,0.006,False
1785949043.416,64656.0,0.008,False
1785949043.416,64656.0,0.005,False
1785949043.416,64656.19,8e-05,False
1785949043.416,64656.69,8e-05,False
1785949043.416,64656.84,9e-05,False
1785949043.416,64656.84,9e-05,False
1785949043.416,64656.84,9e-05,False
1785949043.706,64656.85,0.00591,False
1785949044.682,64656.85,0.00362,False
1785949045.028,64656.85,0.01112,False
1785949045.218,64656.85,0.00327,False
1785949045.268,64656.85,0.0025,False
1785949045.707,64656.84,0.00038,True
1785949045.708,64656.85,8e-05,False
1785949045.708,64656.85,8e-05,False
1785949045.708,64656.85,8e-05,False
1785949045.708,64656.85,8e-05,False
1785949045.708,64656.85,0.00681,False
1785949045.758,64656.84,0.00078,True
1785949046.402,64656.84,8e-05,True
1785949046.567,64656.84,0.00046,True
1785949047.174,64656.84,0.00398,True
1785949048.795,64656.85,0.00233,False
1785949048.861,64656.84,0.00346,True
1785949048.924,64656.85,8e-05,False
1785949050.305,64656.84,0.21267,True
1785949050.625,64656.84,0.00031,True
1785949051.642,64656.84,8e-05,True
1785949052.039,64656.85,0.00154,False
1785949052.291,64656.85,0.02889,False
1785949053.599,64656.84,0.00332,True
1785949054.229,64656.85,8e-05,False
1785949054.229,64656.85,8e-05,False
1785949054.229,64656.85,8e-05,False
1785949054.229,64656.85,0.00016,False
1785949054.229,64656.85,8e-05,False
1785949054.229,64656.85,8e-05,False
1785949054.229,64656.85,8e-05,False
1785949054.229,64656.85,9e-05,False
1785949054.229,64656.85,8e-05,False
1785949054.229,64656.85,0.00017,False
1785949054.229,64656.85,8e-05,False
1785949054.229,64656.85,8e-05,False
1785949054.229,64656.85,8e-05,False
1785949054.229,64656.85,8e-05,False
1785949054.229,64656.85,8e-05,False
1785949054.229,64656.85,9e-05,False
1785949054.229,64656.85,0.003,False
1785949054.229,64656.85,0.00019,False
1785949054.314,64656.84,0.00246,True
1785949054.472,64656.85,8e-05,False
1785949054.704,64656.84,0.0037,True
1785949055.138,64656.85,0.0001,False
1785949055.166,64656.85,0.00263,False
1785949055.166,64656.85,0.003,False
1785949055.166,64656.85,0.003,False
1785949055.166,64656.85,0.003,False
1785949055.166,64656.85,0.003,False
1785949055.166,64656.85,0.003,False
1785949055.166,64656.85,0.003,False
1785949055.166,64656.85,0.003,False
1785949055.166,64656.85,0.003,False
1785949055.166,64656.85,0.003,False
1785949055.166,64656.85,0.003,False
1785949055.166,64656.85,0.003,False
1785949055.166,64656.85,0.003,False
1785949055.166,64656.85,0.003,False
1785949055.166,64656.85,0.003,False
1785949055.166,64656.85,0.003,False
1785949055.166,64656.85,0.003,False
1785949055.166,64656.85,0.003,False
1785949055.166,64656.85,0.003,False
1785949055.166,64656.85,0.003,False
1785949055.166,64656.85,0.0237,False
1785949055.166,64656.85,8e-05,False
1785949055.166,64656.85,9e-05,False
1785949055.166,64656.85,8e-05,False
1785949055.166,64656.85,8e-05,False
1785949055.166,64656.85,8e-05,False
1785949055.166,64656.85,9e-05,False
1785949055.166,64656.85,9e-05,False
1785949055.166,64656.85,8e-05,False
1785949055.166,64656.85,8e-05,False
1785949055.166,64656.85,8e-05,False
1785949055.166,64656.85,8e-05,False
1785949055.166,64656.85,8e-05,False
1785949055.166,64656.85,8e-05,False
1785949055.166,64656.85,8e-05,False
1785949055.166,64656.85,8e-05,False
1785949055.166,64656.85,0.003,False
1785949055.166,64656.85,0.00016,False
1785949055.166,64656.85,8e-05,False
1785949055.166,64656.85,8e-05,False
1785949055.166,64656.85,8e-05,False
1785949055.166,64656.85,8e-05,False
1785949055.166,64656.85,8e-05,False
1785949055.166,64656.85,8e-05,False
1785949055.166,64656.85,8e-05,False
1785949055.166,64656.86,8e-05,False
1785949055.166,64656.86,8e-05,False
1785949055.166,64656.86,8e-05,False
1785949055.166,64656.86,8e-05,False
1785949055.166,64656.86,8e-05,False
1785949055.166,64656.86,8e-05,False
1785949055.166,64656.86,8e-05,False
1785949055.166,64656.94,0.00765,False
1785949055.169,64656.94,8e-05,False
1785949055.169,64656.94,8e-05,False
1785949055.169,64656.94,9e-05,False
1785949055.169,64656.94,9e-05,False
1785949055.169,64656.94,8e-05,False
1785949055.169,64656.94,8e-05,False
1785949055.169,64656.94,8e-05,False
1785949055.169,64656.94,8e-05,False
1785949055.169,64656.94,8e-05,False
1785949055.169,64656.94,8e-05,False
1785949055.169,64656.94,8e-05,False
1785949055.169,64656.94,8e-05,False
1785949055.169,64656.94,8e-05,False
1785949055.169,64656.94,8e-05,False
1785949055.169,64656.95,8e-05,False
1785949055.169,64656.95,8e-05,False
1785949055.169,64656.95,8e-05,False
1785949055.169,64657.22,0.00019,False
1785949055.169,64657.29,8e-05,False
1785949055.169,64657.29,8e-05,False
1785949055.169,64657.41,8e-05,False
1785949055.169,64657.41,8e-05,False
1785949055.169,64657.54,8e-05,False
1785949055.169,64657.54,8e-05,False
1785949055.169,64657.54,8e-05,False
1785949055.169,64657.54,8e-05,False
1785949055.169,64657.54,8e-05,False
1785949055.169,64657.54,8e-05,False
1785949055.169,64657.97,8e-05,False
1785949055.169,64657.99,9e-05,False
1785949055.169,64657.99,9e-05,False
1785949055.169,64657.99,9e-05,False
1785949055.187,64658.0,0.00372,False
1785949055.207,64658.0,0.00033,False
1785949055.208,64658.0,0.00036,False
1785949055.21,64658.0,0.00035,False
1785949055.211,64658.0,0.00037,False
1785949055.212,64658.0,0.00035,False
1785949055.216,64658.0,0.00035,False
1785949055.225,64658.0,0.00034,False
1785949055.226,64658.0,0.00036,False
1785949055.228,64658.0,0.00036,False
1785949055.243,64658.0,0.00011,False
1785949055.243,64658.0,0.00236,False
1785949056.007,64658.0,0.00364,False
1785949056.007,64658.0,0.008,False
1785949056.007,64658.0,0.005,False
1785949056.007,64658.0,8e-05,False
1785949056.007,64658.0,8e-05,False
1785949056.007,64658.0,9e-05,False
1785949056.007,64658.0,9e-05,False
1785949056.007,64658.0,8e-05,False
1785949056.007,64658.0,8e-05,False
1785949056.007,64658.0,8e-05,False
1785949056.007,64658.0,8e-05,False
1785949056.007,64658.0,8e-05,False
1785949056.007,64658.0,8e-05,False
1785949056.007,64658.0,8e-05,False
1785949056.007,64658.0,8e-05,False
1785949056.007,64658.0,8e-05,False
1785949056.007,64658.0,0.00016,False
1785949056.007,64658.0,8e-05,False
1785949056.007,64658.0,8e-05,False
1785949056.007,64658.0,8e-05,False
1785949056.007,64658.0,8e-05,False
1785949056.007,64658.0,8e-05,False
1785949056.007,64658.0,0.0237,False
1785949056.007,64658.0,8e-05,False
1785949056.007,64658.0,8e-05,False
1785949056.007,64658.0,8e-05,False
1785949056.007,64658.01,8e-05,False
1785949056.007,64658.01,8e-05,False
1785949056.007,64658.01,8e-05,False
1785949056.007,64658.01,8e-05,False
1785949056.007,64658.01,8e-05,False
1785949056.007,64658.01,8e-05,False
1785949056.007,64658.01,8e-05,False
1785949056.007,64658.01,8e-05,False
1785949056.009,64658.01,8e-05,False
1785949056.009,64658.01,8e-05,False
1785949056.009,64658.01,8e-05,False
1785949056.009,64658.01,8e-05,False
1785949056.009,64658.01,9e-05,False
1785949056.009,64658.01,8e-05,False
1785949056.009,64658.01,8e-05,False
1785949056.009,64658.01,8e-05,False
1785949056.009,64658.01,8e-05,False
1785949056.009,64658.01,9e-05,False
1785949056.009,64658.01,8e-05,False
1785949056.009,64658.01,8e-05,False
1785949056.009,64658.01,8e-05,False
1785949056.009,64658.01,8e-05,False
1785949056.009,64658.02,8e-05,False
1785949056.009,64658.02,8e-05,False
1785949056.009,64658.02,8e-05,False
1785949056.045,64658.12,8e-05,False
1785949056.045,64658.12,9e-05,False
1785949056.045,64658.12,8e-05,False
1785949056.045,64658.12,8e-05,False
1785949056.045,64658.12,8e-05,False
1785949056.045,64658.12,8e-05,False
1785949056.045,64658.12,8e-05,False
1785949056.045,64658.12,8e-05,False
1785949056.045,64658.12,8e-05,False
1785949056.045,64658.12,8e-05,False
1785949056.045,64658.12,8e-05,False
1785949056.045,64658.12,8e-05,False
1785949056.045,64658.12,8e-05,False
1785949056.045,64658.12,8e-05,False
1785949056.045,64658.12,8e-05,False
1785949056.045,64658.12,9e-05,False
1785949056.045,64658.12,8e-05,False
1785949056.045,64658.12,8e-05,False
1785949056.045,64658.13,8e-05,False
1785949056.045,64658.13,8e-05,False
1785949056.045,64658.13,8e-05,False
1785949056.045,64658.13,8e-05,False
1785949056.045,64658.13,8e-05,False
1785949056.045,64658.13,8e-05,False
1785949056.045,64658.13,8e-05,False
1785949056.045,64658.54,8e-05,False
1785949056.045,64658.54,8e-05,False
1785949056.045,64658.77,0.00442,False
1785949056.091,64658.77,8e-05,False
1785949056.091,64658.77,9e-05,False
1785949056.091,64658.77,9e-05,False
1785949056.091,64658.77,8e-05,False
1785949056.091,64658.77,8e-05,False
1785949056.091,64658.77,8e-05,False
1785949056.091,64658.77,8e-05,False
1785949056.091,64658.77,8e-05,False
1785949056.091,64658.77,8e-05,False
1785949056.091,64658.77,8e-05,False
1785949056.091,64658.77,8e-05,False
1785949056.091,64658.77,8e-05,False
1785949056.091,64658.77,8e-05,False
1785949056.091,64658.77,8e-05,False
1785949056.091,64658.77,8e-05,False
1785949056.091,64658.77,8e-05,False
1785949056.091,64658.77,8e-05,False
1785949056.091,64658.77,8e-05,False
1785949056.091,64658.78,8e-05,False
1785949056.091,64658.78,8e-05,False
1785949056.091,64658.78,8e-05,False
1785949056.091,64658.78,8e-05,False
1785949056.091,64658.78,8e-05,False
1785949056.146,64658.78,8e-05,False
1785949056.146,64658.78,8e-05,False
1785949056.146,64658.78,9e-05,False
1785949056.146,64658.78,8e-05,False
1785949056.146,64658.78,8e-05,False
1785949056.146,64658.78,8e-05,False
1785949056.146,64658.78,8e-05,False
1785949056.146,64658.78,8e-05,False
1785949056.146,64658.78,8e-05,False
1785949056.146,64658.78,8e-05,False
1785949056.146,64658.78,8e-05,False
1785949056.146,64658.78,8e-05,False
1785949056.146,64658.78,8e-05,False
1785949056.146,64658.78,8e-05,False
1785949056.146,64658.78,9e-05,False
1785949056.146,64658.78,8e-05,False
1785949056.146,64658.78,8e-05,False
1785949056.146,64658.78,8e-05,False
1785949056.146,64658.78,8e-05,False
1785949056.146,64658.79,8e-05,False
1785949056.146,64658.79,8e-05,False
1785949056.146,64658.79,8e-05,False
1785949056.146,64658.79,8e-05,False
1785949056.146,64658.79,8e-05,False
1785949056.146,64659.02,8e-05,False
1785949056.147,64659.02,8e-05,False
1785949056.147,64659.03,8e-05,False
1785949056.147,64659.84,9e-05,False
1785949056.147,64659.99,8e-05,False
1785949056.147,64659.99,9e-05,False
1785949056.147,64659.99,9e-05,False
1785949056.147,64659.99,8e-05,False
1785949056.147,64659.99,9e-05,False
1785949056.147,64660.0,0.007,False
1785949056.147,64660.0,0.00106,False
1785949056.168,64660.0,0.00494,False
1785949056.168,64660.0,0.008,False
1785949056.168,64660.0,0.005,False
1785949056.168,64660.0,0.01,False
1785949056.168,64660.0,8e-05,False
1785949056.168,64660.0,9e-05,False
1785949056.168,64660.0,8e-05,False
1785949056.168,64660.0,9e-05,False
1785949056.168,64660.0,8e-05,False
1785949056.168,64660.0,8e-05,False
1785949056.168,64660.0,8e-05,False
1785949056.168,64660.0,8e-05,False
1785949056.168,64660.0,8e-05,False
1785949056.168,64660.0,8e-05,False
1785949056.168,64660.0,8e-05,False
1785949056.168,64660.0,8e-05,False
1785949056.168,64660.0,8e-05,False
1785949056.168,64660.0,8e-05,False
1785949056.168,64660.0,8e-05,False
1785949056.168,64660.0,8e-05,False
1785949056.168,64660.0,8e-05,False
1785949056.168,64660.0,8e-05,False
1785949056.168,64660.01,8e-05,False
1785949056.168,64660.01,8e-05,False
1785949056.168,64660.01,8e-05,False
1785949056.168,64660.01,8e-05,False
1785949056.168,64660.01,8e-05,False
1785949056.168,64660.02,0.0025,False
1785949056.169,64660.84,0.00454,False
1785949056.169,64661.1,8e-05,False
1785949056.169,64661.1,8e-05,False
1785949056.169,64661.1,8e-05,False
1785949056.169,64661.1,8e-05,False
1785949056.169,64661.1,8e-05,False
1785949056.169,64661.1,8e-05,False
1785949056.169,64661.1,8e-05,False
1785949056.169,64661.1,8e-05,False
1785949056.169,64661.67,8e-05,False
1785949056.169,64661.67,8e-05,False
1785949056.172,64661.71,0.00012,False
1785949056.172,64661.71,8e-05,False
1785949056.172,64661.71,8e-05,False
1785949056.172,64661.71,9e-05,False
1785949056.172,64661.71,9e-05,False
1785949056.172,64661.71,8e-05,False
1785949056.172,64661.71,8e-05,False
1785949056.172,64661.71,8e-05,False
1785949056.172,64661.99,9e-05,False
1785949056.172,64661.99,9e-05,False
1785949056.172,64661.99,9e-05,False
1785949056.177,64662.0,0.007,False
1785949056.177,64662.0,0.005,False
1785949056.177,64662.0,0.008,False
1785949056.177,64662.0,0.006,False
1785949056.177,64662.0,8e-05,False
1785949056.177,64662.0,9e-05,False
1785949056.177,64662.0,9e-05,False
1785949056.177,64662.0,8e-05,False
1785949056.177,64662.0,8e-05,False
1785949056.177,64662.0,8e-05,False
1785949056.177,64662.0,8e-05,False
1785949056.177,64662.0,8e-05,False
1785949056.177,64662.0,8e-05,False
1785949056.177,64662.0,8e-05,False
1785949056.177,64662.0,8e-05,False
1785949056.177,64662.0,8e-05,False
1785949056.177,64662.0,8e-05,False
1785949056.177,64662.0,8e-05,False
1785949056.177,64662.0,8e-05,False
1785949056.177,64662.0,8e-05,False
1785949056.177,64662.01,8e-05,False
1785949056.177,64662.01,8e-05,False
1785949056.177,64662.01,8e-05,False
1785949056.177,64662.01,8e-05,False
1785949056.177,64662.01,8e-05,False
1785949056.177,64662.14,0.00314,False
1785949056.179,64662.14,0.00064,False
1785949056.179,64662.14,8e-05,False
1785949056.179,64662.14,9e-05,False
1785949056.179,64662.14,9e-05,False
1785949056.179,64662.14,8e-05,False
1785949056.179,64662.14,8e-05,False
1785949056.179,64662.14,8e-05,False
1785949056.179,64662.14,8e-05,False
1785949056.179,64662.14,8e-05,False
1785949056.179,64662.23,8e-05,False
1785949056.179,64662.23,9e-05,False
1785949056.179,64662.23,9e-05,False
1785949056.179,64662.23,8e-05,False
1785949056.179,64662.23,8e-05,False
1785949056.179,64662.23,8e-05,False
1785949056.179,64662.23,8e-05,False
1785949056.179,64662.24,8e-05,False
1785949056.179,64662.3,8e-05,False
1785949056.179,64662.3,8e-05,False
1785949056.179,64663.32,9e-05,False
1785949056.387,64663.43,8e-05,False
1785949056.387,64663.43,8e-05,False
1785949056.387,64663.43,8e-05,False
1785949056.387,64663.43,8e-05,False
1785949056.387,64663.43,8e-05,False
1785949056.387,64663.43,8e-05,False
1785949056.387,64663.43,8e-05,False
1785949056.387,64663.43,8e-05,False
1785949056.387,64663.43,8e-05,False
1785949056.387,64663.43,8e-05,False
1785949056.387,64663.43,9e-05,False
1785949056.387,64663.43,9e-05,False
1785949056.387,64663.43,0.00017,False
1785949056.387,64663.43,8e-05,False
1785949056.387,64663.43,8e-05,False
1785949056.387,64663.43,8e-05,False
1785949056.387,64663.43,8e-05,False
1785949056.387,64663.43,8e-05,False
1785949056.406,64663.44,8e-05,False
1785949056.406,64663.44,8e-05,False
1785949056.406,64663.44,8e-05,False
1785949056.406,64663.44,8e-05,False
1785949056.406,64663.44,9e-05,False
1785949056.406,64663.44,8e-05,False
1785949056.406,64663.44,9e-05,False
1785949056.406,64663.44,8e-05,False
1785949056.406,64663.44,8e-05,False
1785949056.406,64663.44,8e-05,False
1785949056.406,64663.44,8e-05,False
1785949056.406,64663.44,8e-05,False
1785949056.406,64663.44,8e-05,False
1785949056.406,64663.44,8e-05,False
1785949056.406,64663.44,8e-05,False
1785949056.406,64663.44,8e-05,False
1785949056.406,64663.44,8e-05,False
1785949056.406,64663.44,8e-05,False
1785949056.406,64663.44,8e-05,False
1785949056.406,64663.44,8e-05,False
1785949056.406,64663.44,8e-05,False
1785949056.406,64663.44,8e-05,False
1785949056.406,64663.45,8e-05,False
1785949056.406,64663.45,8e-05,False
1785949056.406,64663.45,8e-05,False
1785949056.406,64663.45,8e-05,False
1785949056.406,64663.68,0.00019,False
1785949056.406,64663.99,9e-05,False
1785949056.406,64663.99,9e-05,False
1785949056.406,64663.99,9e-05,False
1785949056.437,64664.0,0.006,False
1785949056.437,64664.0,0.007,False
1785949056.437,64664.0,0.005,False
1785949056.437,64664.0,0.008,False
1785949056.437,64664.0,8e-05,False
1785949056.437,64664.0,8e-05,False
1785949056.437,64664.0,8e-05,False
1785949056.437,64664.0,8e-05,False
1785949056.437,64664.0,8e-05,False
1785949056.437,64664.0,8e-05,False
1785949056.437,64664.0,8e-05,False
1785949056.437,64664.0,8e-05,False
1785949056.437,64664.0,9e-05,False
1785949056.437,64664.0,9e-05,False
1785949056.437,64664.0,8e-05,False
1785949056.437,64664.0,8e-05,False
1785949056.437,64664.0,8e-05,False
1785949056.437,64664.0,8e-05,False
1785949056.437,64664.0,8e-05,False
1785949056.437,64664.01,8e-05,False
1785949056.437,64664.01,8e-05,False
1785949056.437,64664.01,8e-05,False
1785949056.437,64664.01,8e-05,False
1785949056.437,64664.01,8e-05,False
1785949056.437,64664.39,0.00017,False
1785949056.437,64664.4,0.00424,False
1785949056.439,64664.4,0.00024,False
1785949056.439,64664.4,8e-05,False
1785949056.439,64664.4,9e-05,False
1785949056.439,64664.4,8e-05,False
1785949056.439,64665.45,8e-05,False
1785949056.568,64665.7,8e-05,False
1785949056.568,64665.7,8e-05,False
1785949056.568,64665.7,9e-05,False
1785949056.568,64665.7,9e-05,False
1785949056.568,64665.7,8e-05,False
1785949056.568,64665.7,8e-05,False
1785949056.568,64665.7,8e-05,False
1785949056.568,64665.7,8e-05,False
1785949056.568,64665.7,8e-05,False
1785949056.568,64665.7,8e-05,False
1785949056.568,64665.7,8e-05,False
1785949056.568,64665.7,8e-05,False
1785949056.568,64665.7,8e-05,False
1785949056.568,64665.7,8e-05,False
1785949056.568,64665.71,8e-05,False
1785949056.568,64665.71,8e-05,False
1785949056.568,64665.71,8e-05,False
1785949056.568,64665.71,8e-05,False
1785949056.568,64665.99,9e-05,False
1785949056.568,64665.99,9e-05,False
1785949056.568,64665.99,9e-05,False
1785949057.471,64665.99,8e-05,True
1785949057.899,64666.0,0.005,False
1785949057.899,64666.0,0.007,False
1785949057.899,64666.0,0.008,False
1785949057.899,64666.0,0.006,False
1785949057.899,64666.0,0.02078,False
1785949059.314,64666.0,0.00027,False
1785949060.116,64666.0,0.00111,False
1785949060.116,64666.0,0.00055,False
1785949061.006,64666.0,0.00764,False
1785949061.007,64666.0,0.00761,False
1785949061.007,64666.0,0.0155,False
1785949061.007,64666.0,0.0074,False
1785949061.008,64666.0,0.00756,False
1785949061.009,64666.0,0.05374,False
1785949061.009,64666.0,8e-05,False
1785949061.009,64666.0,9e-05,False
1785949061.009,64666.0,8e-05,False
1785949061.009,64666.0,8e-05,False
1785949061.009,64666.0,8e-05,False
1785949061.009,64666.0,8e-05,False
1785949061.009,64666.0,8e-05,False
1785949061.009,64666.0,8e-05,False
1785949061.009,64666.0,8e-05,False
1785949061.009,64666.0,8e-05,False
1785949061.009,64666.0,8e-05,False
1785949061.009,64666.0,8e-05,False
1785949061.009,64666.0,0.0286,False
1785949061.009,64666.0,0.0004,False
1785949061.009,64666.0,8e-05,False
1785949061.009,64666.0,8e-05,False
1785949061.009,64666.0,8e-05,False
1785949061.009,64666.0,8e-05,False
1785949061.009,64666.0,8e-05,False
1785949061.009,64666.0,8e-05,False
1785949061.009,64666.0,8e-05,False
1785949061.009,64666.0,8e-05,False
1785949061.009,64666.0,8e-05,False
1785949061.009,64666.0,8e-05,False
1785949061.009,64666.0,9e-05,False
1785949061.009,64666.0,8e-05,False
1785949061.009,64666.0,8e-05,False
1785949061.009,64666.0,8e-05,False
1785949061.009,64666.0,8e-05,False
1785949061.009,64666.0,8e-05,False
1785949061.009,64666.0,8e-05,False
1785949061.009,64666.0,8e-05,False
1785949061.009,64666.0,8e-05,False
1785949061.009,64666.0,8e-05,False
1785949061.009,64666.01,8e-05,False
1785949061.009,64666.01,8e-05,False
1785949061.009,64666.01,8e-05,False
1785949061.009,64666.01,8e-05,False
1785949061.009,64666.01,8e-05,False
1785949061.009,64666.01,8e-05,False
1785949061.009,64666.01,8e-05,False
1785949061.009,64666.01,8e-05,False
1785949061.013,64666.56,9e-05,False
1785949061.013,64666.56,9e-05,False
1785949061.013,64666.56,9e-05,False
1785949061.013,64666.56,8e-05,False
1785949061.013,64666.56,8e-05,False
1785949061.013,64666.56,8e-05,False
1785949061.013,64666.56,8e-05,False
1785949061.013,64666.56,8e-05,False
1785949061.013,64666.56,8e-05,False
1785949061.013,64666.56,8e-05,False
1785949061.013,64666.57,8e-05,False
1785949061.013,64666.57,8e-05,False
1785949061.013,64666.57,8e-05,False
1785949061.013,64666.57,8e-05,False
1785949061.013,64666.57,8e-05,False
1785949061.019,64666.74,0.00445,False
1785949061.019,64666.74,9e-05,False
1785949061.019,64666.74,8e-05,False
1785949061.019,64666.74,8e-05,False
1785949061.019,64666.74,9e-05,False
1785949061.019,64666.74,8e-05,False
1785949061.019,64666.74,8e-05,False
1785949061.019,64666.74,8e-05,False
1785949061.019,64666.74,8e-05,False
1785949061.019,64666.74,8e-05,False
1785949061.019,64666.74,8e-05,False
1785949061.019,64666.74,0.00016,False
1785949061.019,64666.74,8e-05,False
1785949061.019,64666.74,8e-05,False
1785949061.019,64666.74,8e-05,False
1785949061.019,64666.74,8e-05,False
1785949061.019,64666.74,8e-05,False
1785949061.019,64666.75,8e-05,False
1785949061.019,64666.75,8e-05,False
1785949061.019,64666.75,8e-05,False
1785949061.019,64666.75,8e-05,False
1785949061.019,64666.75,8e-05,False
1785949061.019,64667.99,9e-05,False
1785949061.019,64667.99,9e-05,False
1785949061.019,64667.99,9e-05,False
1785949061.056,64668.0,0.007,False
1785949061.056,64668.0,0.006,False
1785949061.056,64668.0,0.005,False
1785949061.056,64668.0,0.008,False
1785949061.056,64668.0,9e-05,False
1785949061.056,64668.0,8e-05,False
1785949061.056,64668.0,8e-05,False
1785949061.056,64668.0,8e-05,False
1785949061.056,64668.0,9e-05,False
1785949061.056,64668.0,8e-05,False
1785949061.056,64668.0,8e-05,False
1785949061.056,64668.0,8e-05,False
1785949061.056,64668.0,8e-05,False
1785949061.056,64668.0,8e-05,False
1785949061.056,64668.0,8e-05,False
1785949061.056,64668.0,8e-05,False
1785949061.056,64668.0,8e-05,False
1785949061.056,64668.0,8e-05,False
1785949061.056,64668.0,8e-05,False
1785949061.056,64668.0,8e-05,False
1785949061.056,64668.0,8e-05,False
1785949061.056,64668.0,8e-05,False
1785949061.056,64668.0,8e-05,False
1785949061.056,64668.0,8e-05,False
1785949061.056,64668.01,8e-05,False
1785949061.056,64668.01,8e-05,False
1785949061.056,64668.01,8e-05,False
1785949061.056,64668.01,8e-05,False
1785949061.056,64668.01,8e-05,False
1785949061.056,64668.01,8e-05,False
1785949061.056,64668.04,0.00371,False
1785949061.056,64668.66,8e-05,False
1785949061.056,64669.33,0.00296,False
1785949061.056,64669.78,9e-05,False
1785949061.056,64669.99,9e-05,False
1785949061.056,64669.99,9e-05,False
1785949061.056,64669.99,9e-05,False
1785949061.056,64670.0,0.005,False
1785949061.056,64670.0,0.007,False
1785949061.056,64670.0,0.006,False
1785949061.056,64670.0,0.008,False
1785949061.056,64670.0,0.01,False
1785949061.056,64670.14,0.00019,False
1785949061.056,64670.62,0.00222,False
1785949061.056,64670.67,8e-05,False
1785949061.056,64671.11,8e-05,False
1785949061.056,64671.11,8e-05,False
1785949061.056,64671.59,9e-05,False
1785949061.056,64671.59,9e-05,False
1785949061.056,64671.59,9e-05,False
1785949061.339,64671.6,8e-05,False
1785949063.046,64671.6,9e-05,False
1785949063.046,64671.6,7e-05,False
1785949063.549,64671.6,1e-05,False
1785949063.549,64671.6,8e-05,False
1785949063.549,64671.6,8e-05,False
1785949063.549,64671.6,8e-05,False
1785949063.549,64671.6,8e-05,False
1785949063.549,64671.6,8e-05,False
1785949063.549,64671.6,8e-05,False
1785949063.549,64671.6,8e-05,False
1785949063.549,64671.6,8e-05,False
1785949063.549,64671.6,8e-05,False
1785949063.549,64671.6,8e-05,False
1785949063.549,64671.6,8e-05,False
1785949063.549,64671.6,0.00016,False
1785949063.549,64671.6,8e-05,False
1785949063.549,64671.6,8e-05,False
1785949063.549,64671.6,8e-05,False
1785949063.549,64671.6,8e-05,False
1785949063.549,64671.6,8e-05,False
1785949063.549,64671.6,8e-05,False
1785949063.549,64671.6,1e-05,False
1785949063.549,64671.6,0.00015,False
1785949063.549,64671.6,9e-05,False
1785949063.549,64671.6,9e-05,False
1785949063.549,64671.6,9e-05,False
1785949063.549,64671.6,9e-05,False
1785949063.549,64671.6,8e-05,False
1785949063.549,64671.6,8e-05,False
1785949063.549,64671.6,8e-05,False
1785949063.549,64671.6,8e-05,False
1785949063.549,64671.6,8e-05,False
1785949063.549,64671.6,9e-05,False
1785949063.549,64671.6,8e-05,False
1785949063.549,64671.6,8e-05,False
1785949063.549,64671.6,8e-05,False
1785949063.549,64671.6,8e-05,False
1785949063.549,64671.6,8e-05,False
1785949063.549,64671.6,8e-05,False
1785949063.549,64671.6,8e-05,False
1785949063.549,64671.61,8e-05,False
1785949063.549,64671.61,8e-05,False
1785949063.549,64671.61,8e-05,False
1785949063.549,64671.61,8e-05,False
1785949063.549,64671.61,8e-05,False
1785949063.549,64671.61,8e-05,False
1785949063.549,64671.61,8e-05,False
1785949063.549,64671.61,0.00016,False
1785949063.549,64671.61,0.00519,False
1785949063.549,64671.61,0.00014,False
1785949063.552,64671.61,0.00505,False
1785949063.552,64671.61,0.00519,False
1785949063.552,64671.61,8e-05,False
1785949063.552,64671.61,0.00519,False
1785949063.552,64671.61,0.0001,False
1785949063.558,64671.61,0.00509,False
1785949063.558,64671.61,8e-05,False
1785949063.558,64671.61,8e-05,False
1785949063.558,64671.61,9e-05,False
1785949063.558,64671.61,9e-05,False
1785949063.558,64671.61,8e-05,False
1785949063.558,64671.61,8e-05,False
1785949063.558,64671.61,8e-05,False
1785949063.558,64671.61,8e-05,False
1785949063.558,64671.61,0.0026,False
1785949063.586,64671.61,0.00259,False
1785949063.586,64671.61,0.00519,False
1785949063.586,64671.61,0.00519,False
1785949063.586,64671.61,8e-05,False
1785949063.586,64671.61,8e-05,False
1785949063.586,64671.61,8e-05,False
1785949063.586,64671.61,8e-05,False
1785949063.586,64671.61,8e-05,False
1785949063.586,64671.61,8e-05,False
1785949063.586,64671.61,8e-05,False
1785949063.586,64671.61,8e-05,False
1785949063.586,64671.61,8e-05,False
1785949063.586,64671.61,8e-05,False
1785949063.586,64671.61,8e-05,False
1785949063.586,64671.61,0.00519,False
1785949063.586,64671.61,8e-05,False
1785949063.586,64671.61,8e-05,False
1785949063.586,64671.61,9e-05,False
1785949063.586,64671.61,9e-05,False
1785949063.586,64671.61,8e-05,False
1785949063.586,64671.61,0.00519,False
1785949063.586,64671.61,0.00519,False
1785949063.586,64671.61,0.00519,False
1785949063.586,64671.61,0.00519,False
1785949063.586,64671.61,0.00519,False
1785949063.586,64671.61,0.00118,False
1785949063.602,64671.61,0.00036,False
1785949063.623,64671.61,0.00365,False
1785949063.623,64671.61,0.00519,False
1785949063.623,64671.61,0.00519,False
1785949063.623,64671.61,0.00519,False
1785949063.623,64671.61,9e-05,False
1785949063.623,64671.61,8e-05,False
1785949063.623,64671.61,9e-05,False
1785949063.623,64671.61,8e-05,False
1785949063.623,64671.61,8e-05,False
1785949063.623,64671.61,8e-05,False
1785949063.623,64671.61,8e-05,False
1785949063.623,64671.61,8e-05,False
1785949063.623,64671.61,8e-05,False
1785949063.623,64671.61,8e-05,False
1785949063.623,64671.61,8e-05,False
1785949063.623,64671.61,8e-05,False
1785949063.623,64671.61,8e-05,False
1785949063.623,64671.61,0.00519,False
1785949063.623,64671.61,0.00519,False
1785949063.623,64671.61,0.00519,False
1785949063.623,64671.61,0.00519,False
1785949063.623,64671.61,8e-05,False
1785949063.623,64671.61,0.00519,False
1785949063.623,64671.61,0.00519,False
1785949063.623,64671.61,0.00049,False
1785949063.629,64671.61,0.0047,False
1785949063.629,64671.61,0.00519,False
1785949063.629,64671.61,0.00519,False
1785949063.629,64671.61,0.00519,False
1785949063.629,64671.61,8e-05,False
1785949063.629,64671.61,8e-05,False
1785949063.629,64671.61,8e-05,False
1785949063.629,64671.61,8e-05,False
1785949063.629,64671.61,9e-05,False
1785949063.629,64671.61,9e-05,False
1785949063.629,64671.61,8e-05,False
1785949063.629,64671.61,8e-05,False
1785949063.629,64671.61,8e-05,False
1785949063.629,64671.61,8e-05,False
1785949063.629,64671.61,8e-05,False
1785949063.629,64671.61,8e-05,False
1785949063.629,64671.61,0.00519,False
1785949063.629,64671.61,0.00519,False
1785949063.629,64671.61,0.00519,False
1785949063.629,64671.61,0.00519,False
1785949063.629,64671.61,0.00519,False
1785949063.629,64671.61,0.00519,False
1785949063.629,64671.61,0.00519,False
1785949063.629,64671.61,0.00519,False
1785949063.629,64671.61,0.00519,False
1785949063.629,64671.61,0.00519,False
1785949063.629,64671.61,0.00519,False
1785949063.629,64671.61,0.00519,False
1785949063.629,64671.61,0.00519,False
1785949063.629,64671.61,0.00519,False
1785949063.629,64671.61,0.00519,False
1785949063.629,64671.61,0.00519,False
1785949063.629,64671.61,0.00519,False
1785949063.629,64671.61,0.00519,False
1785949063.629,64671.61,0.00519,False
1785949063.629,64671.61,0.00519,False
1785949063.629,64671.61,0.00519,False
1785949063.629,64671.61,0.00519,False
1785949063.629,64671.61,0.00519,False
1785949063.629,64671.61,0.00519,False
1785949063.629,64671.61,0.00519,False
1785949063.629,64671.61,0.00519,False
1785949063.629,64671.61,0.00519,False
1785949063.629,64671.61,0.00519,False
1785949063.629,64671.61,0.00519,False
1785949063.629,64671.61,0.00519,False
1785949063.629,64671.61,0.00516,False
1785949063.629,64671.61,0.00191,False
1785949063.629,64671.61,0.00519,False
1785949063.629,64671.61,0.00519,False
1785949063.629,64671.61,0.00395,False
1785949063.629,64671.61,0.00519,False
1785949063.629,64671.61,0.00519,False
1785949063.629,64671.61,0.00363,False
1785949063.629,64671.62,0.00016,False
1785949063.629,64671.62,8e-05,False
1785949063.629,64671.62,8e-05,False
1785949063.629,64671.62,8e-05,False
1785949063.629,64671.62,8e-05,False
1785949063.629,64671.62,8e-05,False
1785949063.629,64671.62,8e-05,False
1785949063.629,64671.62,8e-05,False
1785949063.629,64671.62,8e-05,False
1785949063.629,64671.62,8e-05,False
1785949063.629,64671.62,8e-05,False
1785949063.629,64671.87,8e-05,False
1785949063.629,64671.99,9e-05,False
1785949063.629,64671.99,9e-05,False
1785949063.629,64671.99,9e-05,False
1785949063.652,64672.0,0.00274,False
1785949063.654,64672.0,0.00226,False
1785949063.654,64672.0,0.008,False
1785949063.654,64672.0,0.007,False
1785949063.654,64672.0,0.006,False
1785949063.654,64672.0,8e-05,False
1785949063.654,64672.0,8e-05,False
1785949063.654,64672.0,9e-05,False
1785949063.654,64672.0,9e-05,False
1785949063.654,64672.0,8e-05,False
1785949063.654,64672.0,8e-05,False
1785949063.654,64672.0,8e-05,False
1785949063.654,64672.0,8e-05,False
1785949063.654,64672.0,8e-05,False
1785949063.654,64672.0,8e-05,False
1785949063.654,64672.0,8e-05,False
1785949063.654,64672.0,8e-05,False
1785949063.654,64672.0,8e-05,False
1785949063.654,64672.0,8e-05,False
1785949063.654,64672.0,8e-05,False
1785949063.654,64672.0,8e-05,False
1785949063.654,64672.0,8e-05,False
1785949063.654,64672.0,8e-05,False
1785949063.654,64672.01,8e-05,False
1785949063.654,64672.01,8e-05,False
1785949063.654,64672.01,8e-05,False
1785949063.654,64672.01,8e-05,False
1785949063.654,64672.01,8e-05,False
1785949063.654,64672.01,8e-05,False
1785949063.654,64672.43,0.00015,False
1785949063.654,64672.85,0.0041,False
1785949063.655,64672.85,0.00024,False
1785949063.655,64673.01,9e-05,False
1785949063.671,64673.28,9e-05,False
1785949063.671,64673.28,8e-05,False
1785949063.671,64673.28,8e-05,False
1785949063.671,64673.28,9e-05,False
1785949063.671,64673.28,9e-05,False
1785949063.671,64673.28,8e-05,False
1785949063.671,64673.28,8e-05,False
1785949063.671,64673.28,8e-05,False
1785949063.671,64673.28,8e-05,False
1785949063.671,64673.28,8e-05,False
1785949063.671,64673.28,8e-05,False
1785949063.671,64673.28,8e-05,False
1785949063.671,64673.28,8e-05,False
1785949063.671,64673.28,8e-05,False
1785949063.671,64673.28,8e-05,False
1785949063.671,64673.28,8e-05,False
1785949063.671,64673.28,8e-05,False
1785949063.671,64673.29,8e-05,False
1785949063.671,64673.29,8e-05,False
1785949063.671,64673.29,8e-05,False
1785949063.671,64673.29,8e-05,False
1785949063.671,64673.29,8e-05,False
1785949063.671,64673.29,8e-05,False
1785949063.671,64673.99,9e-05,False
1785949063.671,64673.99,9e-05,False
1785949063.671,64673.99,9e-05,False
1785949063.671,64674.0,0.00054,False
1785949063.705,64673.99,8e-05,True
1785949063.84,64673.99,0.01538,True
1785949063.84,64673.99,0.00896,True
1785949063.927,64674.0,0.0016,False
1785949064.011,64673.99,0.0078,True
1785949064.45,64673.99,0.00094,True
1785949065.716,64674.0,0.00033,False
1785949065.716,64674.0,0.00033,False
1785949065.725,64674.0,0.00034,False
1785949065.73,64674.0,0.00034,False
1785949065.742,64674.0,0.00152,False
1785949065.742,64674.0,0.00106,False
1785949065.745,64674.0,0.00277,False
1785949065.784,64674.0,0.00031,False
1785949065.922,64674.0,0.00386,False
1785949065.922,64674.0,0.007,False
1785949065.922,64674.0,0.006,False
1785949065.922,64674.0,0.00265,False
1785949066.16,64673.99,0.00026,True
1785949066.516,64674.0,8e-05,False
1785949067.273,64674.0,0.00012,False
1785949068.014,64673.99,0.00085,True
1785949068.363,64673.99,0.00033,True
1785949069.264,64674.0,0.00731,False
1785949069.29,64674.0,0.00012,False
1785949069.716,64673.99,8e-05,True
1785949070.014,64673.99,0.0003,True
1785949070.197,64673.99,0.00159,True
1785949070.242,64674.0,0.00344,False
1785949070.242,64674.0,8e-05,False
1785949070.242,64674.0,8e-05,False
1785949070.242,64674.0,8e-05,False
1785949070.242,64674.0,4e-05,False
1785949070.275,64674.0,4e-05,False
1785949070.275,64674.0,8e-05,False
1785949070.275,64674.0,8e-05,False
1785949070.275,64674.0,8e-05,False
1785949070.275,64674.0,8e-05,False
1785949070.286,64674.0,8e-05,False
1785949070.286,64674.0,0.00016,False
1785949070.286,64674.0,8e-05,False
1785949070.286,64674.0,4e-05,False
1785949070.288,64674.0,4e-05,False
1785949070.288,64674.0,8e-05,False
1785949070.288,64674.0,8e-05,False
1785949070.288,64674.0,8e-05,False
1785949070.288,64674.0,8e-05,False
1785949070.288,64674.0,1e-05,False
1785949070.331,64674.0,0.00015,False
1785949070.331,64674.0,8e-05,False
1785949070.331,64674.0,8e-05,False
1785949070.331,64674.0,8e-05,False
1785949070.331,64674.0,9e-05,False
1785949070.331,64674.0,8e-05,False
1785949070.331,64674.0,8e-05,False
1785949070.331,64674.0,8e-05,False
1785949070.331,64674.0,8e-05,False
1785949070.331,64674.0,8e-05,False
1785949070.331,64674.0,8e-05,False
1785949070.331,64674.0,8e-05,False
1785949070.331,64674.0,8e-05,False
1785949070.331,64674.0,8e-05,False
1785949070.331,64674.0,8e-05,False
1785949070.331,64674.0,8e-05,False
1785949070.331,64674.0,8e-05,False
1785949070.331,64674.0,9e-05,False
1785949070.331,64674.0,0.00016,False
1785949070.331,64674.01,8e-05,False
1785949070.331,64674.01,8e-05,False
1785949070.331,64674.01,8e-05,False
1785949070.331,64674.01,8e-05,False
1785949070.331,64674.01,8e-05,False
1785949070.331,64674.01,8e-05,False
1785949070.331,64674.01,8e-05,False
1785949070.331,64674.01,8e-05,False
1785949070.331,64674.01,0.00016,False
1785949070.331,64674.01,8e-05,False
1785949070.331,64674.01,9e-05,False
1785949070.334,64674.01,0.00098,False
1785949070.334,64674.01,8e-05,False
1785949070.334,64674.01,8e-05,False
1785949070.334,64674.01,8e-05,False
1785949070.334,64674.01,9e-05,False
1785949070.334,64674.01,9e-05,False
1785949070.334,64674.01,8e-05,False
1785949070.334,64674.01,8e-05,False
1785949070.334,64674.01,8e-05,False
1785949070.334,64674.01,8e-05,False
1785949070.334,64674.01,8e-05,False
1785949070.334,64674.01,8e-05,False
1785949070.334,64674.01,8e-05,False
1785949070.334,64674.02,0.00016,False
1785949070.334,64674.02,8e-05,False
1785949070.334,64674.02,8e-05,False
1785949070.334,64674.02,8e-05,False
1785949070.389,64674.35,0.00017,False
1785949070.389,64674.35,8e-05,False
1785949070.389,64674.35,9e-05,False
1785949070.389,64674.35,9e-05,False
1785949070.389,64674.35,8e-05,False
1785949070.389,64674.35,8e-05,False
1785949070.389,64674.35,8e-05,False
1785949070.389,64674.35,8e-05,False
1785949070.389,64674.35,8e-05,False
1785949070.389,64674.35,8e-05,False
1785949070.389,64674.35,8e-05,False
1785949070.389,64674.35,8e-05,False
1785949070.389,64674.35,8e-05,False
1785949070.389,64674.35,8e-05,False
1785949070.389,64674.35,8e-05,False
1785949070.389,64674.35,8e-05,False
1785949070.389,64674.35,8e-05,False
1785949070.389,64674.35,8e-05,False
1785949070.389,64674.35,1e-05,False
1785949070.503,64674.34,0.00309,True
1785949071.242,64674.35,7e-05,False
1785949071.242,64674.35,8e-05,False
1785949071.242,64674.35,8e-05,False
1785949071.242,64674.35,8e-05,False
1785949071.242,64674.35,8e-05,False
1785949071.242,64674.35,9e-05,False
1785949071.242,64674.35,9e-05,False
1785949071.242,64674.35,8e-05,False
1785949071.242,64674.35,8e-05,False
1785949071.242,64674.35,8e-05,False
1785949071.242,64674.35,8e-05,False
1785949071.242,64674.35,8e-05,False
1785949071.242,64674.35,8e-05,False
1785949071.242,64674.35,7e-05,False
1785949071.333,64674.35,1e-05,False
1785949071.333,64674.35,8e-05,False
1785949071.333,64674.35,8e-05,False
1785949071.333,64674.35,0.00016,False
1785949071.333,64674.35,8e-05,False
1785949071.333,64674.35,8e-05,False
1785949071.333,64674.35,8e-05,False
1785949071.333,64674.35,8e-05,False
1785949071.333,64674.35,8e-05,False
1785949071.333,64674.35,8e-05,False
1785949071.333,64674.35,9e-05,False
1785949071.333,64674.35,8e-05,False
1785949071.333,64674.35,9e-05,False
1785949071.333,64674.35,5e-05,False
1785949071.45,64674.35,3e-05,False
1785949071.45,64674.35,8e-05,False
1785949071.45,64674.35,8e-05,False
1785949071.45,64674.35,8e-05,False
1785949071.45,64674.35,8e-05,False
1785949071.45,64674.35,8e-05,False
1785949071.45,64674.35,8e-05,False
1785949071.45,64674.35,9e-05,False
1785949071.45,64674.35,8e-05,False
1785949071.45,64674.35,9e-05,False
1785949071.45,64674.35,8e-05,False
1785949071.45,64674.35,8e-05,False
1785949071.45,64674.35,8e-05,False
1785949071.45,64674.35,8e-05,False
1785949071.45,64674.35,3e-05,False
1785949071.541,64674.35,5e-05,False
1785949071.541,64674.35,0.00016,False
1785949071.541,64674.35,8e-05,False
1785949071.541,64674.35,8e-05,False
1785949071.541,64674.35,8e-05,False
1785949071.541,64674.35,9e-05,False
1785949071.541,64674.35,9e-05,False
1785949071.541,64674.35,8e-05,False
1785949071.541,64674.35,8e-05,False
1785949071.541,64674.35,8e-05,False
1785949071.541,64674.35,8e-05,False
1785949071.541,64674.35,8e-05,False
1785949071.541,64674.35,8e-05,False
1785949071.541,64674.35,1e-05,False
1785949071.629,64674.35,7e-05,False
1785949071.629,64674.35,8e-05,False
1785949071.629,64674.35,0.00097,False
1785949071.783,64674.34,0.04704,True
1785949071.783,64674.34,9e-05,True
1785949071.783,64674.34,0.10921,True
1785949072.056,64674.35,8e-05,False
1785949072.056,64674.35,9e-05,False
1785949072.056,64674.35,8e-05,False
1785949072.056,64674.35,9e-05,False
1785949072.056,64674.35,8e-05,False
1785949072.056,64674.35,8e-05,False
1785949072.056,64674.35,8e-05,False
1785949072.056,64674.35,8e-05,False
1785949072.056,64674.35,8e-05,False
1785949072.056,64674.35,8e-05,False
1785949072.056,64674.35,8e-05,False
1785949072.056,64674.35,8e-05,False
1785949072.056,64674.35,0.00017,False
1785949072.056,64674.35,8e-05,False
1785949072.056,64674.35,8e-05,False
1785949072.056,64674.35,8e-05,False
1785949072.056,64674.35,8e-05,False
1785949072.056,64674.35,0.00016,False
1785949072.056,64674.35,0.001,False
1785949072.056,64674.35,0.0043,False
1785949072.056,64674.35,0.32374,False
1785949072.663,64674.34,0.00032,True
1785949073.583,64674.34,8e-05,True
1785949073.638,64674.35,8e-05,False
1785949077.253,64674.35,0.00033,False
1785949078.552,64674.34,0.00299,True
1785949078.867,64674.34,8e-05,True
1785949078.867,64674.34,0.1589,True
1785949078.867,64674.34,8e-05,True
1785949078.867,64674.34,0.00016,True
1785949078.867,64674.34,8e-05,True
1785949078.867,64674.34,8e-05,True
1785949078.867,64674.34,8e-05,True
1785949078.867,64674.34,0.00307,True
1785949078.867,64674.34,0.00773,True
1785949078.867,64674.34,8e-05,True
1785949078.867,64674.34,0.00048,True
1785949078.867,64674.34,0.0007,True
1785949078.867,64674.34,8e-05,True
1785949078.867,64674.34,0.01,True
1785949078.867,64674.34,0.0001,True
1785949078.867,64674.34,9e-05,True
1785949078.867,64674.34,8e-05,True
1785949078.867,64674.34,8e-05,True
1785949078.867,64674.34,8e-05,True
1785949078.867,64674.34,9e-05,True
1785949078.867,64674.34,9e-05,True
1785949078.867,64674.34,8e-05,True
1785949078.867,64674.34,8e-05,True
1785949078.867,64674.34,8e-05,True
1785949078.867,64674.34,8e-05,True
1785949078.867,64674.34,8e-05,True
1785949078.867,64674.34,0.45708,True
1785949078.867,64674.34,0.00147,True
1785949078.867,64674.34,9e-05,True
1785949078.867,64674.34,0.0205,True
1785949078.867,64674.34,0.00012,True
1785949078.867,64674.34,8e-05,True
1785949078.867,64674.34,8e-05,True
1785949078.867,64674.34,8e-05,True
1785949078.867,64674.34,8e-05,True
1785949078.867,64674.34,0.0025,True
1785949078.867,64674.34,8e-05,True
1785949078.869,64674.34,8e-05,True
1785949078.869,64674.34,8e-05,True
1785949078.869,64674.34,8e-05,True
1785949078.869,64674.34,0.00016,True
1785949078.869,64674.34,8e-05,True
1785949078.869,64674.34,9e-05,True
1785949078.869,64674.34,8e-05,True
1785949078.869,64674.34,8e-05,True
1785949078.869,64674.34,8e-05,True
1785949078.869,64674.34,9e-05,True
1785949078.869,64674.34,9e-05,True
1785949078.869,64674.34,8e-05,True
1785949078.869,64674.34,8e-05,True
1785949078.869,64674.34,8e-05,True
1785949078.869,64674.34,8e-05,True
1785949078.869,64674.34,8e-05,True
1785949078.869,64674.33,0.00016,True
1785949078.869,64674.33,9e-05,True
1785949078.869,64674.33,9e-05,True
1785949078.869,64674.33,8e-05,True
1785949078.869,64674.33,8e-05,True
1785949078.869,64674.33,8e-05,True
1785949078.869,64674.33,8e-05,True
1785949078.869,64674.33,8e-05,True
1785949078.869,64674.33,8e-05,True
1785949078.869,64674.33,8e-05,True
1785949078.869,64674.32,0.00016,True
1785949078.869,64674.0,8e-05,True
1785949078.869,64674.0,9e-05,True
1785949078.869,64674.0,9e-05,True
1785949078.869,64674.0,0.00023,True
1785949078.869,64674.0,8e-05,True
1785949078.869,64674.0,9e-05,True
1785949078.869,64674.0,8e-05,True
1785949078.87,64674.0,8e-05,True
1785949078.87,64674.0,8e-05,True
1785949079.205,64673.99,8e-05,True
1785949079.996,64673.99,0.00149,True
1785949080.287,64674.0,0.00011,False
1785949080.312,64673.99,0.00118,True
1785949080.313,64673.99,0.00136,True
1785949082.45,64673.99,0.00032,True
1785949082.636,64674.0,0.00014,False
1785949082.665,64674.0,0.00035,False
1785949082.681,64674.0,0.00203,False
1785949083.125,64673.99,0.00015,True
1785949083.486,64673.99,0.00018,True
1785949083.983,64674.0,8e-05,False
1785949083.983,64674.0,0.00201,False
1785949083.995,64674.0,8e-05,False
1785949083.995,64674.0,8e-05,False
1785949083.995,64674.0,0.00016,False
1785949083.995,64674.0,8e-05,False
1785949083.995,64674.0,8e-05,False
1785949083.995,64674.0,0.00773,False
1785949083.995,64674.0,8e-05,False
1785949083.995,64674.0,8e-05,False
1785949083.995,64674.0,8e-05,False
1785949083.995,64674.0,8e-05,False
1785949083.995,64674.0,0.0011,False
1785949083.995,64674.0,9e-05,False
1785949083.995,64674.0,8e-05,False
1785949083.995,64674.0,0.001,False
1785949083.995,64674.0,0.00087,False
1785949083.995,64674.0,8e-05,False
1785949083.995,64674.0,8e-05,False
1785949083.995,64674.0,9e-05,False
1785949083.995,64674.0,8e-05,False
1785949083.995,64674.0,8e-05,False
1785949083.995,64674.0,9e-05,False
1785949083.995,64674.0,8e-05,False
1785949083.995,64674.0,8e-05,False
1785949083.995,64674.0,8e-05,False
1785949083.995,64674.0,8e-05,False
1785949083.995,64674.0,8e-05,False
1785949083.995,64674.0,8e-05,False
1785949083.995,64674.0,0.1589,False
1785949083.995,64674.0,8e-05,False
1785949083.995,64674.0,8e-05,False
1785949083.995,64674.0,8e-05,False
1785949083.995,64674.0,8e-05,False
1785949083.995,64674.0,8e-05,False
1785949083.995,64674.0,8e-05,False
1785949083.995,64674.0,8e-05,False
1785949083.995,64674.0,8e-05,False
1785949083.995,64674.0,8e-05,False
1785949083.995,64674.0,8e-05,False
1785949083.995,64674.0,8e-05,False
1785949083.995,64674.01,0.00016,False
1785949083.995,64674.01,8e-05,False
1785949083.995,64674.01,8e-05,False
1785949083.995,64674.01,0.00071,False
1785949083.995,64674.01,8e-05,False
1785949083.995,64674.01,8e-05,False
1785949083.995,64674.01,8e-05,False
1785949083.995,64674.01,8e-05,False
1785949083.995,64674.01,8e-05,False
1785949083.995,64674.02,0.00016,False
1785949083.995,64674.35,0.00016,False
1785949083.995,64674.35,8e-05,False
1785949083.995,64674.35,8e-05,False
1785949083.995,64674.35,8e-05,False
1785949083.995,64674.35,8e-05,False
1785949083.995,64674.35,8e-05,False
1785949084.483,64674.66,0.00019,True
1785949085.231,64674.67,0.00108,False
1785949085.231,64674.67,9e-05,False
1785949085.231,64674.67,8e-05,False
1785949085.231,64674.67,0.003,False
1785949085.231,64674.67,0.003,False
1785949085.231,64674.67,8e-05,False
1785949085.231,64674.67,0.003,False
1785949085.231,64674.67,0.003,False
1785949085.231,64674.67,0.003,False
1785949085.231,64674.67,0.003,False
1785949085.231,64674.67,0.003,False
1785949085.231,64674.67,0.003,False
1785949085.231,64674.67,0.003,False
1785949085.231,64674.67,8e-05,False
1785949085.231,64674.67,8e-05,False
1785949085.231,64674.67,0.003,False
1785949085.231,64674.67,8e-05,False
1785949085.231,64674.67,8e-05,False
1785949085.231,64674.67,8e-05,False
1785949085.231,64674.67,8e-05,False
1785949085.231,64674.67,8e-05,False
1785949085.231,64674.67,8e-05,False
1785949085.231,64674.67,8e-05,False
1785949085.231,64674.67,8e-05,False
1785949085.231,64674.67,8e-05,False
1785949085.231,64674.67,8e-05,False
1785949085.231,64674.67,9e-05,False
1785949085.231,64674.67,0.00016,False
1785949085.231,64674.67,8e-05,False
1785949085.231,64674.68,8e-05,False
1785949085.231,64674.68,8e-05,False
1785949085.231,64674.68,8e-05,False
1785949085.231,64674.68,8e-05,False
1785949085.231,64674.68,8e-05,False
1785949085.231,64674.68,8e-05,False
1785949085.231,64674.68,8e-05,False
1785949085.233,64675.01,0.0025,False
1785949085.233,64675.01,8e-05,False
1785949085.233,64675.01,9e-05,False
1785949085.233,64675.01,8e-05,False
1785949085.233,64675.01,9e-05,False
1785949085.233,64675.01,8e-05,False
1785949085.233,64675.01,8e-05,False
1785949085.233,64675.01,8e-05,False
1785949085.233,64675.01,8e-05,False
1785949085.233,64675.01,8e-05,False
1785949085.233,64675.01,8e-05,False
1785949085.233,64675.02,8e-05,False
1785949085.233,64675.04,8e-05,False
1785949085.233,64675.04,8e-05,False
1785949085.233,64675.08,8e-05,False
1785949085.233,64675.32,0.00431,False
1785949085.233,64675.99,9e-05,False
1785949085.233,64675.99,9e-05,False
1785949085.233,64675.99,9e-05,False
1785949085.247,64676.0,0.0013,False
1785949085.265,64675.99,0.37111,True
1785949085.267,64676.0,0.0037,False
1785949085.267,64676.0,0.008,False
1785949085.267,64676.0,0.007,False
1785949085.267,64676.0,0.006,False
1785949085.267,64676.0,9e-05,False
1785949085.267,64676.0,9e-05,False
1785949085.267,64676.0,8e-05,False
1785949085.267,64676.0,8e-05,False
1785949085.267,64676.0,8e-05,False
1785949085.267,64676.0,8e-05,False
1785949085.267,64676.0,8e-05,False
1785949085.267,64676.0,8e-05,False
1785949085.267,64676.0,8e-05,False
1785949085.267,64676.0,8e-05,False
1785949085.267,64676.0,8e-05,False
1785949085.267,64676.0,8e-05,False
1785949085.267,64676.0,8e-05,False
1785949085.267,64676.0,8e-05,False
1785949085.267,64676.0,8e-05,False
1785949085.267,64676.0,8e-05,False
1785949085.267,64676.0,8e-05,False
1785949085.267,64676.0,8e-05,False
1785949085.267,64676.0,8e-05,False
1785949085.267,64676.0,8e-05,False
1785949085.267,64676.0,8e-05,False
1785949085.267,64676.0,8e-05,False
1785949085.267,64676.0,8e-05,False
1785949085.267,64676.0,8e-05,False
1785949085.267,64676.01,8e-05,False
1785949085.267,64676.01,8e-05,False
1785949085.267,64676.01,8e-05,False
1785949085.267,64676.01,8e-05,False
1785949085.267,64676.01,8e-05,False
1785949085.267,64676.01,8e-05,False
1785949085.301,64676.25,9e-05,False
1785949085.301,64676.25,8e-05,False
1785949085.301,64676.25,9e-05,False
1785949085.301,64676.25,9e-05,False
1785949085.301,64676.25,8e-05,False
1785949085.301,64676.25,8e-05,False
1785949085.301,64676.25,8e-05,False
1785949085.301,64676.25,8e-05,False
1785949085.301,64676.25,8e-05,False
1785949085.301,64676.25,8e-05,False
1785949085.301,64676.25,8e-05,False
1785949085.301,64676.25,8e-05,False
1785949085.301,64676.25,8e-05,False
1785949085.301,64676.25,8e-05,False
1785949085.301,64676.25,8e-05,False
1785949085.301,64676.25,8e-05,False
1785949085.301,64676.25,8e-05,False
1785949085.301,64676.25,8e-05,False
1785949085.301,64676.25,8e-05,False
1785949085.301,64676.25,8e-05,False
1785949085.335,64676.25,8e-05,False
1785949085.335,64676.25,8e-05,False
1785949085.335,64676.25,9e-05,False
1785949085.335,64676.25,9e-05,False
1785949085.335,64676.25,8e-05,False
1785949085.335,64676.25,8e-05,False
1785949085.335,64676.25,8e-05,False
1785949085.335,64676.25,8e-05,False
1785949085.335,64676.25,8e-05,False
1785949085.335,64676.25,8e-05,False
1785949085.335,64676.25,8e-05,False
1785949085.335,64676.25,8e-05,False
1785949085.335,64676.25,8e-05,False
1785949085.335,64676.25,8e-05,False
1785949085.335,64676.25,8e-05,False
1785949085.335,64676.25,0.00016,False
1785949085.335,64676.26,8e-05,False
1785949085.335,64676.26,8e-05,False
1785949085.335,64676.26,8e-05,False
1785949085.335,64676.26,8e-05,False
1785949085.335,64676.26,8e-05,False
1785949085.335,64676.26,8e-05,False
1785949085.335,64676.59,0.00019,False
1785949085.338,64677.52,8e-05,False
1785949085.338,64677.52,9e-05,False
1785949085.338,64677.52,0.02451,False
1785949085.837,64677.51,0.02438,True
1785949087.146,64677.52,8e-05,False
1785949087.146,64677.52,8e-05,False
1785949087.146,64677.52,8e-05,False
1785949087.146,64677.52,8e-05,False
1785949087.146,64677.52,8e-05,False
1785949087.146,64677.52,8e-05,False
1785949087.146,64677.52,8e-05,False
1785949087.146,64677.52,8e-05,False
1785949087.146,64677.52,8e-05,False
1785949087.146,64677.52,8e-05,False
1785949087.146,64677.52,8e-05,False
1785949087.146,64677.52,8e-05,False
1785949087.146,64677.52,9e-05,False
1785949087.146,64677.52,9e-05,False
1785949087.146,64677.52,9e-05,False
1785949087.146,64677.52,8e-05,False
1785949087.146,64677.52,8e-05,False
1785949087.146,64677.52,8e-05,False
1785949087.146,64677.52,9e-05,False
1785949087.146,64677.52,8e-05,False
1785949087.146,64677.52,0.00016,False
1785949087.146,64677.52,8e-05,False
1785949087.146,64677.52,9e-05,False
1785949087.146,64677.53,0.01533,False
1785949087.146,64677.53,8e-05,False
1785949087.146,64677.53,8e-05,False
1785949087.146,64677.53,8e-05,False
1785949087.146,64677.53,8e-05,False
1785949087.146,64677.53,8e-05,False
1785949087.146,64677.53,8e-05,False
1785949087.146,64677.53,8e-05,False
1785949087.148,64677.99,8e-05,False
1785949087.148,64677.99,8e-05,False
1785949087.148,64677.99,9e-05,False
1785949087.148,64677.99,9e-05,False
1785949087.148,64677.99,8e-05,False
1785949087.148,64677.99,8e-05,False
1785949087.176,64678.0,0.007,False
1785949087.176,64678.0,0.008,False
1785949087.176,64678.0,0.005,False
1785949087.176,64678.0,0.006,False
1785949087.176,64678.0,8e-05,False
1785949087.176,64678.0,8e-05,False
1785949087.176,64678.0,9e-05,False
1785949087.176,64678.0,9e-05,False
1785949087.176,64678.0,8e-05,False
1785949087.176,64678.0,8e-05,False
1785949087.176,64678.0,8e-05,False
1785949087.176,64678.0,8e-05,False
1785949087.176,64678.0,8e-05,False
1785949087.176,64678.0,8e-05,False
1785949087.176,64678.0,8e-05,False
1785949087.176,64678.0,8e-05,False
1785949087.176,64678.0,8e-05,False
1785949087.176,64678.0,8e-05,False
1785949087.176,64678.0,8e-05,False
1785949087.176,64678.0,8e-05,False
1785949087.176,64678.0,8e-05,False
1785949087.176,64678.0,8e-05,False
1785949087.176,64678.0,8e-05,False
1785949087.176,64678.0,8e-05,False
1785949087.176,64678.01,8e-05,False
1785949087.176,64678.01,8e-05,False
1785949087.176,64678.01,8e-05,False
1785949087.176,64678.01,8e-05,False
1785949087.176,64678.01,8e-05,False
1785949087.176,64678.29,8e-05,False
1785949087.176,64678.83,0.00415,False
1785949087.188,64678.83,0.00016,False
1785949087.188,64678.83,8e-05,False
1785949087.188,64678.83,8e-05,False
1785949087.188,64678.83,1e-05,False
1785949087.193,64678.83,7e-05,False
1785949087.193,64678.83,8e-05,False
1785949087.193,64678.83,9e-05,False
1785949087.193,64678.83,9e-05,False
1785949087.193,64678.83,4e-05,False
1785949087.197,64678.83,4e-05,False
1785949087.197,64678.83,8e-05,False
1785949087.197,64678.83,8e-05,False
1785949087.197,64678.83,8e-05,False
1785949087.197,64678.83,7e-05,False
1785949087.198,64678.83,1e-05,False
1785949087.198,64678.83,8e-05,False
1785949087.198,64678.83,8e-05,False
1785949087.198,64678.83,8e-05,False
1785949087.198,64678.83,8e-05,False
1785949087.198,64678.83,3e-05,False
1785949087.202,64678.83,5e-05,False
1785949087.202,64678.83,8e-05,False
1785949087.202,64678.83,8e-05,False
1785949087.202,64678.83,8e-05,False
1785949087.202,64678.83,9e-05,False
1785949087.202,64678.83,9e-05,False
1785949087.202,64678.83,8e-05,False
1785949087.202,64678.83,8e-05,False
1785949087.202,64678.83,8e-05,False
1785949087.202,64678.83,8e-05,False
1785949087.202,64678.83,8e-05,False
1785949087.202,64678.83,8e-05,False
1785949087.202,64678.83,8e-05,False
1785949087.202,64678.83,8e-05,False
1785949087.202,64678.83,8e-05,False
1785949087.202,64678.83,8e-05,False
1785949087.202,64678.83,8e-05,False
1785949087.202,64678.83,8e-05,False
1785949087.202,64678.84,8e-05,False
1785949087.202,64678.84,8e-05,False
1785949087.202,64678.84,8e-05,False
1785949087.202,64678.84,8e-05,False
1785949087.202,64678.84,8e-05,False
1785949087.202,64679.4,8e-05,False
1785949087.202,64679.4,8e-05,False
1785949087.202,64679.4,8e-05,False
1785949087.202,64679.4,8e-05,False
1785949087.202,64679.4,8e-05,False
1785949087.202,64679.48,9e-05,False
1785949087.202,64679.99,9e-05,False
1785949087.202,64679.99,9e-05,False
1785949087.202,64679.99,6e-05,False
1785949087.203,64679.4,8e-05,False
1785949087.203,64679.99,3e-05,False
1785949087.203,64680.0,0.00027,False
1785949087.206,64680.0,0.00037,False
1785949087.212,64680.0,0.00036,False
1785949087.221,64680.0,0.00036,False
1785949087.247,64680.0,0.00035,False
1785949087.305,64680.0,0.00829,False
1785949087.305,64680.0,9e-05,False
1785949087.305,64680.0,0.007,False
1785949087.305,64680.0,0.008,False
1785949087.305,64680.0,0.005,False
1785949087.305,64680.0,0.006,False
1785949087.305,64680.0,0.00309,False
1785949087.305,64680.0,8e-05,False
1785949087.305,64680.0,0.003,False
1785949087.305,64680.0,0.003,False
1785949087.305,64680.0,0.00217,False
1785949087.394,64680.0,0.00083,False
1785949087.394,64680.0,0.003,False
1785949087.394,64680.0,0.00079,False
1785949087.564,64680.0,0.00032,False
1785949088.545,64679.99,0.00148,True
1785949089.861,64679.99,0.00458,True
1785949091.517,64679.99,0.00015,True
1785949092.583,64679.99,0.00032,True
1785949093.112,64680.0,0.00189,False
1785949093.112,64680.0,0.003,False
1785949093.112,64680.0,0.003,False
1785949093.112,64680.0,0.003,False
1785949093.112,64680.0,0.003,False
1785949093.112,64680.0,0.003,False
1785949093.112,64680.0,0.003,False
1785949093.112,64680.0,0.003,False
1785949093.112,64680.0,0.003,False
1785949093.112,64680.0,0.003,False
1785949093.112,64680.0,0.003,False
1785949093.112,64680.0,0.003,False
1785949093.112,64680.0,8e-05,False
1785949093.112,64680.0,0.003,False
1785949093.112,64680.0,0.00858,False
1785949093.207,64679.99,0.00032,True
1785949093.475,64679.99,0.00178,True
1785949093.788,64680.0,0.00011,False
1785949094.174,64680.0,0.00015,False
1785949095.903,64680.0,0.00071,False
1785949096.973,64680.0,0.00016,False
1785949097.043,64680.0,0.00233,False
1785949097.046,64680.0,0.00078,False
1785949097.164,64680.0,0.00024,False
1785949097.246,64680.0,0.00155,False
1785949097.248,64680.0,0.00271,False
1785949097.298,64680.0,0.00024,False
1785949097.315,64680.0,0.00078,False
1785949097.347,64680.0,0.00028,False
1785949097.514,64680.0,0.00016,False
1785949097.747,64680.0,0.00516,False
1785949097.764,64680.0,0.00016,False
1785949097.947,64680.0,0.00155,False
1785949097.987,64680.0,0.00155,False
1785949098.165,64680.0,0.00032,False
1785949098.183,64680.0,0.00031,False
1785949098.287,64680.0,0.00078,False
1785949098.299,64680.0,0.00155,False
1785949098.299,64680.0,0.00016,False
1785949098.414,64680.0,0.00124,False
1785949098.514,64680.0,0.00077,False
1785949098.554,64680.0,9e-05,False
1785949098.573,64680.0,0.00016,False
1785949098.582,64680.0,0.00035,False
1785949098.847,64680.0,0.00016,False
1785949098.883,64680.0,0.00031,False
1785949098.915,64680.0,0.00016,False
1785949099.014,64680.0,0.00078,False
1785949099.374,64680.0,0.00047,False
1785949099.714,64680.0,0.00011,False
1785949100.047,64680.0,0.00011,False
1785949100.164,64680.0,0.00016,False
1785949100.283,64679.99,0.00071,True
1785949100.347,64680.0,0.00155,False
1785949100.437,64680.0,0.00078,False
1785949100.459,64679.99,0.06009,True
1785949100.459,64679.99,0.1589,True
1785949100.459,64679.99,8e-05,True
1785949100.459,64679.99,9e-05,True
1785949100.459,64679.99,0.00016,True
1785949100.459,64679.99,8e-05,True
1785949100.459,64679.99,8e-05,True
1785949100.459,64679.99,8e-05,True
1785949100.459,64679.99,8e-05,True
1785949100.459,64679.99,8e-05,True
1785949100.459,64679.99,0.00038,True
1785949100.459,64679.99,0.00149,True
1785949100.459,64679.99,8e-05,True
1785949100.459,64679.99,0.00773,True
1785949100.459,64679.99,0.00069,True
1785949100.459,64679.99,0.00016,True
1785949100.459,64679.99,0.00498,True
1785949100.459,64679.99,0.00208,True
1785949100.459,64679.99,0.00147,True
1785949100.459,64679.99,0.01,True
1785949100.459,64679.99,8e-05,True
1785949100.459,64679.99,8e-05,True
1785949100.459,64679.99,0.0001,True
1785949100.459,64679.99,0.00047,True
1785949100.459,64679.99,8e-05,True
1785949100.459,64679.99,8e-05,True
1785949100.459,64679.99,8e-05,True
1785949100.459,64679.99,8e-05,True
1785949100.459,64679.99,8e-05,True
1785949100.459,64679.99,8e-05,True
1785949100.459,64679.99,8e-05,True
1785949100.459,64679.99,8e-05,True
1785949100.459,64679.99,8e-05,True
1785949100.459,64679.99,8e-05,True
1785949100.459,64679.99,8e-05,True
1785949100.459,64679.99,9e-05,True
1785949100.459,64679.99,9e-05,True
1785949100.459,64679.99,8e-05,True
1785949100.459,64679.99,8e-05,True
1785949100.459,64679.99,8e-05,True
1785949100.459,64679.99,9e-05,True
1785949100.459,64679.99,0.00149,True
1785949100.459,64679.99,8e-05,True
1785949100.459,64679.99,8e-05,True
1785949100.459,64679.99,8e-05,True
1785949100.459,64679.99,8e-05,True
1785949100.459,64679.99,8e-05,True
1785949100.459,64679.99,8e-05,True
1785949100.459,64679.99,8e-05,True
1785949100.459,64679.99,8e-05,True
1785949100.459,64679.99,8e-05,True
1785949100.459,64679.99,8e-05,True
1785949100.459,64679.99,8e-05,True
1785949100.459,64679.99,8e-05,True
1785949100.46,64679.98,9e-05,True
1785949100.46,64679.98,0.00016,True
1785949100.46,64679.98,9e-05,True
1785949100.46,64679.98,8e-05,True
1785949100.46,64679.98,8e-05,True
1785949100.46,64679.98,8e-05,True
1785949100.46,64679.98,8e-05,True
1785949100.46,64679.98,8e-05,True
1785949100.46,64679.98,8e-05,True
1785949100.46,64679.98,8e-05,True
1785949100.46,64679.98,8e-05,True
1785949100.46,64679.97,0.00016,True
1785949100.46,64679.4,0.00023,True
1785949100.46,64679.39,8e-05,True
1785949100.46,64679.39,8e-05,True
1785949100.461,64679.17,8e-05,True
1785949100.461,64679.17,8e-05,True
1785949100.461,64679.17,0.01529,True
1785949100.461,64679.17,0.02509,True
1785949100.462,64679.17,8e-05,True
1785949100.462,64679.17,8e-05,True
1785949100.462,64679.17,8e-05,True
1785949100.462,64679.17,8e-05,True
1785949100.462,64679.17,8e-05,True
1785949100.462,64679.17,8e-05,True
1785949100.462,64679.17,8e-05,True
1785949100.462,64679.17,8e-05,True
1785949100.462,64679.17,8e-05,True
1785949100.464,64678.82,8e-05,True
1785949100.464,64678.82,8e-05,True
1785949100.464,64678.82,8e-05,True
1785949100.464,64678.82,8e-05,True
1785949100.464,64678.82,8e-05,True
1785949100.47,64678.69,0.00415,True
1785949100.47,64678.69,8e-05,True
1785949100.47,64678.69,8e-05,True
1785949100.47,64678.69,8e-05,True
1785949100.47,64678.69,8e-05,True
1785949100.47,64678.69,8e-05,True
1785949100.47,64678.69,8e-05,True
1785949100.47,64678.69,8e-05,True
1785949100.47,64678.69,8e-05,True
1785949100.47,64678.69,8e-05,True
1785949100.47,64678.69,8e-05,True
1785949100.47,64678.69,8e-05,True
1785949100.47,64678.69,8e-05,True
1785949100.47,64678.69,8e-05,True
1785949100.47,64678.69,8e-05,True
1785949100.47,64678.69,8e-05,True
1785949100.47,64678.69,9e-05,True
1785949100.47,64678.69,8e-05,True
1785949100.47,64678.69,9e-05,True
1785949100.47,64678.69,9e-05,True
1785949100.47,64678.69,8e-05,True
1785949100.47,64678.69,8e-05,True
1785949100.47,64678.69,8e-05,True
1785949100.47,64678.69,8e-05,True
1785949100.47,64678.68,9e-05,True
1785949100.47,64678.68,8e-05,True
1785949100.47,64678.68,8e-05,True
1785949100.47,64678.68,9e-05,True
1785949100.47,64678.68,8e-05,True
1785949100.47,64678.68,8e-05,True
1785949100.47,64678.68,8e-05,True
1785949100.47,64678.53,8e-05,True
1785949100.47,64678.29,8e-05,True
1785949100.47,64678.28,8e-05,True
1785949100.47,64678.28,8e-05,True
1785949100.47,64678.11,9e-05,True
1785949100.47,64678.11,9e-05,True
1785949100.47,64678.04,9e-05,True
1785949100.47,64678.04,9e-05,True
1785949100.47,64678.01,9e-05,True
1785949100.47,64678.01,9e-05,True
1785949100.47,64678.01,9e-05,True
1785949100.573,64678.01,0.00047,False
1785949101.048,64678.01,0.00011,False
1785949101.074,64678.01,0.00013,False
1785949101.314,64678.01,0.00031,False
1785949101.386,64678.01,0.0031,False
1785949101.44,64678.0,0.00011,True
1785949101.574,64678.01,0.00019,False
1785949101.637,64678.01,0.0014,False
1785949101.663,64678.01,0.00016,False
1785949101.699,64678.01,0.00141,False
1785949101.814,64678.01,0.00046,False
1785949101.883,64678.01,0.00047,False
1785949102.087,64678.01,0.00031,False
1785949102.099,64678.01,0.00026,False
1785949102.114,64678.01,0.00027,False
1785949102.114,64678.01,0.00031,False
1785949102.183,64678.01,0.00019,False
1785949102.57,64678.0,0.00154,True
1785949102.983,64678.01,0.00155,False
1785949103.379,64678.0,0.00032,True
1785949103.627,64678.01,0.007,False
1785949104.513,64678.01,0.00381,False
1785949106.603,64678.0,0.00033,True
1785949107.087,64678.0,0.0027,True
1785949107.087,64678.0,0.007,True
1785949107.087,64678.0,0.008,True
1785949107.087,64678.0,0.00104,True
1785949107.288,64678.0,0.00386,True
1785949108.106,64678.0,0.0011,True
1785949108.106,64678.0,8e-05,True
1785949108.106,64678.0,8e-05,True
1785949108.106,64678.0,8e-05,True
1785949108.106,64678.0,9e-05,True
1785949108.106,64678.0,0.00016,True
1785949108.106,64678.0,8e-05,True
1785949108.106,64678.0,8e-05,True
1785949108.106,64678.0,8e-05,True
1785949108.106,64678.0,8e-05,True
1785949108.106,64678.0,8e-05,True
1785949108.106,64678.0,8e-05,True
1785949108.106,64678.0,8e-05,True
1785949108.106,64678.0,8e-05,True
1785949108.106,64678.0,8e-05,True
1785949108.106,64678.0,8e-05,True
1785949108.106,64678.0,8e-05,True
1785949108.106,64678.0,0.01,True
1785949108.106,64678.0,0.0001,True
1785949108.106,64678.0,0.00016,True
1785949108.106,64678.0,8e-05,True
1785949108.106,64678.0,8e-05,True
1785949108.106,64678.0,8e-05,True
1785949108.106,64678.0,8e-05,True
1785949108.106,64678.0,8e-05,True
1785949108.106,64678.0,0.00147,True
1785949108.106,64678.0,8e-05,True
1785949108.106,64678.0,9e-05,True
1785949108.106,64678.0,9e-05,True
1785949108.106,64678.0,0.00486,True
1785949108.106,64678.0,8e-05,True
1785949108.106,64678.0,8e-05,True
1785949108.106,64678.0,9e-05,True
1785949108.106,64678.0,8e-05,True
1785949108.106,64678.0,8e-05,True
1785949108.106,64678.0,8e-05,True
1785949108.106,64678.0,8e-05,True
1785949108.106,64678.0,0.1589,True
1785949108.106,64678.0,8e-05,True
1785949108.106,64677.99,8e-05,True
1785949108.106,64677.99,9e-05,True
1785949108.106,64677.99,9e-05,True
1785949108.106,64677.99,8e-05,True
1785949108.106,64677.99,8e-05,True
1785949108.106,64677.99,0.00016,True
1785949108.106,64677.99,8e-05,True
1785949108.106,64677.99,8e-05,True
1785949108.106,64677.99,8e-05,True
1785949108.106,64677.99,0.0007,True
1785949108.106,64677.99,8e-05,True
1785949108.106,64677.99,8e-05,True
1785949108.106,64677.99,8e-05,True
1785949108.106,64677.99,8e-05,True
1785949108.106,64677.98,8e-05,True
1785949108.106,64677.98,0.00016,True
1785949108.106,64677.98,8e-05,True
1785949108.106,64677.94,0.00491,True
1785949108.106,64677.94,9e-05,True
1785949108.106,64677.94,9e-05,True
1785949108.106,64677.52,8e-05,True
1785949108.106,64677.52,8e-05,True
1785949108.106,64677.52,8e-05,True
1785949108.106,64677.52,8e-05,True
1785949108.106,64677.52,8e-05,True
1785949108.106,64677.51,8e-05,True
1785949108.106,64677.51,8e-05,True
1785949108.106,64676.64,0.00409,True
1785949108.106,64676.6,8e-05,True
1785949108.106,64676.58,8e-05,True
1785949108.106,64676.58,8e-05,True
1785949108.106,64676.25,0.00023,True
1785949108.106,64676.24,8e-05,True
1785949108.106,64676.24,8e-05,True
1785949108.106,64676.01,9e-05,True
1785949108.106,64676.01,9e-05,True
1785949108.106,64676.01,9e-05,True
1785949108.106,64676.0,0.005,True
1785949108.106,64676.0,0.007,True
1785949108.106,64676.0,0.008,True
1785949108.106,64676.0,0.006,True
1785949108.106,64676.0,9e-05,True
1785949108.106,64676.0,9e-05,True
1785949108.106,64675.99,8e-05,True
1785949108.106,64675.99,8e-05,True
1785949108.106,64675.99,8e-05,True
1785949108.106,64675.99,8e-05,True
1785949108.106,64675.99,8e-05,True
1785949108.106,64675.37,9e-05,True
1785949108.106,64675.37,9e-05,True
1785949108.106,64675.37,9e-05,True
1785949108.115,64675.36,8e-05,True
1785949108.115,64675.36,8e-05,True
1785949108.115,64675.36,8e-05,True
1785949108.115,64675.36,8e-05,True
1785949108.115,64675.36,8e-05,True
1785949108.115,64675.36,8e-05,True
1785949108.115,64675.36,8e-05,True
1785949108.115,64675.36,8e-05,True
1785949108.115,64675.36,8e-05,True
1785949108.115,64675.36,8e-05,True
1785949108.115,64675.36,8e-05,True
1785949108.115,64675.36,8e-05,True
1785949108.115,64675.36,0.00016,True
1785949108.115,64675.36,8e-05,True
1785949108.115,64675.36,8e-05,True
1785949108.115,64675.36,8e-05,True
1785949108.115,64675.36,8e-05,True
1785949108.115,64675.36,8e-05,True
1785949108.115,64675.35,0.00327,True
1785949108.115,64675.35,9e-05,True
1785949108.115,64675.35,8e-05,True
1785949108.115,64675.35,9e-05,True
1785949108.115,64675.35,8e-05,True
1785949108.115,64675.35,8e-05,True
1785949108.115,64675.35,8e-05,True
1785949108.115,64675.35,8e-05,True
1785949108.115,64675.35,8e-05,True
1785949108.115,64675.35,0.00016,True
1785949108.115,64675.35,8e-05,True
1785949108.115,64675.34,0.00016,True
1785949108.115,64675.08,8e-05,True
1785949108.115,64675.0,8e-05,True
1785949108.115,64675.0,8e-05,True
1785949108.115,64675.0,8e-05,True
1785949108.115,64675.0,8e-05,True
1785949108.115,64675.0,8e-05,True
1785949108.115,64674.66,8e-05,True
1785949108.115,64674.66,8e-05,True
1785949108.115,64674.66,8e-05,True
1785949108.115,64674.66,8e-05,True
1785949108.115,64674.66,8e-05,True
1785949108.115,64674.66,8e-05,True
1785949108.115,64674.66,8e-05,True
1785949108.115,64674.66,8e-05,True
1785949108.115,64674.66,8e-05,True
1785949108.115,64674.66,8e-05,True
1785949108.115,64674.66,8e-05,True
1785949108.115,64674.66,8e-05,True
1785949108.115,64674.54,8e-05,True
1785949108.115,64674.54,8e-05,True
1785949108.115,64674.54,8e-05,True
1785949108.115,64674.54,8e-05,True
1785949108.115,64674.54,8e-05,True
1785949108.115,64674.35,9e-05,True
1785949108.115,64674.35,9e-05,True
1785949108.115,64674.35,9e-05,True
1785949108.124,64674.34,0.0473,True
1785949108.124,64674.34,0.0979,True
1785949108.124,64674.34,8e-05,True
1785949108.124,64674.34,8e-05,True
1785949108.124,64674.34,9e-05,True
1785949108.124,64674.34,9e-05,True
1785949108.124,64674.34,8e-05,True
1785949108.124,64674.34,8e-05,True
1785949108.124,64674.34,8e-05,True
1785949108.124,64674.34,8e-05,True
1785949108.124,64674.34,8e-05,True
1785949108.124,64674.34,8e-05,True
1785949108.124,64674.34,8e-05,True
1785949108.124,64674.34,8e-05,True
1785949108.124,64674.34,8e-05,True
1785949108.124,64674.34,8e-05,True
1785949108.124,64674.34,8e-05,True
1785949108.124,64674.34,8e-05,True
1785949108.124,64674.34,8e-05,True
1785949108.124,64674.34,8e-05,True
1785949108.124,64674.34,8e-05,True
1785949108.124,64674.34,8e-05,True
1785949108.124,64674.34,8e-05,True
1785949108.124,64674.34,8e-05,True
1785949108.124,64674.34,8e-05,True
1785949108.124,64674.34,8e-05,True
1785949108.124,64674.34,8e-05,True
1785949108.124,64674.34,8e-05,True
1785949108.124,64674.34,8e-05,True
1785949108.124,64674.34,8e-05,True
1785949108.124,64674.34,8e-05,True
1785949108.124,64674.33,9e-05,True
1785949108.124,64674.33,9e-05,True
1785949108.124,64674.33,8e-05,True
1785949108.124,64674.33,8e-05,True
1785949108.124,64674.33,8e-05,True
1785949108.124,64674.33,8e-05,True
1785949108.124,64674.33,8e-05,True
1785949108.124,64674.33,8e-05,True
1785949108.124,64674.33,8e-05,True
1785949108.127,64674.05,0.00245,True
1785949108.127,64674.05,8e-05,True
1785949108.127,64674.05,8e-05,True
1785949108.127,64674.05,8e-05,True
1785949108.127,64674.05,8e-05,True
1785949108.127,64674.05,8e-05,True
1785949108.127,64674.05,8e-05,True
1785949108.127,64674.01,9e-05,True
1785949108.127,64674.01,9e-05,True
1785949108.127,64674.01,9e-05,True
1785949108.127,64674.0,0.006,True
1785949108.127,64674.0,0.005,True
1785949108.127,64674.0,0.007,True
1785949108.127,64674.0,0.008,True
1785949108.127,64674.0,9e-05,True
1785949108.127,64674.0,9e-05,True
1785949108.127,64673.99,0.00097,True
1785949108.131,64673.3,9e-05,True
1785949108.131,64673.3,8e-05,True
1785949108.131,64673.3,9e-05,True
1785949108.131,64673.3,8e-05,True
1785949108.131,64673.3,8e-05,True
1785949108.131,64673.3,8e-05,True
1785949108.131,64673.3,8e-05,True
1785949108.131,64673.3,8e-05,True
1785949108.131,64673.3,8e-05,True
1785949108.131,64673.3,8e-05,True
1785949108.131,64673.3,8e-05,True
1785949108.131,64673.3,8e-05,True
1785949108.131,64673.29,9e-05,True
1785949108.131,64673.29,9e-05,True
1785949108.131,64673.29,8e-05,True
1785949108.136,64672.76,0.00163,True
1785949108.136,64672.76,8e-05,True
1785949108.136,64672.76,8e-05,True
1785949108.136,64672.76,8e-05,True
1785949108.136,64672.76,8e-05,True
1785949108.136,64672.76,8e-05,True
1785949108.136,64672.76,8e-05,True
1785949108.136,64672.76,8e-05,True
1785949108.136,64672.76,8e-05,True
1785949108.136,64672.76,8e-05,True
1785949108.136,64672.76,8e-05,True
1785949108.136,64672.76,8e-05,True
1785949108.136,64672.75,9e-05,True
1785949108.136,64672.75,9e-05,True
1785949108.136,64672.75,8e-05,True
1785949108.136,64672.75,8e-05,True
1785949108.136,64672.63,0.00281,True
1785949108.136,64672.63,0.00025,True
1785949108.136,64672.02,0.00066,True
1785949108.136,64672.01,9e-05,True
1785949108.136,64672.01,9e-05,True
1785949108.136,64672.01,9e-05,True
1785949108.697,64672.0,0.006,True
1785949108.697,64672.0,0.005,True
1785949108.697,64672.0,0.007,True
1785949108.697,64672.0,0.008,True
1785949108.697,64672.0,9e-05,True
1785949108.697,64672.0,9e-05,True
1785949108.697,64672.0,8e-05,True
1785949108.697,64672.0,8e-05,True
1785949108.697,64672.0,8e-05,True
1785949108.697,64672.0,8e-05,True
1785949108.697,64672.0,8e-05,True
1785949108.697,64672.0,8e-05,True
1785949108.697,64672.0,8e-05,True
1785949108.697,64672.0,8e-05,True
1785949108.697,64672.0,8e-05,True
1785949108.697,64672.0,8e-05,True
1785949108.697,64672.0,8e-05,True
1785949108.697,64672.0,8e-05,True
1785949108.697,64672.0,9e-05,True
1785949108.697,64672.0,8e-05,True
1785949108.697,64672.0,8e-05,True
1785949108.697,64672.0,8e-05,True
1785949108.697,64672.0,8e-05,True
1785949108.697,64672.0,8e-05,True
1785949108.697,64672.0,8e-05,True
1785949108.697,64672.0,0.00016,True
1785949108.697,64672.0,8e-05,True
1785949108.697,64672.0,8e-05,True
1785949108.697,64672.0,9e-05,True
1785949108.697,64672.0,8e-05,True
1785949108.697,64672.0,8e-05,True
1785949108.697,64672.0,8e-05,True
1785949108.697,64671.99,9e-05,True
1785949108.697,64671.99,9e-05,True
1785949108.697,64671.99,8e-05,True
1785949108.697,64671.99,8e-05,True
1785949108.697,64671.99,8e-05,True
1785949108.697,64671.99,8e-05,True
1785949108.697,64671.99,8e-05,True
1785949108.697,64671.99,8e-05,True
1785949108.697,64671.99,8e-05,True
1785949108.697,64671.99,8e-05,True
1785949108.697,64671.99,8e-05,True
1785949108.697,64671.94,0.00867,True
1785949108.697,64671.94,9e-05,True
1785949108.697,64671.94,9e-05,True
1785949108.697,64671.87,8e-05,True
1785949108.697,64671.68,0.00479,True
1785949108.697,64671.6,0.00023,True
1785949108.697,64671.6,9e-05,True
1785949108.697,64671.6,9e-05,True
1785949108.697,64671.6,9e-05,True
1785949108.959,64671.6,0.00011,False
1785949110.884,64671.59,0.03867,True
1785949110.884,64671.59,0.00337,True
1785949110.884,64671.59,8e-05,True
1785949110.884,64671.59,8e-05,True
1785949110.884,64671.59,8e-05,True
1785949110.884,64671.59,8e-05,True
1785949110.884,64671.59,8e-05,True
1785949110.884,64671.59,8e-05,True
1785949110.884,64671.59,8e-05,True
1785949110.884,64671.59,8e-05,True
1785949110.884,64671.59,8e-05,True
1785949110.884,64671.59,8e-05,True
1785949110.884,64671.59,8e-05,True
1785949110.884,64671.59,0.00016,True
1785949110.884,64671.59,8e-05,True
1785949110.884,64671.59,8e-05,True
1785949110.884,64671.59,8e-05,True
1785949110.884,64671.59,8e-05,True
1785949110.884,64671.59,8e-05,True
1785949110.884,64671.59,8e-05,True
1785949110.884,64671.59,8e-05,True
1785949110.884,64671.59,8e-05,True
1785949110.884,64671.59,8e-05,True
1785949110.884,64671.59,9e-05,True
1785949110.884,64671.59,8e-05,True
1785949110.884,64671.59,0.00016,True
1785949110.884,64671.59,8e-05,True
1785949110.884,64671.59,8e-05,True
1785949110.884,64671.59,0.01,True
1785949110.884,64671.59,0.0001,True
1785949110.884,64671.59,8e-05,True
1785949110.884,64671.59,9e-05,True
1785949110.884,64671.59,9e-05,True
1785949110.884,64671.59,9e-05,True
1785949110.884,64671.59,8e-05,True
1785949110.884,64671.59,8e-05,True
1785949110.884,64671.58,9e-05,True
1785949110.884,64671.58,9e-05,True
1785949110.884,64671.58,8e-05,True
1785949110.884,64671.58,8e-05,True
1785949110.884,64671.58,8e-05,True
1785949110.884,64671.58,8e-05,True
1785949110.884,64671.58,8e-05,True
1785949110.884,64671.58,0.00016,True
1785949110.884,64671.58,8e-05,True
1785949110.884,64671.58,8e-05,True
1785949110.884,64671.58,8e-05,True
1785949110.884,64671.57,0.00016,True
1785949110.884,64670.49,8e-05,True
1785949110.884,64670.49,8e-05,True
1785949110.884,64670.38,0.00399,True
1785949110.884,64670.37,9e-05,True
1785949110.884,64670.37,9e-05,True
1785949110.884,64670.37,9e-05,True
1785949110.889,64670.36,8e-05,True
1785949110.889,64670.36,8e-05,True
1785949110.889,64670.36,8e-05,True
1785949110.889,64670.36,8e-05,True
1785949110.889,64670.36,8e-05,True
1785949110.889,64670.36,8e-05,True
1785949110.889,64670.36,8e-05,True
1785949110.889,64670.36,8e-05,True
1785949110.889,64670.36,8e-05,True
1785949110.889,64670.36,8e-05,True
1785949110.889,64670.36,8e-05,True
1785949110.889,64670.36,8e-05,True
1785949110.889,64670.36,8e-05,True
1785949110.889,64670.35,9e-05,True
1785949110.889,64670.35,9e-05,True
1785949110.889,64670.35,8e-05,True
1785949110.889,64670.35,8e-05,True
1785949110.889,64670.18,8e-05,True
1785949110.889,64670.13,0.00019,True
1785949110.889,64670.01,9e-05,True
1785949110.889,64670.01,9e-05,True
1785949110.889,64670.01,9e-05,True
1785949111.104,64670.0,0.005,True
1785949111.104,64670.0,0.007,True
1785949111.104,64670.0,0.008,True
1785949111.104,64670.0,0.006,True
1785949111.104,64670.0,0.01,True
1785949111.104,64670.0,9e-05,True
1785949111.104,64670.0,9e-05,True
1785949111.104,64670.0,8e-05,True
1785949111.104,64670.0,8e-05,True
1785949111.104,64670.0,8e-05,True
1785949111.104,64670.0,8e-05,True
1785949111.104,64670.0,8e-05,True
1785949111.104,64670.0,8e-05,True
1785949111.104,64670.0,8e-05,True
1785949111.104,64670.0,8e-05,True
1785949111.104,64670.0,8e-05,True
1785949111.104,64670.0,8e-05,True
1785949111.104,64670.0,8e-05,True
1785949111.104,64670.0,8e-05,True
1785949111.104,64670.0,8e-05,True
1785949111.104,64670.0,9e-05,True
1785949111.104,64670.0,0.00017,True
1785949111.104,64670.0,8e-05,True
1785949111.104,64670.0,8e-05,True
1785949111.104,64670.0,8e-05,True
1785949111.104,64670.0,8e-05,True
1785949111.104,64670.0,8e-05,True
1785949111.104,64670.0,8e-05,True
1785949111.104,64670.0,8e-05,True
1785949111.104,64669.99,9e-05,True
1785949111.104,64669.99,9e-05,True
1785949111.104,64669.99,8e-05,True
1785949111.104,64669.99,8e-05,True
1785949111.104,64669.99,8e-05,True
1785949111.104,64669.99,8e-05,True
1785949111.104,64669.99,8e-05,True
1785949111.104,64669.99,8e-05,True
1785949111.104,64669.99,8e-05,True
1785949111.104,64669.99,8e-05,True
1785949111.104,64669.99,8e-05,True
1785949111.104,64669.99,8e-05,True
1785949111.109,64669.54,0.00473,True
1785949111.109,64669.54,8e-05,True
1785949111.109,64669.54,8e-05,True
1785949111.109,64669.54,8e-05,True
1785949111.109,64669.54,8e-05,True
1785949111.109,64669.54,8e-05,True
1785949111.109,64669.54,8e-05,True
1785949111.109,64669.54,8e-05,True
1785949111.109,64669.54,8e-05,True
1785949111.109,64669.54,9e-05,True
1785949111.109,64669.54,8e-05,True
1785949111.109,64669.54,9e-05,True
1785949111.109,64669.54,8e-05,True
1785949111.109,64669.54,8e-05,True
1785949111.109,64669.54,8e-05,True
1785949111.109,64669.54,8e-05,True
1785949111.109,64669.54,8e-05,True
1785949111.109,64669.53,9e-05,True
1785949111.109,64669.53,9e-05,True
1785949111.109,64669.53,8e-05,True
1785949111.109,64669.53,8e-05,True
1785949111.109,64669.53,8e-05,True
1785949111.109,64669.53,8e-05,True
1785949111.109,64669.53,8e-05,True
1785949111.109,64669.53,8e-05,True
1785949111.202,64668.93,0.00386,True
1785949111.366,64668.93,0.00391,True
1785949111.366,64668.93,9e-05,True
1785949111.366,64668.93,9e-05,True
1785949111.366,64668.93,8e-05,True
1785949111.366,64668.93,8e-05,True
1785949111.366,64668.93,8e-05,True
1785949111.366,64668.93,8e-05,True
1785949111.366,64668.93,8e-05,True
1785949111.366,64668.93,8e-05,True
1785949111.366,64668.93,8e-05,True
1785949111.366,64668.93,8e-05,True
1785949111.366,64668.93,8e-05,True
1785949111.366,64668.93,8e-05,True
1785949111.366,64668.93,8e-05,True
1785949111.366,64668.93,0.00016,True
1785949111.366,64668.93,9e-05,True
1785949111.366,64668.93,8e-05,True
1785949111.366,64668.93,8e-05,True
1785949111.366,64668.93,8e-05,True
1785949111.366,64668.93,8e-05,True
1785949111.366,64668.93,8e-05,True
1785949111.366,64668.93,8e-05,True
1785949111.366,64668.93,8e-05,True
1785949111.366,64668.93,8e-05,True
1785949111.366,64668.93,8e-05,True
1785949111.366,64668.92,9e-05,True
1785949111.366,64668.92,9e-05,True
1785949111.366,64668.92,8e-05,True
1785949111.366,64668.92,8e-05,True
1785949111.366,64668.92,8e-05,True
1785949111.366,64668.92,8e-05,True
1785949111.366,64668.92,8e-05,True
1785949111.366,64668.92,8e-05,True
1785949111.366,64668.92,8e-05,True
1785949111.366,64668.92,8e-05,True
1785949111.366,64668.92,8e-05,True
1785949111.366,64668.92,8e-05,True
1785949111.366,64668.9,8e-05,True
1785949111.366,64668.66,8e-05,True
1785949111.366,64668.4,0.00469,True
1785949111.366,64668.01,9e-05,True
1785949111.366,64668.01,9e-05,True
1785949111.366,64668.01,9e-05,True
1785949111.612,64668.0,0.008,True
1785949111.612,64668.0,0.007,True
1785949111.612,64668.0,0.006,True
1785949111.612,64668.0,0.005,True
1785949111.612,64668.0,9e-05,True
1785949111.612,64668.0,9e-05,True
1785949111.612,64668.0,8e-05,True
1785949111.612,64668.0,8e-05,True
1785949111.612,64668.0,8e-05,True
1785949111.612,64668.0,8e-05,True
1785949111.612,64668.0,8e-05,True
1785949111.612,64668.0,8e-05,True
1785949111.612,64668.0,8e-05,True
1785949111.612,64668.0,8e-05,True
1785949111.612,64668.0,8e-05,True
1785949111.612,64668.0,8e-05,True
1785949111.612,64668.0,8e-05,True
1785949111.612,64668.0,8e-05,True
1785949111.612,64668.0,8e-05,True
1785949111.612,64668.0,9e-05,True
1785949111.612,64668.0,8e-05,True
1785949111.612,64668.0,8e-05,True
1785949111.612,64668.0,8e-05,True
1785949111.612,64668.0,8e-05,True
1785949111.612,64668.0,8e-05,True
1785949111.612,64668.0,8e-05,True
1785949111.612,64667.99,9e-05,True
1785949111.612,64667.99,9e-05,True
1785949111.612,64667.99,8e-05,True
1785949111.612,64667.99,8e-05,True
1785949111.612,64667.99,8e-05,True
1785949111.612,64667.99,8e-05,True
1785949111.612,64667.99,8e-05,True
1785949111.612,64667.99,3e-05,True
1785949111.612,64667.99,5e-05,True
1785949111.612,64667.99,8e-05,True
1785949111.612,64667.99,8e-05,True
1785949111.612,64667.39,0.00466,True
1785949111.615,64666.54,8e-05,True
1785949111.615,64666.54,8e-05,True
1785949111.615,64666.54,8e-05,True
1785949111.615,64666.54,8e-05,True
1785949111.615,64666.54,8e-05,True
1785949111.615,64666.54,8e-05,True
1785949111.621,64666.45,0.00292,True
1785949111.621,64666.45,8e-05,True
1785949111.621,64666.45,8e-05,True
1785949111.621,64666.45,8e-05,True
1785949111.621,64666.45,8e-05,True
1785949111.621,64666.45,8e-05,True
1785949111.621,64666.45,8e-05,True
1785949111.621,64666.45,8e-05,True
1785949111.621,64666.45,8e-05,True
1785949111.621,64666.45,8e-05,True
1785949111.621,64666.45,8e-05,True
1785949111.621,64666.45,8e-05,True
1785949111.621,64666.44,9e-05,True
1785949111.621,64666.44,8e-05,True
1785949111.621,64666.44,9e-05,True
1785949111.621,64666.44,8e-05,True
1785949111.621,64666.44,8e-05,True
1785949111.621,64666.44,8e-05,True
1785949111.621,64666.44,8e-05,True
1785949111.621,64666.44,8e-05,True
1785949111.621,64666.33,8e-05,True
1785949111.621,64666.09,0.00388,True
1785949111.621,64666.01,9e-05,True
1785949111.621,64666.01,9e-05,True
1785949111.621,64666.01,9e-05,True
1785949112.515,64666.01,0.00141,False
1785949113.292,64666.0,0.008,True
1785949113.292,64666.0,0.007,True
1785949113.292,64666.0,0.00238,True
1785949114.298,64666.01,0.00013,False
1785949114.642,64666.01,0.00033,False
1785949116.291,64666.01,0.01759,False
1785949116.754,64666.0,0.00011,True
1785949116.864,64666.01,0.00023,False
1785949117.217,64666.0,0.00032,True
1785949117.536,64666.0,0.00024,True
1785949117.537,64666.01,0.00171,False
1785949118.08,64666.01,9e-05,False
1785949118.434,64666.01,0.00041,False
1785949118.55,64666.01,0.07018,False
1785949118.55,64666.01,8e-05,False
1785949118.55,64666.01,9e-05,False
1785949118.55,64666.01,8e-05,False
1785949118.55,64666.01,0.1589,False
1785949118.55,64666.01,8e-05,False
1785949118.55,64666.01,8e-05,False
1785949118.55,64666.01,8e-05,False
1785949118.55,64666.01,0.00773,False
1785949118.55,64666.01,0.00048,False
1785949118.55,64666.01,0.00069,False
1785949118.55,64666.01,0.00217,False
1785949118.55,64666.01,8e-05,False
1785949118.55,64666.01,8e-05,False
1785949118.55,64666.01,8e-05,False
1785949118.55,64666.01,0.01021,False
1785949118.55,64666.01,8e-05,False
1785949118.55,64666.01,8e-05,False
1785949118.55,64666.01,8e-05,False
1785949118.55,64666.01,8e-05,False
1785949118.55,64666.01,8e-05,False
1785949118.55,64666.01,8e-05,False
1785949118.55,64666.01,8e-05,False
1785949118.55,64666.01,8e-05,False
1785949118.55,64666.01,8e-05,False
1785949118.55,64666.01,8e-05,False
1785949118.55,64666.01,9e-05,False
1785949118.55,64666.01,9e-05,False
1785949118.55,64666.01,8e-05,False
1785949118.55,64666.01,8e-05,False
1785949118.55,64666.01,0.00017,False
1785949118.55,64666.01,8e-05,False
1785949118.55,64666.01,8e-05,False
1785949118.55,64666.01,8e-05,False
1785949118.55,64666.01,8e-05,False
1785949118.55,64666.01,8e-05,False
1785949118.55,64666.01,8e-05,False
1785949118.55,64666.01,8e-05,False
1785949118.55,64666.01,8e-05,False
1785949118.55,64666.01,8e-05,False
1785949118.55,64666.02,8e-05,False
1785949118.55,64666.02,8e-05,False
1785949118.55,64666.02,8e-05,False
1785949118.55,64666.02,8e-05,False
1785949118.551,64666.02,8e-05,False
1785949118.551,64666.02,8e-05,False
1785949118.551,64666.02,8e-05,False
1785949118.551,64666.02,8e-05,False
1785949118.551,64666.02,8e-05,False
1785949118.551,64666.02,9e-05,False
1785949118.551,64666.02,9e-05,False
1785949118.551,64666.02,8e-05,False
1785949118.551,64666.02,8e-05,False
1785949118.551,64666.02,8e-05,False
1785949118.552,64666.03,0.00016,False
1785949118.552,64666.03,8e-05,False
1785949118.552,64666.46,8e-05,False
1785949118.552,64666.46,8e-05,False
1785949118.552,64666.46,8e-05,False
1785949118.552,64666.46,8e-05,False
1785949118.552,64666.46,8e-05,False
1785949118.552,64666.55,8e-05,False
1785949118.552,64666.55,8e-05,False
1785949118.552,64666.55,8e-05,False
1785949118.552,64666.55,8e-05,False
1785949118.552,64666.55,8e-05,False
1785949118.552,64666.55,8e-05,False
1785949118.552,64666.55,8e-05,False
1785949118.564,64666.57,0.00467,False
1785949118.564,64666.57,9e-05,False
1785949118.564,64666.57,9e-05,False
1785949118.564,64666.57,8e-05,False
1785949118.564,64666.57,8e-05,False
1785949118.564,64666.57,8e-05,False
1785949118.564,64666.57,8e-05,False
1785949118.564,64666.57,8e-05,False
1785949118.564,64666.57,8e-05,False
1785949118.564,64666.57,8e-05,False
1785949118.564,64666.57,8e-05,False
1785949118.564,64666.57,8e-05,False
1785949118.564,64666.57,8e-05,False
1785949118.564,64666.57,8e-05,False
1785949118.564,64666.57,8e-05,False
1785949118.564,64666.57,8e-05,False
1785949118.564,64666.57,8e-05,False
1785949118.564,64666.57,8e-05,False
1785949118.564,64666.58,8e-05,False
1785949118.564,64666.58,8e-05,False
1785949118.564,64666.58,8e-05,False
1785949118.564,64666.58,8e-05,False
1785949118.564,64666.58,8e-05,False
1785949118.564,64666.58,8e-05,False
1785949118.564,64666.58,8e-05,False
1785949118.564,64666.96,8e-05,False
1785949118.564,64666.98,8e-05,False
1785949118.564,64666.98,8e-05,False
1785949118.564,64667.14,8e-05,False
1785949118.564,64667.14,8e-05,False
1785949118.564,64667.15,8e-05,False
1785949118.564,64667.15,8e-05,False
1785949118.564,64667.87,0.00389,False
1785949118.564,64667.99,9e-05,False
1785949118.564,64667.99,9e-05,False
1785949118.564,64667.99,9e-05,False
1785949118.587,64668.0,8e-05,False
1785949118.587,64668.0,0.007,False
1785949118.587,64668.0,0.00238,False
1785949118.587,64668.0,0.008,False
1785949118.587,64668.0,8e-05,False
1785949118.587,64668.0,9e-05,False
1785949118.587,64668.0,9e-05,False
1785949118.587,64668.0,8e-05,False
1785949118.587,64668.0,8e-05,False
1785949118.587,64668.0,8e-05,False
1785949118.587,64668.0,8e-05,False
1785949118.587,64668.0,8e-05,False
1785949118.587,64668.0,8e-05,False
1785949118.587,64668.0,8e-05,False
1785949118.587,64668.0,8e-05,False
1785949118.587,64668.0,8e-05,False
1785949118.587,64668.0,8e-05,False
1785949118.587,64668.0,8e-05,False
1785949118.587,64668.0,8e-05,False
1785949118.587,64668.0,8e-05,False
1785949118.587,64668.0,8e-05,False
1785949118.587,64668.0,8e-05,False
1785949118.587,64668.0,8e-05,False
1785949118.587,64668.0,9e-05,False
1785949118.587,64668.0,8e-05,False
1785949118.587,64668.0,8e-05,False
1785949118.587,64668.0,0.00072,False
1785949118.716,64668.0,8e-05,False
1785949118.716,64668.0,9e-05,False
1785949118.716,64668.0,9e-05,False
1785949118.716,64668.0,8e-05,False
1785949118.716,64668.0,8e-05,False
1785949118.716,64668.0,8e-05,False
1785949118.716,64668.0,8e-05,False
1785949118.716,64668.0,8e-05,False
1785949118.716,64668.0,8e-05,False
1785949118.716,64668.0,8e-05,False
1785949118.716,64668.0,9e-05,False
1785949118.716,64668.0,8e-05,False
1785949118.716,64668.01,8e-05,False
1785949118.716,64668.01,8e-05,False
1785949118.716,64668.01,8e-05,False
1785949118.716,64668.01,8e-05,False
1785949118.716,64668.01,8e-05,False
1785949118.716,64668.01,8e-05,False
1785949118.716,64668.01,8e-05,False
1785949118.716,64668.01,8e-05,False
1785949118.716,64668.01,8e-05,False
1785949118.716,64668.01,8e-05,False
1785949118.716,64668.01,8e-05,False
1785949118.716,64668.01,8e-05,False
1785949118.716,64668.01,8e-05,False
1785949118.716,64668.01,8e-05,False
1785949118.716,64668.01,8e-05,False
1785949118.716,64668.63,8e-05,False
1785949118.716,64668.63,8e-05,False
1785949118.716,64668.66,8e-05,False
1785949118.716,64668.79,8e-05,False
1785949118.716,64668.79,8e-05,False
1785949118.716,64668.94,8e-05,False
1785949118.716,64668.94,8e-05,False
1785949118.716,64669.53,8e-05,False
1785949118.716,64669.55,8e-05,False
1785949118.716,64669.55,8e-05,False
1785949118.716,64669.55,8e-05,False
1785949118.716,64669.55,8e-05,False
1785949118.716,64669.55,8e-05,False
1785949118.716,64669.56,8e-05,False
1785949118.716,64669.56,8e-05,False
1785949118.716,64669.97,8e-05,False
1785949118.716,64669.97,8e-05,False
1785949118.716,64669.97,8e-05,False
1785949118.716,64669.97,8e-05,False
1785949118.716,64669.97,8e-05,False
1785949118.716,64669.99,9e-05,False
1785949118.716,64669.99,9e-05,False
1785949118.716,64669.99,9e-05,False
1785949118.943,64670.0,0.008,False
1785949118.943,64670.0,0.007,False
1785949118.943,64670.0,0.006,False
1785949118.943,64670.0,0.005,False
1785949118.943,64670.0,8e-05,False
1785949118.943,64670.0,8e-05,False
1785949118.943,64670.0,8e-05,False
1785949118.943,64670.0,9e-05,False
1785949118.943,64670.0,9e-05,False
1785949118.943,64670.0,8e-05,False
1785949118.943,64670.0,8e-05,False
1785949118.943,64670.0,8e-05,False
1785949118.943,64670.0,8e-05,False
1785949118.943,64670.0,8e-05,False
1785949118.943,64670.0,8e-05,False
1785949118.943,64670.0,8e-05,False
1785949118.943,64670.0,8e-05,False
1785949118.943,64670.0,8e-05,False
1785949118.943,64670.0,9e-05,False
1785949118.943,64670.0,8e-05,False
1785949118.943,64670.0,8e-05,False
1785949118.943,64670.0,8e-05,False
1785949118.943,64670.0,8e-05,False
1785949118.943,64670.0,8e-05,False
1785949118.943,64670.0,8e-05,False
1785949118.943,64670.0,8e-05,False
1785949118.943,64670.0,8e-05,False
1785949118.943,64670.01,8e-05,False
1785949118.943,64670.01,8e-05,False
1785949118.943,64670.01,8e-05,False
1785949118.943,64670.01,8e-05,False
1785949118.943,64670.01,8e-05,False
1785949118.943,64670.01,8e-05,False
1785949118.961,64670.01,8e-05,False
1785949118.961,64670.01,8e-05,False
1785949118.961,64670.01,8e-05,False
1785949118.961,64670.01,8e-05,False
1785949118.961,64670.01,8e-05,False
1785949118.961,64670.01,9e-05,False
1785949118.961,64670.01,8e-05,False
1785949118.961,64670.01,8e-05,False
1785949118.961,64670.01,9e-05,False
1785949118.961,64670.01,8e-05,False
1785949118.961,64670.01,8e-05,False
1785949118.961,64670.01,8e-05,False
1785949118.961,64670.01,8e-05,False
1785949118.961,64670.01,8e-05,False
1785949118.961,64670.01,8e-05,False
1785949118.961,64670.01,8e-05,False
1785949118.961,64670.01,8e-05,False
1785949118.961,64670.01,9e-05,False
1785949118.961,64670.01,8e-05,False
1785949118.961,64670.01,8e-05,False
1785949118.961,64670.01,8e-05,False
1785949118.961,64670.02,8e-05,False
1785949118.961,64670.02,8e-05,False
1785949118.961,64670.02,8e-05,False
1785949118.961,64670.02,8e-05,False
1785949118.961,64670.02,8e-05,False
1785949118.961,64670.02,8e-05,False
1785949118.961,64670.02,8e-05,False
1785949118.961,64670.7,0.00461,False
1785949118.961,64671.35,8e-05,False
1785949118.961,64671.35,8e-05,False
1785949118.961,64671.87,8e-05,False
1785949118.961,64671.96,8e-05,False
1785949118.961,64671.96,9e-05,False
1785949118.961,64671.96,9e-05,False
1785949118.961,64671.96,8e-05,False
1785949118.961,64671.96,9e-05,False
1785949118.977,64671.97,0.1,False
1785949118.977,64671.97,8e-05,False
1785949118.977,64671.97,8e-05,False
1785949118.977,64671.97,8e-05,False
1785949118.977,64671.97,8e-05,False
1785949118.977,64671.97,8e-05,False
1785949118.977,64671.97,9e-05,False
1785949118.977,64671.97,9e-05,False
1785949118.977,64671.97,8e-05,False
1785949118.977,64671.97,8e-05,False
1785949118.977,64671.97,8e-05,False
1785949118.977,64671.97,8e-05,False
1785949118.977,64671.97,8e-05,False
1785949118.977,64671.97,8e-05,False
1785949118.977,64671.97,8e-05,False
1785949118.977,64671.97,8e-05,False
1785949118.977,64671.97,8e-05,False
1785949118.977,64671.97,8e-05,False
1785949118.977,64671.97,8e-05,False
1785949118.977,64671.98,8e-05,False
1785949118.977,64671.98,8e-05,False
1785949118.977,64671.98,8e-05,False
1785949118.977,64671.98,8e-05,False
1785949118.977,64671.98,8e-05,False
1785949118.977,64671.99,9e-05,False
1785949118.977,64671.99,9e-05,False
1785949118.977,64671.99,9e-05,False
1785949118.977,64672.0,0.008,False
1785949118.977,64672.0,0.007,False
1785949118.977,64672.0,0.006,False
1785949118.977,64672.0,0.005,False
1785949118.977,64672.0,0.00367,False
1785949118.98,64672.0,0.00017,False
1785949118.98,64672.0,8e-05,False
1785949118.98,64672.0,8e-05,False
1785949118.98,64672.0,8e-05,False
1785949118.98,64672.0,8e-05,False
1785949118.98,64672.0,9e-05,False
1785949118.98,64672.0,9e-05,False
1785949118.98,64672.0,8e-05,False
1785949118.98,64672.0,8e-05,False
1785949118.98,64672.0,8e-05,False
1785949118.98,64672.01,0.00016,False
1785949118.98,64672.01,8e-05,False
1785949118.98,64672.01,8e-05,False
1785949119.009,64672.1,8e-05,False
1785949119.009,64672.1,8e-05,False
1785949119.009,64672.1,8e-05,False
1785949119.009,64672.1,9e-05,False
1785949119.009,64672.1,9e-05,False
1785949119.009,64672.1,8e-05,False
1785949119.009,64672.1,8e-05,False
1785949119.009,64672.1,8e-05,False
1785949119.009,64672.1,8e-05,False
1785949119.009,64672.1,8e-05,False
1785949119.009,64672.1,8e-05,False
1785949119.009,64672.1,8e-05,False
1785949119.009,64672.1,8e-05,False
1785949119.009,64672.1,0.1589,False
1785949119.009,64672.1,8e-05,False
1785949119.009,64672.1,8e-05,False
1785949119.009,64672.1,8e-05,False
1785949119.009,64672.1,8e-05,False
1785949119.009,64672.11,8e-05,False
1785949119.039,64672.11,8e-05,False
1785949119.039,64672.11,8e-05,False
1785949119.039,64672.11,8e-05,False
1785949119.039,64672.11,8e-05,False
1785949119.039,64672.11,8e-05,False
1785949119.039,64672.11,9e-05,False
1785949119.039,64672.11,8e-05,False
1785949119.039,64672.11,8e-05,False
1785949119.039,64672.11,8e-05,False
1785949119.039,64672.11,8e-05,False
1785949119.039,64672.11,8e-05,False
1785949119.039,64672.11,8e-05,False
1785949119.039,64672.11,8e-05,False
1785949119.039,64672.11,9e-05,False
1785949119.039,64672.11,8e-05,False
1785949119.039,64672.11,8e-05,False
1785949119.039,64672.11,8e-05,False
1785949119.039,64672.12,8e-05,False
1785949119.119,64672.12,8e-05,False
1785949119.119,64672.12,8e-05,False
1785949119.119,64672.12,8e-05,False
1785949119.119,64672.12,9e-05,False
1785949119.119,64672.12,8e-05,False
1785949119.119,64672.12,8e-05,False
1785949119.119,64672.12,9e-05,False
1785949119.119,64672.12,8e-05,False
1785949119.119,64672.12,8e-05,False
1785949119.119,64672.12,8e-05,False
1785949119.119,64672.12,8e-05,False
1785949119.119,64672.12,8e-05,False
1785949119.119,64672.12,8e-05,False
1785949119.119,64672.12,8e-05,False
1785949119.119,64672.13,8e-05,False
1785949119.195,64672.13,8e-05,False
1785949119.195,64672.13,8e-05,False
1785949119.195,64672.13,8e-05,False
1785949119.195,64672.13,8e-05,False
1785949119.195,64672.13,8e-05,False
1785949119.195,64672.13,8e-05,False
1785949119.195,64672.13,9e-05,False
1785949119.195,64672.13,9e-05,False
1785949119.195,64672.13,8e-05,False
1785949119.195,64672.13,8e-05,False
1785949119.195,64672.13,8e-05,False
1785949119.195,64672.13,8e-05,False
1785949119.195,64672.13,8e-05,False
1785949119.195,64672.13,8e-05,False
1785949119.195,64672.13,8e-05,False
1785949119.195,64672.13,8e-05,False
1785949119.195,64672.13,8e-05,False
1785949119.195,64672.13,8e-05,False
1785949119.195,64672.13,8e-05,False
1785949119.195,64672.14,8e-05,False
1785949119.195,64672.14,8e-05,False
1785949119.195,64672.14,8e-05,False
1785949119.195,64672.14,8e-05,False
1785949119.195,64672.14,8e-05,False
1785949119.195,64672.14,8e-05,False
1785949119.195,64672.14,8e-05,False
1785949119.2,64672.95,0.00077,True
1785949119.216,64672.96,0.00455,False
1785949119.216,64672.96,8e-05,False
1785949119.216,64672.96,8e-05,False
1785949119.216,64672.96,9e-05,False
1785949119.216,64672.96,9e-05,False
1785949119.216,64672.96,8e-05,False
1785949119.216,64672.96,8e-05,False
1785949119.216,64672.96,8e-05,False
1785949119.216,64672.96,8e-05,False
1785949119.216,64672.96,8e-05,False
1785949119.216,64672.96,8e-05,False
1785949119.216,64672.96,8e-05,False
1785949119.216,64672.96,8e-05,False
1785949119.216,64672.96,8e-05,False
1785949119.216,64672.96,8e-05,False
1785949119.216,64672.96,8e-05,False
1785949119.216,64672.96,8e-05,False
1785949119.216,64672.96,8e-05,False
1785949119.216,64672.96,8e-05,False
1785949119.216,64672.97,8e-05,False
1785949119.216,64672.97,8e-05,False
1785949119.216,64672.97,8e-05,False
1785949119.216,64672.97,8e-05,False
1785949119.216,64672.97,8e-05,False
1785949119.216,64672.97,8e-05,False
1785949119.216,64673.99,9e-05,False
1785949119.216,64673.99,9e-05,False
1785949119.216,64673.99,9e-05,False
1785949119.216,64674.0,0.008,False
1785949119.216,64674.0,0.006,False
1785949119.216,64674.0,0.007,False
1785949119.216,64674.0,0.005,False
1785949119.216,64674.26,0.00379,False
1785949119.216,64674.81,8e-05,False
1785949119.216,64675.08,8e-05,False
1785949119.216,64675.55,0.00303,False
1785949119.216,64675.86,8e-05,False
1785949119.216,64675.99,9e-05,False
1785949119.216,64675.99,9e-05,False
1785949119.216,64675.99,9e-05,False
1785949119.216,64676.0,0.008,False
1785949119.216,64676.0,0.006,False
1785949119.216,64676.0,0.007,False
1785949119.216,64676.0,0.005,False
1785949119.216,64676.09,8e-05,False
1785949119.216,64676.47,9e-05,False
1785949119.216,64676.59,0.00019,False
1785949119.216,64676.85,0.00227,False
1785949119.216,64676.88,8e-05,False
1785949119.216,64677.82,9e-05,False
1785949119.395,64677.83,8e-05,False
1785949119.395,64677.83,9e-05,False
1785949119.395,64677.83,8e-05,False
1785949119.395,64677.83,8e-05,False
1785949119.395,64677.83,3e-05,False
1785949119.445,64677.83,5e-05,False
1785949119.445,64677.83,8e-05,False
1785949119.445,64677.83,0.0015,False
1785949119.445,64677.83,8e-05,False
1785949119.445,64677.83,8e-05,False
1785949119.445,64677.83,8e-05,False
1785949119.445,64677.83,8e-05,False
1785949119.445,64677.83,8e-05,False
1785949119.445,64677.83,8e-05,False
1785949119.445,64677.83,0.00016,False
1785949119.445,64677.83,0.00053,False
1785949119.446,64677.83,0.00272,False
1785949119.449,64677.83,0.00277,False
1785949119.451,64677.83,0.0026,False
1785949120.156,64677.83,8e-05,False
1785949120.156,64677.83,8e-05,False
1785949120.156,64677.83,8e-05,False
1785949120.156,64677.83,8e-05,False
1785949120.156,64677.83,9e-05,False
1785949120.156,64677.83,8e-05,False
1785949120.156,64677.83,8e-05,False
1785949120.156,64677.83,8e-05,False
1785949120.156,64677.83,8e-05,False
1785949120.156,64677.83,8e-05,False
1785949120.156,64677.83,8e-05,False
1785949120.156,64677.83,8e-05,False
1785949120.156,64677.83,8e-05,False
1785949120.156,64677.83,8e-05,False
1785949120.156,64677.83,8e-05,False
1785949120.156,64677.83,8e-05,False
1785949120.156,64677.83,8e-05,False
1785949120.156,64677.83,0.00017,False
1785949120.156,64677.83,0.0043,False
1785949120.156,64677.83,9e-05,False
1785949120.156,64677.83,8e-05,False
1785949120.156,64677.83,8e-05,False
1785949120.156,64677.83,9e-05,False
1785949120.156,64677.83,8e-05,False
1785949120.156,64677.83,8e-05,False
1785949120.156,64677.83,8e-05,False
1785949120.156,64677.83,8e-05,False
1785949120.156,64677.83,8e-05,False
1785949120.156,64677.83,8e-05,False
1785949120.156,64677.83,8e-05,False
1785949120.156,64677.83,8e-05,False
1785949120.156,64677.84,8e-05,False
1785949120.156,64677.84,8e-05,False
1785949120.156,64677.84,8e-05,False
1785949120.156,64677.84,8e-05,False
1785949120.156,64677.84,8e-05,False
1785949120.156,64677.84,8e-05,False
1785949120.156,64677.84,8e-05,False
1785949120.156,64677.99,9e-05,False
1785949120.156,64677.99,9e-05,False
1785949120.156,64677.99,9e-05,False
1785949120.163,64677.99,0.0077,True
1785949121.079,64677.99,0.03897,True
1785949121.44,64678.0,0.00032,False
1785949123.108,64678.0,0.00768,False
1785949123.108,64678.0,0.007,False
1785949123.108,64678.0,0.005,False
1785949123.108,64678.0,0.00667,False
1785949123.108,64678.0,8e-05,False
1785949123.108,64678.0,8e-05,False
1785949123.108,64678.0,9e-05,False
1785949123.108,64678.0,8e-05,False
1785949123.108,64678.0,8e-05,False
1785949123.108,64678.0,8e-05,False
1785949123.108,64678.0,8e-05,False
1785949123.108,64678.0,8e-05,False
1785949123.108,64678.0,8e-05,False
1785949123.108,64678.0,8e-05,False
1785949123.108,64678.0,8e-05,False
1785949123.108,64678.0,8e-05,False
1785949123.108,64678.0,8e-05,False
1785949123.108,64678.0,8e-05,False
1785949123.108,64678.0,8e-05,False
1785949123.108,64678.0,8e-05,False
1785949123.108,64678.0,0.00016,False
1785949123.108,64678.0,8e-05,False
1785949123.108,64678.0,8e-05,False
1785949123.108,64678.0,8e-05,False
1785949123.108,64678.0,9e-05,False
1785949123.108,64678.0,8e-05,False
1785949123.108,64678.0,8e-05,False
1785949123.108,64678.0,8e-05,False
1785949123.108,64678.0,9e-05,False
1785949123.108,64678.0,0.00526,False
1785949123.108,64678.0,0.00526,False
1785949123.108,64678.0,9e-05,False
1785949123.108,64678.0,8e-05,False
1785949123.108,64678.0,8e-05,False
1785949123.108,64678.0,8e-05,False
1785949123.108,64678.0,0.00056,False
1785949123.109,64678.0,0.0047,False
1785949123.109,64678.0,0.00489,False
1785949123.111,64678.0,0.00037,False
1785949123.111,64678.0,0.00526,False
1785949123.111,64678.0,9e-05,False
1785949123.111,64678.0,8e-05,False
1785949123.111,64678.0,9e-05,False
1785949123.111,64678.0,8e-05,False
1785949123.111,64678.0,8e-05,False
1785949123.111,64678.0,0.00016,False
1785949123.111,64678.0,0.00243,False
1785949123.139,64678.0,0.00283,False
1785949123.139,64678.0,0.00526,False
1785949123.139,64678.0,8e-05,False
1785949123.139,64678.0,8e-05,False
1785949123.139,64678.0,8e-05,False
1785949123.139,64678.0,8e-05,False
1785949123.139,64678.0,8e-05,False
1785949123.139,64678.0,9e-05,False
1785949123.139,64678.0,9e-05,False
1785949123.139,64678.0,8e-05,False
1785949123.139,64678.0,8e-05,False
1785949123.139,64678.0,8e-05,False
1785949123.139,64678.0,8e-05,False
1785949123.139,64678.0,0.00526,False
1785949123.139,64678.0,0.00526,False
1785949123.139,64678.0,8e-05,False
1785949123.139,64678.0,0.00526,False
1785949123.139,64678.0,0.00526,False
1785949123.139,64678.0,0.00526,False
1785949123.139,64678.0,0.00526,False
1785949123.139,64678.0,0.00526,False
1785949123.139,64678.0,0.00526,False
1785949123.139,64678.0,0.00526,False
1785949123.139,64678.0,0.00526,False
1785949123.139,64678.0,0.00526,False
1785949123.139,64678.0,0.00526,False
1785949123.139,64678.0,0.0037,False
1785949123.14,64678.0,0.00156,False
1785949123.14,64678.0,0.00526,False
1785949123.14,64678.0,8e-05,False
1785949123.14,64678.0,8e-05,False
1785949123.14,64678.0,8e-05,False
1785949123.14,64678.0,0.00526,False
1785949123.14,64678.0,0.00526,False
1785949123.14,64678.0,0.00526,False
1785949123.14,64678.0,0.00526,False
1785949123.14,64678.0,0.00526,False
1785949123.14,64678.0,0.00526,False
1785949123.14,64678.0,0.00526,False
1785949123.14,64678.0,0.00526,False
1785949123.14,64678.0,0.00526,False
1785949123.14,64678.0,0.00033,False
1785949123.14,64678.0,0.00022,False
1785949123.14,64678.01,8e-05,False
1785949123.14,64678.01,8e-05,False
1785949123.14,64678.01,8e-05,False
1785949123.14,64678.01,0.00016,False
1785949123.14,64678.01,8e-05,False
1785949123.14,64678.01,8e-05,False
1785949123.14,64678.01,8e-05,False
1785949123.14,64678.01,8e-05,False
1785949123.14,64678.01,8e-05,False
1785949123.14,64678.02,0.00016,False
1785949123.14,64678.29,8e-05,False
1785949123.14,64678.52,8e-05,False
1785949123.155,64678.87,8e-05,False
1785949123.155,64678.87,8e-05,False
1785949123.155,64678.87,8e-05,False
1785949123.155,64678.87,8e-05,False
1785949123.155,64678.87,8e-05,False
1785949123.155,64678.87,8e-05,False
1785949123.155,64678.87,8e-05,False
1785949123.155,64678.87,8e-05,False
1785949123.155,64678.87,8e-05,False
1785949123.155,64678.87,8e-05,False
1785949123.155,64678.87,9e-05,False
1785949123.155,64678.87,9e-05,False
1785949123.155,64678.87,8e-05,False
1785949123.155,64678.87,8e-05,False
1785949123.155,64678.88,8e-05,False
1785949123.155,64678.88,8e-05,False
1785949123.155,64678.88,8e-05,False
1785949123.155,64678.88,8e-05,False
1785949123.155,64678.88,8e-05,False
1785949123.158,64679.16,8e-05,False
1785949123.158,64679.16,8e-05,False
1785949123.158,64679.16,9e-05,False
1785949123.158,64679.16,8e-05,False
1785949123.158,64679.16,9e-05,False
1785949123.158,64679.16,8e-05,False
1785949123.158,64679.16,8e-05,False
1785949123.158,64679.16,8e-05,False
1785949123.158,64679.16,8e-05,False
1785949123.158,64679.99,9e-05,False
1785949123.158,64679.99,9e-05,False
1785949123.158,64679.99,9e-05,False
1785949123.169,64680.0,0.008,False
1785949123.169,64680.0,0.00436,False
1785949123.169,64680.0,0.01,False
1785949123.169,64680.0,0.006,False
1785949123.169,64680.0,0.007,False
1785949123.169,64680.0,0.005,False
1785949123.169,64680.0,0.01702,False
1785949123.169,64680.0,9e-05,False
1785949123.169,64680.0,9e-05,False
1785949123.169,64680.0,8e-05,False
1785949123.169,64680.0,8e-05,False
1785949123.169,64680.0,8e-05,False
1785949123.169,64680.0,8e-05,False
1785949123.169,64680.0,8e-05,False
1785949123.169,64680.0,8e-05,False
1785949123.169,64680.0,8e-05,False
1785949123.169,64680.0,8e-05,False
1785949123.169,64680.01,8e-05,False
1785949123.169,64680.01,8e-05,False
1785949123.169,64680.01,8e-05,False
1785949123.169,64680.01,8e-05,False
1785949123.169,64680.66,8e-05,False
1785949123.169,64680.66,8e-05,False
1785949123.169,64680.84,0.00231,False
1785949123.169,64680.94,0.00012,False
1785949123.169,64680.94,9e-05,False
1785949123.169,64681.09,8e-05,False
1785949123.169,64681.18,8e-05,False
1785949123.169,64681.18,8e-05,False
1785949123.171,64681.49,0.00015,True
1785949123.255,64681.5,9e-05,False
1785949123.255,64681.5,8e-05,False
1785949123.255,64681.5,9e-05,False
1785949123.255,64681.5,8e-05,False
1785949123.255,64681.5,8e-05,False
1785949123.255,64681.5,8e-05,False
1785949123.255,64681.5,8e-05,False
1785949123.255,64681.5,8e-05,False
1785949123.255,64681.5,8e-05,False
1785949123.255,64681.5,8e-05,False
1785949123.255,64681.5,8e-05,False
1785949123.255,64681.5,8e-05,False
1785949123.255,64681.5,8e-05,False
1785949123.255,64681.5,8e-05,False
1785949123.255,64681.5,8e-05,False
1785949123.255,64681.5,8e-05,False
1785949123.255,64681.5,8e-05,False
1785949123.255,64681.5,8e-05,False
1785949123.255,64681.5,8e-05,False
1785949123.255,64681.5,8e-05,False
1785949123.255,64681.5,8e-05,False
1785949123.255,64681.51,8e-05,False
1785949123.255,64681.51,8e-05,False
1785949123.255,64681.51,8e-05,False
1785949123.255,64681.51,8e-05,False
1785949123.255,64681.51,8e-05,False
1785949123.255,64681.54,0.00214,False
1785949123.287,64681.54,0.00048,False
1785949123.287,64681.54,8e-05,False
1785949123.287,64681.54,8e-05,False
1785949123.287,64681.54,9e-05,False
1785949123.287,64681.54,9e-05,False
1785949123.287,64681.54,0.29018,False
1785949123.287,64681.54,8e-05,False
1785949123.287,64681.54,8e-05,False
1785949123.287,64681.54,8e-05,False
1785949123.287,64681.54,8e-05,False
1785949123.287,64681.54,8e-05,False
1785949123.287,64681.54,8e-05,False
1785949123.287,64681.54,8e-05,False
1785949123.287,64681.54,8e-05,False
1785949123.287,64681.54,8e-05,False
1785949123.287,64681.54,8e-05,False
1785949123.287,64681.54,8e-05,False
1785949123.287,64681.54,8e-05,False
1785949123.287,64681.54,8e-05,False
1785949123.287,64681.54,8e-05,False
1785949123.287,64681.55,8e-05,False
1785949123.287,64681.55,8e-05,False
1785949123.843,64681.54,0.00011,True
1785949124.105,64681.54,0.00032,True
1785949124.198,64681.55,8e-05,False
1785949124.198,64681.55,8e-05,False
1785949124.198,64681.55,8e-05,False
1785949124.198,64681.55,8e-05,False
1785949124.198,64681.55,9e-05,False
1785949124.198,64681.55,8e-05,False
1785949124.198,64681.55,8e-05,False
1785949124.198,64681.55,9e-05,False
1785949124.198,64681.55,8e-05,False
1785949124.198,64681.55,8e-05,False
1785949124.198,64681.55,8e-05,False
1785949124.198,64681.55,8e-05,False
1785949124.198,64681.55,8e-05,False
1785949124.198,64681.55,8e-05,False
1785949124.198,64681.55,8e-05,False
1785949124.198,64681.55,8e-05,False
1785949124.198,64681.55,8e-05,False
1785949124.198,64681.55,8e-05,False
1785949124.198,64681.55,8e-05,False
1785949124.198,64681.55,8e-05,False
1785949124.198,64681.55,8e-05,False
1785949124.198,64681.55,8e-05,False
1785949124.198,64681.55,8e-05,False
1785949124.198,64681.55,8e-05,False
1785949124.198,64681.55,8e-05,False
1785949124.198,64681.55,8e-05,False
1785949124.198,64681.55,8e-05,False
1785949124.198,64681.56,8e-05,False
1785949124.198,64681.56,8e-05,False
1785949124.198,64681.56,8e-05,False
1785949124.198,64681.56,8e-05,False
1785949124.198,64681.56,8e-05,False
1785949124.198,64681.56,8e-05,False
1785949124.198,64681.56,8e-05,False
1785949124.198,64681.56,8e-05,False
1785949124.198,64681.56,8e-05,False
1785949124.198,64681.99,9e-05,False
1785949124.198,64681.99,9e-05,False
1785949124.198,64681.99,9e-05,False
1785949124.385,64682.0,0.00011,False
1785949124.439,64682.0,0.00541,False
1785949124.961,64681.99,0.00309,True
1785949127.294,64682.0,0.00148,False
1785949127.294,64682.0,0.008,False
1785949127.294,64682.0,0.005,False
1785949127.294,64682.0,0.006,False
1785949127.294,64682.0,8e-05,False
1785949127.294,64682.0,8e-05,False
1785949127.294,64682.0,8e-05,False
1785949127.294,64682.0,8e-05,False
1785949127.294,64682.0,8e-05,False
1785949127.294,64682.0,8e-05,False
1785949127.294,64682.0,8e-05,False
1785949127.294,64682.0,9e-05,False
1785949127.294,64682.0,8e-05,False
1785949127.294,64682.0,8e-05,False
1785949127.294,64682.0,8e-05,False
1785949127.294,64682.0,8e-05,False
1785949127.294,64682.0,0.00016,False
1785949127.294,64682.0,8e-05,False
1785949127.294,64682.0,8e-05,False
1785949127.294,64682.0,8e-05,False
1785949127.294,64682.0,8e-05,False
1785949127.294,64682.0,8e-05,False
1785949127.294,64682.0,8e-05,False
1785949127.294,64682.0,8e-05,False
1785949127.294,64682.0,9e-05,False
1785949127.294,64682.0,8e-05,False
1785949127.294,64682.0,8e-05,False
1785949127.294,64682.0,8e-05,False
1785949127.294,64682.0,8e-05,False
1785949127.294,64682.01,8e-05,False
1785949127.294,64682.01,8e-05,False
1785949127.294,64682.01,8e-05,False
1785949127.294,64682.01,8e-05,False
1785949127.294,64682.01,8e-05,False
1785949127.294,64682.01,0.00016,False
1785949127.294,64682.01,8e-05,False
1785949127.294,64682.01,8e-05,False
1785949127.294,64682.02,0.00016,False
1785949127.294,64682.54,0.00444,False
1785949127.294,64683.01,9e-05,False
1785949127.294,64683.01,9e-05,False
1785949127.294,64683.01,9e-05,False
1785949127.294,64683.02,0.09173,False
1785949127.294,64683.02,8e-05,False
1785949127.294,64683.02,8e-05,False
1785949127.294,64683.02,8e-05,False
1785949127.294,64683.02,8e-05,False
1785949127.294,64683.05,0.00019,False
1785949127.294,64683.09,8e-05,False
1785949127.294,64683.09,9e-05,False
1785949127.294,64683.09,9e-05,False
1785949127.294,64683.09,9e-05,False
1785949127.295,64683.84,0.0037,False
1785949127.295,64683.99,9e-05,False
1785949127.295,64683.99,9e-05,False
1785949127.295,64683.99,9e-05,False
1785949127.295,64684.0,0.005,False
1785949127.295,64684.0,0.006,False
1785949127.295,64684.0,0.007,False
1785949127.295,64684.0,0.008,False
1785949127.295,64684.18,9e-05,False
1785949127.295,64684.71,8e-05,False
1785949127.295,64685.13,0.00296,False
1785949127.295,64685.16,8e-05,False
1785949127.295,64685.19,8e-05,False
1785949127.295,64685.26,0.0003,False
1785949127.295,64685.99,0.00048,False
1785949127.295,64685.99,9e-05,False
1785949127.295,64685.99,9e-05,False
1785949127.295,64685.99,9e-05,False
1785949127.295,64686.0,0.005,False
1785949127.295,64686.0,0.006,False
1785949127.295,64686.0,0.00398,False
1785949127.31,64686.0,0.00302,False
1785949127.31,64686.0,0.00484,False
1785949127.317,64686.0,0.00316,False
1785949127.317,64686.0,9e-05,False
1785949127.317,64686.0,9e-05,False
1785949127.317,64686.0,8e-05,False
1785949127.317,64686.0,8e-05,False
1785949127.317,64686.0,8e-05,False
1785949127.317,64686.0,8e-05,False
1785949127.317,64686.0,6e-05,False
1785949127.323,64686.0,2e-05,False
1785949127.323,64686.0,8e-05,False
1785949127.323,64686.0,8e-05,False
1785949127.323,64686.0,8e-05,False
1785949127.323,64686.0,8e-05,False
1785949127.323,64686.0,8e-05,False
1785949127.323,64686.0,0.39291,False
1785949127.326,64686.0,8e-05,False
1785949127.326,64686.0,0.00016,False
1785949127.326,64686.0,8e-05,False
1785949127.326,64686.0,8e-05,False
1785949127.326,64686.0,8e-05,False
1785949127.326,64686.0,9e-05,False
1785949127.326,64686.0,9e-05,False
1785949127.326,64686.0,8e-05,False
1785949127.326,64686.0,8e-05,False
1785949127.326,64686.0,8e-05,False
1785949127.326,64686.0,8e-05,False
1785949127.326,64686.0,8e-05,False
1785949127.326,64686.0,8e-05,False
1785949127.326,64686.0,8e-05,False
1785949127.355,64686.01,8e-05,False
1785949127.355,64686.01,8e-05,False
1785949127.355,64686.01,8e-05,False
1785949127.355,64686.01,8e-05,False
1785949127.355,64686.01,8e-05,False
1785949127.355,64686.01,9e-05,False
1785949127.355,64686.01,8e-05,False
1785949127.355,64686.01,9e-05,False
1785949127.355,64686.01,8e-05,False
1785949127.355,64686.01,8e-05,False
1785949127.355,64686.01,8e-05,False
1785949127.355,64686.01,8e-05,False
1785949127.355,64686.01,8e-05,False
1785949127.355,64686.01,8e-05,False
1785949127.355,64686.01,8e-05,False
1785949127.355,64686.01,8e-05,False
1785949127.355,64686.01,8e-05,False
1785949127.355,64686.01,8e-05,False
1785949127.355,64686.01,8e-05,False
1785949127.355,64686.01,8e-05,False
1785949127.355,64686.01,8e-05,False
1785949127.355,64686.01,8e-05,False
1785949127.355,64686.01,8e-05,False
1785949127.355,64686.01,8e-05,False
1785949127.355,64686.02,8e-05,False
1785949127.355,64686.02,8e-05,False
1785949127.355,64686.02,8e-05,False
1785949127.355,64686.02,8e-05,False
1785949127.699,64686.01,0.00062,True
1785949127.712,64686.02,8e-05,False
1785949127.712,64686.02,9e-05,False
1785949127.712,64686.02,8e-05,False
1785949127.712,64686.02,7e-05,False
1785949128.064,64686.01,0.00102,True
1785949128.32,64686.01,0.00233,True
1785949130.184,64686.01,0.00032,True
1785949130.515,64686.02,1e-05,False
1785949130.515,64686.02,8e-05,False
1785949130.515,64686.02,8e-05,False
1785949130.515,64686.02,8e-05,False
1785949130.515,64686.02,1e-05,False
1785949131.446,64686.01,0.00148,True
1785949132.079,64686.01,0.00011,True
1785949132.738,64686.01,9e-05,True
1785949132.738,64686.01,8e-05,True
1785949132.738,64686.01,9e-05,True
1785949132.738,64686.01,9e-05,True
1785949132.738,64686.01,1e-05,True
1785949133.147,64686.02,8e-05,False
1785949133.147,64686.02,0.00016,False
1785949133.147,64686.02,0.022,False
1785949133.147,64686.02,0.0043,False
1785949133.147,64686.02,8e-05,False
1785949133.147,64686.02,8e-05,False
1785949133.147,64686.02,8e-05,False
1785949133.147,64686.02,0.00016,False
1785949133.147,64686.02,0.0015,False
1785949133.147,64686.02,0.01358,False
1785949134.35,64686.01,7e-05,True
1785949134.35,64686.01,0.00016,True
1785949134.35,64686.01,0.00904,True
1785949135.473,64686.01,0.01778,True
1785949135.473,64686.01,8e-05,True
1785949135.473,64686.01,8e-05,True
1785949135.473,64686.01,8e-05,True
1785949135.473,64686.01,8e-05,True
1785949135.473,64686.01,0.01,True
1785949135.473,64686.01,0.0001,True
1785949135.473,64686.01,0.00772,True
1785949135.473,64686.01,8e-05,True
1785949135.473,64686.01,8e-05,True
1785949135.473,64686.01,8e-05,True
1785949135.473,64686.01,8e-05,True
1785949135.473,64686.01,8e-05,True
1785949135.473,64686.01,8e-05,True
1785949135.473,64686.01,8e-05,True
1785949135.473,64686.01,8e-05,True
1785949135.473,64686.01,8e-05,True
1785949135.473,64686.01,9e-05,True
1785949135.473,64686.01,9e-05,True
1785949135.473,64686.01,8e-05,True
1785949135.473,64686.01,8e-05,True
1785949135.473,64686.01,8e-05,True
1785949135.473,64686.01,9e-05,True
1785949135.473,64686.01,8e-05,True
1785949135.473,64686.01,0.00854,True
1785949135.539,64686.01,0.01035,True
1785949136.143,64686.01,0.00465,True
1785949136.954,64686.01,0.00016,True
1785949136.954,64686.01,8e-05,True
1785949136.954,64686.01,8e-05,True
1785949136.954,64686.01,9e-05,True
1785949136.954,64686.01,8e-05,True
1785949136.954,64686.01,8e-05,True
1785949136.954,64686.01,9e-05,True
1785949136.954,64686.01,8e-05,True
1785949136.954,64686.01,8e-05,True
1785949136.954,64686.01,8e-05,True
1785949136.954,64686.01,9e-05,True
1785949136.954,64686.01,8e-05,True
1785949136.954,64686.01,8e-05,True
1785949136.954,64686.01,8e-05,True
1785949136.954,64686.01,8e-05,True
1785949136.954,64686.01,8e-05,True
1785949136.954,64686.01,8e-05,True
1785949136.954,64686.01,8e-05,True
1785949136.954,64686.01,0.01,True
1785949136.954,64686.01,0.0001,True
1785949136.954,64686.01,0.00901,True
1785949137.397,64686.02,0.00123,False
1785949137.455,64686.01,8e-05,True
1785949137.455,64686.01,9e-05,True
1785949137.455,64686.01,0.00016,True
1785949137.455,64686.01,8e-05,True
1785949137.455,64686.01,8e-05,True
1785949137.455,64686.01,8e-05,True
1785949137.455,64686.01,8e-05,True
1785949137.455,64686.01,8e-05,True
1785949137.455,64686.01,8e-05,True
1785949137.455,64686.01,8e-05,True
1785949137.455,64686.01,8e-05,True
1785949137.455,64686.01,8e-05,True
1785949137.455,64686.01,8e-05,True
1785949137.455,64686.01,8e-05,True
1785949137.455,64686.01,8e-05,True
1785949137.455,64686.01,8e-05,True
1785949137.455,64686.01,8e-05,True
1785949137.455,64686.0,0.00016,True
1785949137.455,64686.0,8e-05,True
1785949137.455,64686.0,9e-05,True
1785949137.455,64686.0,9e-05,True
1785949137.455,64686.0,8e-05,True
1785949137.455,64686.0,8e-05,True
1785949137.455,64686.0,8e-05,True
1785949137.455,64686.0,8e-05,True
1785949137.455,64686.0,8e-05,True
1785949137.455,64686.0,8e-05,True
1785949137.455,64686.0,8e-05,True
1785949137.455,64686.0,8e-05,True
1785949137.457,64685.99,8e-05,True
1785949137.457,64685.99,0.00016,True
1785949137.457,64685.99,8e-05,True
1785949137.457,64685.99,8e-05,True
1785949137.457,64685.99,8e-05,True
1785949137.457,64685.99,8e-05,True
1785949137.457,64685.99,8e-05,True
1785949137.457,64685.99,8e-05,True
1785949137.457,64685.99,8e-05,True
1785949137.457,64685.99,8e-05,True
1785949137.457,64685.99,8e-05,True
1785949137.457,64685.99,8e-05,True
1785949137.457,64685.99,8e-05,True
1785949137.457,64685.99,8e-05,True
1785949137.457,64685.99,8e-05,True
1785949139.767,64685.93,0.00011,False
1785949140.934,64685.92,0.0049,True
1785949140.934,64685.92,8e-05,True
1785949140.934,64685.92,8e-05,True
1785949140.934,64685.92,8e-05,True
1785949140.934,64685.92,8e-05,True
1785949140.934,64685.92,8e-05,True
1785949140.934,64685.92,8e-05,True
1785949140.934,64685.92,8e-05,True
1785949140.934,64685.92,8e-05,True
1785949140.934,64685.92,9e-05,True
1785949140.934,64685.92,9e-05,True
1785949140.934,64685.92,8e-05,True
1785949140.934,64685.92,8e-05,True
1785949140.934,64685.92,8e-05,True
1785949140.934,64685.92,8e-05,True
1785949140.934,64685.92,8e-05,True
1785949140.934,64685.92,0.1589,True
1785949140.934,64685.92,9e-05,True
1785949140.934,64685.92,8e-05,True
1785949140.934,64685.92,8e-05,True
1785949140.934,64685.92,8e-05,True
1785949140.934,64685.92,0.01,True
1785949140.934,64685.92,8e-05,True
1785949140.934,64685.92,0.0001,True
1785949140.934,64685.92,0.00012,True
1785949140.934,64685.92,0.00016,True
1785949140.934,64685.92,8e-05,True
1785949140.934,64685.92,1.29471,True
1785949140.934,64685.92,0.00021,True
1785949140.934,64685.92,0.00021,True
1785949140.934,64685.92,0.00021,True
1785949140.934,64685.92,0.00021,True
1785949140.934,64685.92,8e-05,True
1785949140.934,64685.92,8e-05,True
1785949140.934,64685.92,8e-05,True
1785949140.934,64685.92,0.00659,True
1785949140.934,64685.92,9e-05,True
1785949140.934,64685.92,8e-05,True
1785949140.934,64685.92,8e-05,True
1785949140.934,64685.92,8e-05,True
1785949140.934,64685.92,8e-05,True
1785949140.934,64685.92,8e-05,True
1785949140.934,64685.92,8e-05,True
1785949140.934,64685.92,8e-05,True
1785949140.934,64685.92,8e-05,True
1785949140.934,64685.91,9e-05,True
1785949140.934,64685.91,9e-05,True
1785949140.934,64685.91,8e-05,True
1785949140.934,64685.91,8e-05,True
1785949140.934,64685.91,8e-05,True
1785949140.934,64685.91,8e-05,True
1785949140.934,64685.91,8e-05,True
1785949140.934,64685.91,8e-05,True
1785949140.934,64685.91,8e-05,True
1785949140.934,64685.91,0.00016,True
1785949140.934,64685.91,8e-05,True
1785949140.934,64685.9,0.00016,True
1785949140.934,64684.83,0.00013,True
1785949140.934,64684.71,8e-05,True
1785949140.934,64684.62,0.00409,True
1785949140.934,64684.31,8e-05,True
1785949140.934,64684.01,9e-05,True
1785949140.934,64684.01,9e-05,True
1785949140.934,64684.01,9e-05,True
1785949140.934,64684.0,0.007,True
1785949140.934,64684.0,0.008,True
1785949140.934,64684.0,0.005,True
1785949140.934,64684.0,0.006,True
1785949140.934,64684.0,9e-05,True
1785949140.934,64684.0,9e-05,True
1785949140.934,64683.99,8e-05,True
1785949140.934,64683.99,8e-05,True
1785949140.934,64683.83,8e-05,True
1785949140.934,64683.83,8e-05,True
1785949140.934,64683.33,0.00327,True
1785949140.934,64683.1,0.00023,True
1785949140.934,64683.09,8e-05,True
1785949140.934,64683.09,8e-05,True
1785949140.934,64683.09,9e-05,True
1785949140.934,64683.09,9e-05,True
1785949140.934,64683.09,8e-05,True
1785949140.934,64683.09,8e-05,True
1785949140.934,64683.09,9e-05,True
1785949140.934,64683.09,8e-05,True
1785949140.934,64683.09,8e-05,True
1785949140.934,64683.09,8e-05,True
1785949140.934,64683.08,9e-05,True
1785949140.934,64683.08,9e-05,True
1785949140.934,64683.07,0.00737,True
1785949140.934,64683.07,9e-05,True
1785949140.934,64683.07,9e-05,True
1785949140.934,64683.01,8e-05,True
1785949140.934,64683.01,8e-05,True
1785949140.934,64683.01,8e-05,True
1785949140.934,64683.01,8e-05,True
1785949140.934,64683.01,8e-05,True
1785949140.934,64682.03,0.00245,True
1785949140.934,64682.01,9e-05,True
1785949140.934,64682.01,9e-05,True
1785949140.934,64682.01,9e-05,True
1785949140.934,64682.0,0.007,True
1785949140.934,64682.0,0.008,True
1785949140.934,64682.0,0.005,True
1785949140.934,64682.0,0.006,True
1785949140.934,64682.0,9e-05,True
1785949140.934,64682.0,9e-05,True
1785949140.934,64682.0,9e-05,True
1785949140.934,64682.0,9e-05,True
1785949140.934,64682.0,9e-05,True
1785949140.934,64681.99,8e-05,True
1785949140.934,64681.99,0.03759,True
1785949140.934,64681.99,0.00181,True
1785949140.934,64681.99,9e-05,True
1785949140.934,64681.99,9e-05,True
1785949140.934,64681.99,8e-05,True
1785949140.934,64681.99,8e-05,True
1785949140.934,64681.99,8e-05,True
1785949140.934,64681.99,8e-05,True
1785949140.934,64681.94,9e-05,True
1785949140.934,64681.93,0.01669,True
1785949140.934,64681.93,0.00185,True
1785949140.934,64681.93,9e-05,True
1785949140.934,64681.93,9e-05,True
1785949140.934,64681.54,8e-05,True
1785949140.934,64681.54,8e-05,True
1785949140.934,64681.54,0.00017,True
1785949140.934,64681.54,8e-05,True
1785949140.934,64681.54,8e-05,True
1785949140.934,64681.54,8e-05,True
1785949140.934,64681.54,8e-05,True
1785949140.934,64681.54,8e-05,True
1785949140.934,64681.53,8e-05,True
1785949140.934,64681.53,8e-05,True
1785949140.934,64681.5,8e-05,True
1785949140.934,64681.49,8e-05,True
1785949140.934,64681.49,8e-05,True
1785949140.934,64681.23,0.0122,True
1785949140.934,64681.23,9e-05,True
1785949140.934,64681.23,9e-05,True
1785949140.934,64681.17,8e-05,True
1785949140.934,64681.17,8e-05,True
1785949140.934,64681.03,8e-05,True
1785949140.934,64680.74,0.00163,True
1785949140.934,64680.21,0.01711,True
1785949140.934,64680.21,9e-05,True
1785949140.934,64680.21,9e-05,True
1785949140.934,64680.0,8e-05,True
1785949140.934,64680.0,0.007,True
1785949140.934,64680.0,0.008,True
1785949140.934,64680.0,0.005,True
1785949140.934,64680.0,0.006,True
1785949140.934,64679.99,8e-05,True
1785949140.934,64679.99,0.02001,True
1785949140.934,64679.99,8e-05,True
1785949140.934,64679.99,8e-05,True
1785949140.934,64679.99,8e-05,True
1785949140.934,64679.99,8e-05,True
1785949140.934,64679.56,0.01255,True
1785949140.934,64679.52,9e-05,True
1785949140.934,64679.45,8e-05,True
1785949140.934,64679.45,8e-05,True
1785949140.934,64679.45,8e-05,True
1785949140.934,64679.45,8e-05,True
1785949140.934,64679.19,0.45219,True
1785949140.934,64679.15,0.2773,True
1785949140.934,64678.96,8e-05,True
1785949140.934,64678.9,8e-05,True
1785949140.934,64678.46,0.00069,True
1785949140.934,64678.35,0.00047,True
1785949140.934,64678.29,8e-05,True
1785949140.934,64678.29,8e-05,True
1785949140.934,64678.0,0.008,True
1785949140.934,64678.0,0.007,True
1785949140.934,64678.0,0.006,True
1785949140.934,64678.0,0.005,True
1785949140.934,64678.0,0.00023,True
1785949140.934,64677.98,0.00048,True
1785949140.934,64677.91,8e-05,True
1785949140.934,64677.82,0.04,True
1785949140.934,64677.82,0.08,True
1785949140.936,64677.54,9e-05,True
1785949140.936,64677.54,9e-05,True
1785949140.936,64677.22,0.01223,True
1785949140.936,64676.9,0.0001,True
1785949140.936,64676.89,8e-05,True
1785949140.936,64676.88,0.00048,True
1785949140.936,64676.79,0.00693,True
1785949140.943,64676.79,0.08,True
1785949140.943,64676.79,0.02,True
1785949140.944,64676.79,0.04,True
1785949140.944,64676.79,0.00787,True
1785949140.944,64676.79,8e-05,True
1785949140.944,64676.79,8e-05,True
1785949140.944,64676.79,8e-05,True
1785949140.944,64676.79,8e-05,True
1785949140.944,64676.79,8e-05,True
1785949140.944,64676.79,0.00173,True
1785949141.038,64676.79,8e-05,True
1785949141.038,64676.79,8e-05,True
1785949141.038,64676.79,8e-05,True
1785949141.038,64676.79,8e-05,True
1785949141.038,64676.79,8e-05,True
1785949141.038,64676.79,8e-05,True
1785949141.038,64676.79,9e-05,True
1785949141.038,64676.79,8e-05,True
1785949141.038,64676.79,8e-05,True
1785949141.038,64676.79,8e-05,True
1785949141.038,64676.79,8e-05,True
1785949141.038,64676.79,8e-05,True
1785949141.038,64676.79,8e-05,True
1785949141.038,64676.79,9e-05,True
1785949141.038,64676.79,9e-05,True
1785949141.038,64676.79,8e-05,True
1785949141.038,64676.79,0.00016,True
1785949141.038,64676.79,8e-05,True
1785949141.038,64676.79,8e-05,True
1785949141.038,64676.79,8e-05,True
1785949141.038,64676.79,8e-05,True
1785949141.038,64676.78,8e-05,True
1785949141.038,64676.78,8e-05,True
1785949141.038,64676.78,8e-05,True
1785949141.038,64676.78,8e-05,True
1785949141.038,64676.78,9e-05,True
1785949141.038,64676.78,9e-05,True
1785949141.038,64676.78,8e-05,True
1785949141.038,64676.78,8e-05,True
1785949141.038,64676.78,8e-05,True
1785949141.038,64676.78,8e-05,True
1785949141.038,64676.59,0.00019,True
1785949141.038,64676.45,0.00478,True
1785949141.038,64676.01,9e-05,True
1785949141.038,64676.01,9e-05,True
1785949141.038,64676.01,9e-05,True
1785949141.719,64676.0,0.00317,True
1785949142.669,64676.0,0.00483,True
1785949142.669,64676.0,0.007,True
1785949142.669,64676.0,0.006,True
1785949142.669,64676.0,0.005,True
1785949142.669,64676.0,9e-05,True
1785949142.669,64676.0,9e-05,True
1785949142.669,64676.0,8e-05,True
1785949142.669,64676.0,8e-05,True
1785949142.669,64676.0,8e-05,True
1785949142.669,64676.0,8e-05,True
1785949142.669,64676.0,8e-05,True
1785949142.669,64676.0,8e-05,True
1785949142.669,64676.0,8e-05,True
1785949142.669,64676.0,9e-05,True
1785949142.669,64676.0,8e-05,True
1785949142.669,64676.0,8e-05,True
1785949142.669,64676.0,8e-05,True
1785949142.669,64676.0,8e-05,True
1785949142.669,64676.0,8e-05,True
1785949142.669,64676.0,8e-05,True
1785949142.669,64676.0,8e-05,True
1785949142.669,64676.0,8e-05,True
1785949142.669,64676.0,9e-05,True
1785949142.669,64676.0,9e-05,True
1785949142.669,64676.0,0.02628,True
1785949142.669,64676.0,0.00016,True
1785949142.669,64676.0,0.01,True
1785949142.669,64676.0,9e-05,True
1785949142.669,64676.0,8e-05,True
1785949142.669,64676.0,8e-05,True
1785949142.669,64676.0,8e-05,True
1785949142.669,64675.99,9e-05,True
1785949142.669,64675.99,9e-05,True
1785949142.669,64675.99,8e-05,True
1785949142.669,64675.99,8e-05,True
1785949142.669,64675.99,8e-05,True
1785949142.669,64675.99,8e-05,True
1785949142.669,64675.99,8e-05,True
1785949142.669,64675.99,8e-05,True
1785949142.669,64675.99,8e-05,True
1785949142.669,64675.99,8e-05,True
1785949142.669,64675.99,8e-05,True
1785949142.669,64675.99,0.00016,True
1785949142.669,64675.98,0.00016,True
1785949142.669,64675.58,0.00475,True
1785949142.669,64675.08,8e-05,True
1785949142.67,64674.28,0.00395,True
1785949142.67,64674.28,0.1589,True
1785949142.67,64674.28,8e-05,True
1785949142.67,64674.28,8e-05,True
1785949142.67,64674.28,8e-05,True
1785949142.67,64674.28,8e-05,True
1785949142.67,64674.28,8e-05,True
1785949142.67,64674.27,8e-05,True
1785949142.67,64674.27,9e-05,True
1785949142.67,64674.16,9e-05,True
1785949142.67,64674.16,9e-05,True
1785949142.67,64674.16,9e-05,True
1785949142.671,64674.15,0.03863,True
1785949142.671,64674.15,9e-05,True
1785949142.671,64674.15,9e-05,True
1785949142.671,64674.01,9e-05,True
1785949142.671,64674.01,9e-05,True
1785949142.671,64674.01,9e-05,True
1785949142.671,64674.0,0.008,True
1785949142.671,64674.0,0.007,True
1785949142.671,64674.0,0.005,True
1785949142.671,64674.0,0.006,True
1785949142.671,64674.0,9e-05,True
1785949142.671,64674.0,9e-05,True
1785949142.671,64673.58,0.007,True
1785949142.671,64673.58,9e-05,True
1785949142.671,64673.58,9e-05,True
1785949143.957,64673.0,0.00103,False
1785949144.848,64673.0,0.001,False
1785949144.869,64672.99,9e-05,True
1785949144.869,64672.99,9e-05,True
1785949144.869,64672.99,8e-05,True
1785949144.869,64672.99,8e-05,True
1785949144.869,64672.99,0.02463,True
1785949144.869,64672.99,8e-05,True
1785949144.869,64672.99,8e-05,True
1785949144.869,64672.99,8e-05,True
1785949144.869,64672.99,9e-05,True
1785949144.869,64672.99,8e-05,True
1785949144.869,64672.99,8e-05,True
1785949144.869,64672.99,0.00016,True
1785949144.869,64672.99,8e-05,True
1785949144.869,64672.99,8e-05,True
1785949144.869,64672.99,8e-05,True
1785949144.869,64672.99,8e-05,True
1785949144.869,64672.99,8e-05,True
1785949144.869,64672.99,8e-05,True
1785949144.869,64672.99,8e-05,True
1785949144.869,64672.99,8e-05,True
1785949144.869,64672.99,0.00154,True
1785949144.869,64672.99,0.01,True
1785949144.869,64672.99,0.00016,True
1785949144.869,64672.99,8e-05,True
1785949144.869,64672.99,8e-05,True
1785949144.869,64672.99,8e-05,True
1785949144.869,64672.99,8e-05,True
1785949144.869,64672.99,9e-05,True
1785949144.869,64672.99,8e-05,True
1785949144.869,64672.99,8e-05,True
1785949144.869,64672.99,8e-05,True
1785949144.869,64672.99,8e-05,True
1785949144.869,64672.99,8e-05,True
1785949144.869,64672.99,8e-05,True
1785949144.869,64672.99,8e-05,True
1785949144.869,64672.99,8e-05,True
1785949144.869,64672.99,8e-05,True
1785949144.869,64672.98,9e-05,True
1785949144.869,64672.98,9e-05,True
1785949144.869,64672.98,8e-05,True
1785949144.869,64672.98,8e-05,True
1785949144.869,64672.98,8e-05,True
1785949144.869,64672.98,8e-05,True
1785949144.869,64672.98,8e-05,True
1785949144.869,64672.98,8e-05,True
1785949144.869,64672.98,8e-05,True
1785949144.869,64672.98,0.00016,True
1785949144.869,64672.97,0.00016,True
1785949144.869,64672.44,0.00468,True
1785949144.869,64672.11,0.00023,True
1785949144.872,64672.01,0.03084,True
1785949145.076,64672.01,0.00045,True
1785949145.221,64672.01,8e-05,True
1785949145.221,64672.01,8e-05,True
1785949145.221,64672.01,8e-05,True
1785949145.221,64672.01,9e-05,True
1785949145.221,64672.01,8e-05,True
1785949145.221,64672.01,8e-05,True
1785949145.221,64672.01,8e-05,True
1785949145.221,64672.01,8e-05,True
1785949145.221,64672.01,9e-05,True
1785949145.221,64672.01,9e-05,True
1785949145.221,64672.01,8e-05,True
1785949145.221,64672.01,9e-05,True
1785949145.221,64672.01,8e-05,True
1785949145.221,64672.01,8e-05,True
1785949145.221,64672.01,8e-05,True
1785949145.221,64672.01,9e-05,True
1785949145.221,64672.01,8e-05,True
1785949145.221,64672.01,8e-05,True
1785949145.221,64672.01,8e-05,True
1785949145.221,64672.01,8e-05,True
1785949145.221,64672.01,8e-05,True
1785949145.221,64672.01,8e-05,True
1785949145.221,64672.01,8e-05,True
1785949145.221,64672.01,8e-05,True
1785949145.221,64672.01,8e-05,True
1785949145.221,64672.01,9e-05,True
1785949145.224,64672.0,0.0063,True
1785949145.286,64672.01,0.0001,False
1785949145.338,64672.0,0.0017,True
1785949145.338,64672.0,0.007,True
1785949145.338,64672.0,0.00445,True
1785949147.312,64672.01,0.03836,False
1785949147.312,64672.01,0.01477,False
1785949147.688,64672.01,0.0001,False
1785949147.752,64672.0,0.00011,True
1785949148.173,64672.0,0.00144,True
1785949148.173,64672.0,0.005,True
1785949148.173,64672.0,8e-05,True
1785949148.173,64672.0,8e-05,True
1785949148.173,64672.0,8e-05,True
1785949148.173,64672.0,8e-05,True
1785949148.173,64672.0,8e-05,True
1785949148.173,64672.0,8e-05,True
1785949148.173,64672.0,9e-05,True
1785949148.173,64672.0,9e-05,True
1785949148.173,64672.0,8e-05,True
1785949148.173,64672.0,8e-05,True
1785949148.173,64672.0,8e-05,True
1785949148.173,64672.0,8e-05,True
1785949148.173,64672.0,8e-05,True
1785949148.173,64672.0,8e-05,True
1785949148.173,64672.0,8e-05,True
1785949148.173,64672.0,8e-05,True
1785949148.173,64672.0,8e-05,True
1785949148.173,64672.0,8e-05,True
1785949148.173,64672.0,8e-05,True
1785949148.173,64672.0,9e-05,True
1785949148.173,64672.0,8e-05,True
1785949148.173,64672.0,0.01965,True
1785949148.173,64672.0,8e-05,True
1785949148.173,64672.0,8e-05,True
1785949148.173,64672.0,0.0001,True
1785949148.173,64672.0,0.01,True
1785949148.173,64672.0,0.00016,True
1785949148.173,64672.0,8e-05,True
1785949148.173,64672.0,8e-05,True
1785949148.173,64672.0,8e-05,True
1785949148.173,64672.0,9e-05,True
1785949148.173,64672.0,8e-05,True
1785949148.173,64672.0,8e-05,True
1785949148.173,64671.99,9e-05,True
1785949148.173,64671.99,9e-05,True
1785949148.173,64671.99,8e-05,True
1785949148.173,64671.99,8e-05,True
1785949148.173,64671.99,8e-05,True
1785949148.173,64671.99,8e-05,True
1785949148.173,64671.99,8e-05,True
1785949148.173,64671.99,8e-05,True
1785949148.173,64671.99,8e-05,True
1785949148.173,64671.99,0.00016,True
1785949148.173,64671.98,0.00016,True
1785949148.173,64671.87,8e-05,True
1785949148.173,64671.38,0.00465,True
1785949148.173,64670.82,8e-05,True
1785949148.173,64670.13,0.00019,True
1785949148.173,64670.08,0.00387,True
1785949148.173,64670.01,9e-05,True
1785949148.173,64670.01,9e-05,True
1785949148.173,64670.01,9e-05,True
1785949148.19,64670.0,0.0001,True
1785949148.336,64670.01,0.00039,False
1785949148.479,64670.0,0.0079,True
1785949148.479,64670.0,0.007,True
1785949148.479,64670.0,0.01,True
1785949148.479,64670.0,0.006,True
1785949148.48,64670.0,0.005,True
1785949148.48,64670.0,9e-05,True
1785949148.48,64670.0,9e-05,True
1785949148.48,64670.0,8e-05,True
1785949148.48,64670.0,8e-05,True
1785949148.48,64670.0,8e-05,True
1785949148.48,64670.0,8e-05,True
1785949148.48,64670.0,8e-05,True
1785949148.48,64670.0,8e-05,True
1785949148.48,64670.0,8e-05,True
1785949148.48,64670.0,8e-05,True
1785949148.48,64670.0,8e-05,True
1785949148.48,64670.0,0.01907,True
1785949148.48,64670.0,9e-05,True
1785949148.48,64670.0,8e-05,True
1785949148.48,64670.0,8e-05,True
1785949148.48,64670.0,8e-05,True
1785949148.48,64670.0,8e-05,True
1785949148.48,64670.0,8e-05,True
1785949148.48,64670.0,8e-05,True
1785949148.48,64670.0,8e-05,True
1785949148.48,64670.0,8e-05,True
1785949148.48,64670.0,8e-05,True
1785949148.48,64669.99,9e-05,True
1785949148.48,64669.99,9e-05,True
1785949148.48,64669.99,8e-05,True
1785949148.48,64669.99,8e-05,True
1785949148.48,64669.99,8e-05,True
1785949148.48,64669.99,8e-05,True
1785949148.48,64669.99,8e-05,True
1785949148.48,64669.99,8e-05,True
1785949148.48,64669.99,8e-05,True
1785949148.48,64669.99,8e-05,True
1785949148.48,64669.99,8e-05,True
1785949148.48,64669.99,8e-05,True
1785949148.48,64669.99,8e-05,True
1785949148.48,64669.55,0.00016,True
1785949148.48,64669.54,8e-05,True
1785949148.48,64669.27,0.00629,True
1785949148.48,64669.27,9e-05,True
1785949148.48,64669.27,9e-05,True
1785949148.48,64669.24,0.00458,True
1785949148.48,64668.9,8e-05,True
1785949148.48,64668.66,8e-05,True
1785949148.48,64668.61,8e-05,True
1785949148.48,64668.01,9e-05,True
1785949148.48,64668.01,9e-05,True
1785949148.48,64668.01,9e-05,True
1785949148.482,64668.0,0.008,True
1785949148.482,64668.0,0.007,True
1785949148.482,64668.0,0.006,True
1785949148.482,64668.0,0.005,True
1785949148.482,64668.0,9e-05,True
1785949148.482,64668.0,9e-05,True
1785949148.482,64668.0,8e-05,True
1785949148.482,64668.0,8e-05,True
1785949148.482,64668.0,8e-05,True
1785949148.482,64668.0,8e-05,True
1785949148.482,64668.0,8e-05,True
1785949148.482,64667.99,9e-05,True
1785949148.482,64667.99,9e-05,True
1785949148.482,64667.99,8e-05,True
1785949148.482,64667.94,0.00382,True
1785949148.484,64667.49,0.00047,True
1785949148.484,64667.49,8e-05,True
1785949148.484,64667.49,8e-05,True
1785949148.484,64667.49,8e-05,True
1785949148.484,64667.49,8e-05,True
1785949148.486,64666.65,0.00305,True
1785949148.491,64666.65,8e-05,True
1785949148.491,64666.65,8e-05,True
1785949148.491,64666.65,8e-05,True
1785949148.491,64666.65,8e-05,True
1785949148.491,64666.65,8e-05,True
1785949148.491,64666.65,8e-05,True
1785949148.491,64666.65,8e-05,True
1785949148.491,64666.65,9e-05,True
1785949148.491,64666.65,8e-05,True
1785949148.491,64666.65,8e-05,True
1785949148.491,64666.65,8e-05,True
1785949148.491,64666.65,8e-05,True
1785949148.491,64666.64,9e-05,True
1785949148.491,64666.64,9e-05,True
1785949148.491,64666.64,8e-05,True
1785949148.491,64666.64,8e-05,True
1785949148.491,64666.64,8e-05,True
1785949148.491,64666.64,8e-05,True
1785949148.491,64666.64,8e-05,True
1785949148.491,64666.64,8e-05,True
1785949148.491,64666.57,0.00023,True
1785949148.491,64666.57,8e-05,True
1785949148.491,64666.57,8e-05,True
1785949148.491,64666.57,8e-05,True
1785949148.491,64666.57,8e-05,True
1785949148.491,64666.57,8e-05,True
1785949148.491,64666.57,8e-05,True
1785949148.491,64666.56,9e-05,True
1785949148.491,64666.21,9e-05,True
1785949148.491,64666.21,9e-05,True
1785949148.491,64666.21,9e-05,True
1785949148.495,64666.2,8e-05,True
1785949148.495,64666.2,8e-05,True
1785949148.495,64666.2,8e-05,True
1785949148.495,64666.2,8e-05,True
1785949148.495,64666.2,8e-05,True
1785949148.495,64666.2,8e-05,True
1785949148.495,64666.2,8e-05,True
1785949148.495,64666.2,8e-05,True
1785949148.495,64666.2,8e-05,True
1785949148.495,64666.2,8e-05,True
1785949148.495,64666.2,8e-05,True
1785949148.495,64666.2,8e-05,True
1785949148.495,64666.2,8e-05,True
1785949148.495,64666.2,8e-05,True
1785949148.495,64666.19,9e-05,True
1785949148.495,64666.19,8e-05,True
1785949148.495,64666.19,8e-05,True
1785949148.495,64666.19,8e-05,True
1785949148.495,64666.19,8e-05,True
1785949148.495,64666.19,8e-05,True
1785949148.495,64666.19,9e-05,True
1785949148.495,64666.01,9e-05,True
1785949148.495,64666.01,9e-05,True
1785949148.495,64666.01,9e-05,True
1785949148.496,64666.0,0.005,True
1785949148.496,64666.0,0.008,True
1785949148.496,64666.0,0.007,True
1785949148.496,64666.0,0.006,True
1785949148.496,64666.0,9e-05,True
1785949148.496,64666.0,9e-05,True
1785949148.499,64665.64,0.00463,True
1785949148.499,64665.64,8e-05,True
1785949148.499,64665.64,8e-05,True
1785949148.499,64665.64,1e-05,True
1785949148.5,64665.64,7e-05,True
1785949148.5,64665.64,8e-05,True
1785949148.5,64665.64,8e-05,True
1785949148.5,64665.63,9e-05,True
1785949148.5,64665.63,9e-05,True
1785949148.5,64665.63,8e-05,True
1785949148.5,64665.63,8e-05,True
1785949148.5,64665.6,0.00023,True
1785949148.502,64665.35,0.00229,True
1785949148.502,64665.35,8e-05,True
1785949148.502,64665.35,8e-05,True
1785949148.504,64664.6,9e-05,True
1785949148.504,64664.6,8e-05,True
1785949148.504,64664.6,8e-05,True
1785949148.504,64664.6,8e-05,True
1785949148.504,64664.6,8e-05,True
1785949148.509,64664.06,0.00152,True
1785949148.509,64664.06,8e-05,True
1785949148.509,64664.06,8e-05,True
1785949148.509,64664.06,8e-05,True
1785949148.509,64664.06,8e-05,True
1785949148.509,64664.06,8e-05,True
1785949148.509,64664.06,8e-05,True
1785949148.509,64664.06,8e-05,True
1785949148.509,64664.06,8e-05,True
1785949148.509,64664.06,8e-05,True
1785949148.509,64664.06,8e-05,True
1785949148.509,64664.06,8e-05,True
1785949148.509,64664.06,8e-05,True
1785949148.509,64664.06,8e-05,True
1785949148.509,64664.06,8e-05,True
1785949148.509,64664.06,8e-05,True
1785949148.509,64664.06,8e-05,True
1785949148.509,64664.06,8e-05,True
1785949148.509,64664.06,8e-05,True
1785949148.509,64664.05,9e-05,True
1785949148.509,64664.05,9e-05,True
1785949148.509,64664.05,8e-05,True
1785949148.509,64664.05,8e-05,True
1785949148.509,64664.05,8e-05,True
1785949148.509,64664.05,8e-05,True
1785949148.509,64664.05,8e-05,True
1785949148.509,64664.05,8e-05,True
1785949148.509,64664.05,8e-05,True
1785949148.509,64664.01,9e-05,True
1785949148.509,64664.01,9e-05,True
1785949148.509,64664.01,9e-05,True
1785949148.509,64664.01,9e-05,True
1785949148.509,64664.01,9e-05,True
1785949148.648,64664.0,0.007,True
1785949148.648,64664.0,0.00559,True
1785949149.361,64664.01,0.00518,False
1785949150.833,64664.0,0.00041,True
1785949150.833,64664.0,0.005,True
1785949150.833,64664.0,0.008,True
1785949150.833,64664.0,9e-05,True
1785949150.833,64664.0,9e-05,True
1785949150.833,64664.0,8e-05,True
1785949150.833,64664.0,8e-05,True
1785949150.833,64664.0,8e-05,True
1785949150.833,64664.0,8e-05,True
1785949150.833,64664.0,8e-05,True
1785949150.833,64664.0,8e-05,True
1785949150.833,64664.0,8e-05,True
1785949150.833,64664.0,8e-05,True
1785949150.833,64664.0,0.00016,True
1785949150.833,64664.0,9e-05,True
1785949150.833,64664.0,8e-05,True
1785949150.833,64664.0,8e-05,True
1785949150.833,64664.0,8e-05,True
1785949150.833,64664.0,8e-05,True
1785949150.833,64664.0,8e-05,True
1785949150.833,64664.0,8e-05,True
1785949150.833,64664.0,8e-05,True
1785949150.833,64664.0,8e-05,True
1785949150.833,64664.0,0.01,True
1785949150.833,64664.0,0.0001,True
1785949150.833,64664.0,0.00016,True
1785949150.833,64664.0,9e-05,True
1785949150.833,64664.0,8e-05,True
1785949150.833,64664.0,8e-05,True
1785949150.833,64664.0,8e-05,True
1785949150.833,64663.99,9e-05,True
1785949150.833,64663.99,8e-05,True
1785949150.833,64663.99,8e-05,True
1785949150.833,64663.99,8e-05,True
1785949150.833,64663.99,8e-05,True
1785949150.833,64663.99,8e-05,True
1785949150.833,64663.99,9e-05,True
1785949150.833,64663.99,8e-05,True
1785949150.833,64663.99,8e-05,True
1785949150.833,64663.99,8e-05,True
1785949150.833,64663.99,8e-05,True
1785949150.833,64663.99,8e-05,True
1785949150.833,64663.99,0.00016,True
1785949150.833,64663.99,8e-05,True
1785949150.833,64663.98,0.00016,True
1785949150.833,64663.68,0.00019,True
1785949150.833,64663.0,0.00447,True
1785949150.833,64662.48,8e-05,True
1785949150.833,64662.4,8e-05,True
1785949150.833,64662.24,8e-05,True
1785949150.833,64662.01,9e-05,True
1785949150.833,64662.01,9e-05,True
1785949150.833,64662.01,9e-05,True
1785949150.838,64662.0,0.0001,True
1785949151.154,64662.0,0.00285,True
1785949154.288,64662.0,0.0019,True
1785949154.29,64662.01,0.00013,False
1785949154.829,64662.01,0.00017,False
1785949156.722,64662.0,0.00015,True
1785949156.722,64662.0,0.00544,True
1785949158.368,64662.0,0.00256,True
1785949158.368,64662.0,0.007,True
1785949158.368,64662.0,0.006,True
1785949158.368,64662.0,8e-05,True
1785949158.368,64662.0,8e-05,True
1785949158.368,64662.0,8e-05,True
1785949158.368,64662.0,8e-05,True
1785949158.368,64662.0,8e-05,True
1785949158.368,64662.0,2e-05,True
1785949158.837,64662.0,0.00014,True
1785949158.837,64662.0,0.01883,True
1785949159.374,64662.0,0.00036,True
1785949160.383,64662.0,0.01409,True
1785949161.379,64662.0,0.00032,True
1785949162.95,64662.01,7e-05,False
1785949162.993,64662.01,0.007,False
1785949163.288,64662.0,0.02,True
1785949163.683,64662.0,0.00226,True
1785949163.899,64662.0,0.00012,True
1785949164.502,64662.01,0.00209,False
1785949164.957,64662.01,0.0001,False
1785949164.959,64662.01,0.39022,False
1785949164.965,64662.01,8e-05,False
1785949164.965,64662.01,8e-05,False
1785949164.965,64662.01,9e-05,False
1785949164.965,64662.01,8e-05,False
1785949164.965,64662.01,0.00016,False
1785949164.965,64662.01,8e-05,False
1785949164.965,64662.01,8e-05,False
1785949164.965,64662.01,8e-05,False
1785949164.965,64662.01,0.00773,False
1785949164.965,64662.01,8e-05,False
1785949164.965,64662.01,0.00048,False
1785949164.965,64662.01,0.0007,False
1785949164.965,64662.01,9e-05,False
1785949164.965,64662.01,0.00016,False
1785949164.965,64662.01,8e-05,False
1785949164.965,64662.01,8e-05,False
1785949164.965,64662.01,8e-05,False
1785949164.965,64662.01,8e-05,False
1785949164.965,64662.01,8e-05,False
1785949164.965,64662.01,9e-05,False
1785949164.965,64662.01,8e-05,False
1785949164.965,64662.01,8e-05,False
1785949164.965,64662.01,8e-05,False
1785949164.965,64662.01,0.00048,False
1785949164.965,64662.01,0.001,False
1785949164.965,64662.01,9e-05,False
1785949164.965,64662.01,8e-05,False
1785949164.965,64662.01,9e-05,False
1785949164.965,64662.01,8e-05,False
1785949164.965,64662.01,8e-05,False
1785949164.965,64662.01,0.00017,False
1785949164.965,64662.01,8e-05,False
1785949164.965,64662.01,8e-05,False
1785949164.965,64662.01,8e-05,False
1785949164.965,64662.01,8e-05,False
1785949164.965,64662.01,8e-05,False
1785949164.965,64662.01,8e-05,False
1785949164.965,64662.01,8e-05,False
1785949164.965,64662.01,8e-05,False
1785949164.965,64662.02,9e-05,False
1785949164.965,64662.02,0.00016,False
1785949164.965,64662.02,8e-05,False
1785949164.965,64662.02,8e-05,False
1785949164.965,64662.02,8e-05,False
1785949164.965,64662.02,8e-05,False
1785949164.965,64662.02,9e-05,False
1785949164.965,64662.02,8e-05,False
1785949164.965,64662.02,8e-05,False
1785949164.965,64662.02,8e-05,False
1785949164.965,64662.03,0.00016,False
1785949164.965,64662.21,9e-05,False
1785949164.965,64662.21,9e-05,False
1785949164.965,64662.21,9e-05,False
1785949164.976,64662.22,8e-05,False
1785949164.976,64662.22,8e-05,False
1785949164.976,64662.22,8e-05,False
1785949164.976,64662.22,9e-05,False
1785949164.976,64662.22,9e-05,False
1785949164.976,64662.22,8e-05,False
1785949164.976,64662.22,8e-05,False
1785949164.976,64662.22,8e-05,False
1785949164.976,64662.22,8e-05,False
1785949164.976,64662.22,8e-05,False
1785949164.976,64662.22,8e-05,False
1785949164.976,64662.22,8e-05,False
1785949164.976,64662.22,8e-05,False
1785949164.976,64662.22,8e-05,False
1785949164.976,64662.22,8e-05,False
1785949164.976,64662.22,8e-05,False
1785949164.976,64662.23,8e-05,False
1785949164.976,64662.23,8e-05,False
1785949164.976,64662.23,8e-05,False
1785949164.976,64662.23,8e-05,False
1785949164.976,64662.23,8e-05,False
1785949164.976,64662.23,8e-05,False
1785949164.976,64662.23,9e-05,False
1785949164.976,64662.23,9e-05,False
1785949164.976,64662.24,0.00483,False
1785949164.981,64663.54,0.00024,False
1785949165.017,64663.54,0.00379,False
1785949165.017,64663.54,8e-05,False
1785949165.017,64663.54,8e-05,False
1785949165.017,64663.54,8e-05,False
1785949165.017,64663.54,8e-05,False
1785949165.017,64663.54,9e-05,False
1785949165.017,64663.54,8e-05,False
1785949165.017,64663.54,0.003,False
1785949165.017,64663.54,8e-05,False
1785949165.017,64663.54,0.003,False
1785949165.017,64663.54,8e-05,False
1785949165.017,64663.54,0.003,False
1785949165.017,64663.54,0.003,False
1785949165.017,64663.54,0.003,False
1785949165.017,64663.54,8e-05,False
1785949165.017,64663.54,0.003,False
1785949165.017,64663.54,0.003,False
1785949165.017,64663.54,0.003,False
1785949165.017,64663.54,0.003,False
1785949165.017,64663.54,0.003,False
1785949165.017,64663.54,0.003,False
1785949165.017,64663.54,8e-05,False
1785949165.017,64663.54,0.003,False
1785949165.017,64663.54,8e-05,False
1785949165.017,64663.54,0.003,False
1785949165.017,64663.54,0.003,False
1785949165.017,64663.54,0.003,False
1785949165.017,64663.54,0.003,False
1785949165.017,64663.54,0.003,False
1785949165.017,64663.54,0.003,False
1785949165.017,64663.54,0.003,False
1785949165.017,64663.54,8e-05,False
1785949165.017,64663.54,0.003,False
1785949165.017,64663.54,0.003,False
1785949165.017,64663.54,0.15563,False
1785949165.02,64663.54,8e-05,False
1785949165.02,64663.54,9e-05,False
1785949165.02,64663.54,8e-05,False
1785949165.02,64663.54,9e-05,False
1785949165.02,64663.54,8e-05,False
1785949165.02,64663.54,9e-05,False
1785949165.02,64663.54,9e-05,False
1785949165.02,64663.54,8e-05,False
1785949165.02,64663.54,8e-05,False
1785949165.02,64663.54,9e-05,False
1785949165.02,64663.54,8e-05,False
1785949165.02,64663.54,8e-05,False
1785949165.02,64663.54,8e-05,False
1785949165.02,64663.54,8e-05,False
1785949165.02,64663.54,8e-05,False
1785949165.02,64663.54,8e-05,False
1785949165.02,64663.54,8e-05,False
1785949165.02,64663.54,8e-05,False
1785949165.02,64663.55,8e-05,False
1785949165.02,64663.55,8e-05,False
1785949165.02,64663.55,9e-05,False
1785949165.02,64663.55,8e-05,False
1785949165.02,64663.55,9e-05,False
1785949165.02,64663.55,8e-05,False
1785949165.02,64663.55,8e-05,False
1785949165.02,64663.75,8e-05,False
1785949165.02,64663.99,9e-05,False
1785949165.02,64663.99,9e-05,False
1785949165.02,64663.99,9e-05,False
1785949165.02,64664.0,0.005,False
1785949165.02,64664.0,2e-05,False
1785949165.025,64664.0,0.00109,False
1785949165.032,64664.0,0.00489,False
1785949165.032,64664.0,0.0028,False
1785949165.668,64663.99,0.00119,True
1785949166.186,64664.0,0.0042,False
1785949166.186,64664.0,0.00038,False
1785949166.248,64664.0,0.00021,False
1785949167.247,64663.99,0.00012,True
1785949167.764,64663.99,0.00555,True
1785949167.764,64663.99,0.00145,True
1785949167.764,64663.99,0.01546,True
1785949167.764,64663.99,0.01209,True
1785949169.175,64664.0,0.00108,False
1785949170.238,64664.0,0.00011,False
1785949170.273,64663.99,0.03088,True
1785949170.488,64663.99,9e-05,True
1785949170.542,64664.0,0.00622,False
1785949170.542,64664.0,8e-05,False
1785949170.542,64664.0,8e-05,False
1785949170.542,64664.0,9e-05,False
1785949170.542,64664.0,8e-05,False
1785949170.542,64664.0,8e-05,False
1785949170.542,64664.0,8e-05,False
1785949170.542,64664.0,8e-05,False
1785949170.542,64664.0,8e-05,False
1785949170.542,64664.0,8e-05,False
1785949170.542,64664.0,8e-05,False
1785949170.542,64664.0,8e-05,False
1785949170.542,64664.0,9e-05,False
1785949170.542,64664.0,8e-05,False
1785949170.542,64664.0,8e-05,False
1785949170.542,64664.0,8e-05,False
1785949170.542,64664.0,8e-05,False
1785949170.542,64664.0,8e-05,False
1785949170.542,64664.0,8e-05,False
1785949170.542,64664.0,8e-05,False
1785949170.542,64664.0,8e-05,False
1785949170.542,64664.0,8e-05,False
1785949170.542,64664.0,0.00016,False
1785949170.542,64664.0,8e-05,False
1785949170.542,64664.0,0.00605,False
1785949171.679,64664.0,0.00119,False
1785949171.684,64664.0,9e-05,False
1785949172.567,64664.0,0.00025,False
1785949172.722,64664.0,0.00399,False
1785949172.773,64664.0,9e-05,False
1785949177.355,64663.99,9e-05,True
1785949179.605,64664.0,9e-05,False
1785949179.781,64664.0,0.00158,False
1785949179.911,64664.0,0.00194,False
1785949179.994,64664.0,0.00154,False
1785949180.122,64664.0,8e-05,False
1785949180.122,64664.0,8e-05,False
1785949180.122,64664.0,8e-05,False
1785949180.122,64664.0,9e-05,False
1785949180.122,64664.0,8e-05,False
1785949180.122,64664.0,9e-05,False
1785949180.122,64664.0,8e-05,False
1785949180.122,64664.0,8e-05,False
1785949180.122,64664.0,8e-05,False
1785949180.122,64664.0,8e-05,False
1785949180.122,64664.0,8e-05,False
1785949180.122,64664.0,8e-05,False
1785949180.122,64664.0,8e-05,False
1785949180.122,64664.0,0.0007,False
1785949180.122,64664.0,8e-05,False
1785949180.122,64664.0,8e-05,False
1785949180.122,64664.0,8e-05,False
1785949180.122,64664.0,8e-05,False
1785949180.122,64664.0,8e-05,False
1785949180.122,64664.0,8e-05,False
1785949180.122,64664.0,8e-05,False
1785949180.122,64664.0,8e-05,False
1785949180.122,64664.0,8e-05,False
1785949180.122,64664.0,8e-05,False
1785949180.122,64664.0,8e-05,False
1785949180.122,64664.0,8e-05,False
1785949180.122,64664.0,8e-05,False
1785949180.122,64664.0,9e-05,False
1785949180.122,64664.0,9e-05,False
1785949180.122,64664.0,8e-05,False
1785949180.122,64664.0,9e-05,False
1785949180.122,64664.0,0.1589,False
1785949180.122,64664.0,8e-05,False
1785949180.122,64664.0,8e-05,False
1785949180.122,64664.0,8e-05,False
1785949180.122,64664.0,8e-05,False
1785949180.122,64664.01,8e-05,False
1785949180.122,64664.01,9e-05,False
1785949180.122,64664.01,9e-05,False
1785949180.122,64664.01,8e-05,False
1785949180.122,64664.01,8e-05,False
1785949180.122,64664.01,8e-05,False
1785949180.122,64664.01,8e-05,False
1785949180.122,64664.01,8e-05,False
1785949180.122,64664.01,8e-05,False
1785949180.122,64664.01,8e-05,False
1785949180.122,64664.01,8e-05,False
1785949180.122,64664.01,8e-05,False
1785949180.17,64664.01,8e-05,False
1785949180.17,64664.01,9e-05,False
1785949180.17,64664.01,9e-05,False
1785949180.17,64664.01,8e-05,False
1785949180.17,64664.01,8e-05,False
1785949180.17,64664.01,8e-05,False
1785949180.17,64664.01,0.1589,False
1785949180.17,64664.01,8e-05,False
1785949180.17,64664.01,8e-05,False
1785949180.17,64664.01,8e-05,False
1785949180.17,64664.01,8e-05,False
1785949180.17,64664.01,8e-05,False
1785949180.17,64664.01,9e-05,False
1785949180.17,64664.01,8e-05,False
1785949180.17,64664.01,8e-05,False
1785949180.17,64664.01,8e-05,False
1785949180.17,64664.01,8e-05,False
1785949180.17,64664.01,8e-05,False
1785949180.17,64664.01,8e-05,False
1785949180.17,64664.01,8e-05,False
1785949180.17,64664.01,8e-05,False
1785949180.17,64664.01,8e-05,False
1785949180.17,64664.01,8e-05,False
1785949180.17,64664.01,8e-05,False
1785949180.17,64664.02,8e-05,False
1785949180.17,64664.02,9e-05,False
1785949180.17,64664.02,8e-05,False
1785949180.17,64664.02,9e-05,False
1785949180.17,64664.02,8e-05,False
1785949180.17,64664.02,8e-05,False
1785949180.206,64664.07,8e-05,False
1785949180.206,64664.07,0.28486,False
1785949180.206,64664.07,8e-05,False
1785949180.206,64664.07,9e-05,False
1785949180.206,64664.07,9e-05,False
1785949180.206,64664.07,8e-05,False
1785949180.206,64664.07,8e-05,False
1785949180.206,64664.07,8e-05,False
1785949180.206,64664.07,8e-05,False
1785949180.206,64664.07,8e-05,False
1785949180.206,64664.07,8e-05,False
1785949180.206,64664.07,8e-05,False
1785949180.206,64664.07,8e-05,False
1785949180.206,64664.07,8e-05,False
1785949180.206,64664.07,8e-05,False
1785949180.206,64664.07,8e-05,False
1785949180.206,64664.07,8e-05,False
1785949180.206,64664.07,8e-05,False
1785949180.206,64664.07,0.022,False
1785949180.206,64664.07,9e-05,False
1785949180.206,64664.07,8e-05,False
1785949180.206,64664.07,8e-05,False
1785949180.206,64664.07,8e-05,False
1785949180.206,64664.07,8e-05,False
1785949180.206,64664.07,8e-05,False
1785949180.206,64664.07,8e-05,False
1785949180.206,64664.07,8e-05,False
1785949180.206,64664.07,8e-05,False
1785949180.206,64664.07,2e-05,False
1785949180.236,64664.07,6e-05,False
1785949180.236,64664.07,9e-05,False
1785949180.236,64664.07,8e-05,False
1785949180.236,64664.07,9e-05,False
1785949180.236,64664.07,8e-05,False
1785949180.236,64664.07,0.1013,False
1785949180.236,64664.07,8e-05,False
1785949180.236,64664.07,8e-05,False
1785949180.236,64664.07,0.07824,False
1785949180.255,64664.07,8e-05,False
1785949180.255,64664.07,8e-05,False
1785949180.255,64664.07,8e-05,False
1785949180.255,64664.07,8e-05,False
1785949180.255,64664.07,8e-05,False
1785949180.255,64664.07,8e-05,False
1785949180.255,64664.07,8e-05,False
1785949180.255,64664.07,8e-05,False
1785949180.255,64664.07,9e-05,False
1785949180.255,64664.07,8e-05,False
1785949180.255,64664.07,9e-05,False
1785949180.255,64664.07,9e-05,False
1785949180.255,64664.07,9e-05,False
1785949180.255,64664.07,8e-05,False
1785949180.255,64664.07,8e-05,False
1785949180.255,64664.07,8e-05,False
1785949180.255,64664.07,8e-05,False
1785949180.255,64664.07,9e-05,False
1785949180.255,64664.07,0.0043,False
1785949180.255,64664.07,8e-05,False
1785949180.255,64664.07,8e-05,False
1785949180.255,64664.08,8e-05,False
1785949180.255,64664.08,8e-05,False
1785949180.255,64664.08,8e-05,False
1785949180.255,64664.08,9e-05,False
1785949180.255,64664.08,8e-05,False
1785949180.255,64664.08,9e-05,False
1785949180.255,64664.08,8e-05,False
1785949180.255,64664.08,8e-05,False
1785949180.255,64664.08,8e-05,False
1785949180.255,64664.08,8e-05,False
1785949180.255,64664.08,8e-05,False
1785949180.255,64664.37,0.00477,False
1785949180.255,64664.61,8e-05,False
1785949180.255,64664.61,8e-05,False
1785949180.255,64665.45,8e-05,False
1785949180.255,64665.67,0.00397,False
1785949180.255,64665.68,8e-05,False
1785949180.255,64665.95,8e-05,False
1785949180.255,64665.95,8e-05,False
1785949180.255,64665.99,9e-05,False
1785949180.255,64665.99,9e-05,False
1785949180.255,64665.99,9e-05,False
1785949180.255,64666.0,0.007,False
1785949180.255,64666.0,0.008,False
1785949180.255,64666.0,0.005,False
1785949180.255,64666.0,0.006,False
1785949180.255,64666.0,9e-05,False
1785949180.255,64666.0,9e-05,False
1785949180.255,64666.53,8e-05,False
1785949180.255,64666.66,8e-05,False
1785949180.255,64666.66,8e-05,False
1785949180.255,64666.96,0.00318,False
1785949180.255,64666.96,8e-05,False
1785949180.255,64667.35,9e-05,False
1785949180.255,64667.35,9e-05,False
1785949180.255,64667.35,9e-05,False
1785949180.515,64667.35,0.00041,True
1785949182.249,64667.36,0.00088,False
1785949182.3,64667.36,0.05384,False
1785949183.083,64667.36,0.00078,False
1785949183.868,64667.35,0.00023,True
1785949183.869,64667.36,0.00023,False
1785949185.271,64667.35,9e-05,True
1785949185.748,64667.35,0.0034,True
1785949187.413,64667.36,9e-05,False
1785949189.288,64667.35,0.00135,True
1785949190.531,64667.36,0.00063,False
1785949191.038,64667.35,8e-05,True
1785949191.038,64667.35,8e-05,True
1785949191.038,64667.35,0.00016,True
1785949191.038,64667.35,9e-05,True
1785949191.038,64667.35,8e-05,True
1785949191.038,64667.35,8e-05,True
1785949191.038,64667.35,8e-05,True
1785949191.038,64667.35,8e-05,True
1785949191.038,64667.35,8e-05,True
1785949191.038,64667.35,8e-05,True
1785949191.038,64667.35,8e-05,True
1785949191.038,64667.35,8e-05,True
1785949191.038,64667.35,8e-05,True
1785949191.038,64667.35,8e-05,True
1785949191.038,64667.35,0.00773,True
1785949191.038,64667.35,0.0007,True
1785949191.038,64667.35,8e-05,True
1785949191.038,64667.35,8e-05,True
1785949191.038,64667.35,8e-05,True
1785949191.038,64667.35,0.01,True
1785949191.038,64667.35,0.0001,True
1785949191.038,64667.35,0.01546,True
1785949191.038,64667.35,8e-05,True
1785949191.038,64667.35,8e-05,True
1785949191.038,64667.35,8e-05,True
1785949191.038,64667.35,8e-05,True
1785949191.038,64667.35,8e-05,True
1785949191.038,64667.35,8e-05,True
1785949191.038,64667.35,9e-05,True
1785949191.038,64667.35,9e-05,True
1785949191.038,64667.35,0.00047,True
1785949191.038,64667.35,9e-05,True
1785949191.038,64667.35,8e-05,True
1785949191.038,64667.35,8e-05,True
1785949191.038,64667.35,8e-05,True
1785949191.038,64667.35,8e-05,True
1785949191.038,64667.35,8e-05,True
1785949191.038,64667.35,8e-05,True
1785949191.038,64667.35,8e-05,True
1785949191.038,64667.35,8e-05,True
1785949191.038,64667.35,8e-05,True
1785949191.038,64667.35,8e-05,True
1785949191.038,64667.35,8e-05,True
1785949191.038,64667.35,8e-05,True
1785949191.038,64667.34,9e-05,True
1785949191.038,64667.34,9e-05,True
1785949191.038,64667.34,0.00016,True
1785949191.038,64667.34,8e-05,True
1785949191.038,64667.34,8e-05,True
1785949191.038,64667.34,8e-05,True
1785949191.038,64667.34,8e-05,True
1785949191.038,64667.34,8e-05,True
1785949191.038,64667.34,8e-05,True
1785949191.038,64667.34,8e-05,True
1785949191.038,64667.34,8e-05,True
1785949191.038,64667.33,0.00016,True
1785949191.038,64666.61,0.00459,True
1785949191.038,64665.87,0.00042,True
1785949191.038,64665.85,8e-05,True
1785949191.038,64665.85,8e-05,True
1785949191.038,64665.45,8e-05,True
1785949191.038,64665.31,0.00382,True
1785949191.039,64664.08,9e-05,True
1785949191.039,64664.08,9e-05,True
1785949191.039,64664.08,9e-05,True
1785949191.039,64664.07,9e-05,True
1785949191.039,64664.07,9e-05,True
1785949191.039,64664.07,0.07293,True
1785949191.039,64664.07,9e-05,True
1785949191.039,64664.07,9e-05,True
1785949191.039,64664.07,9e-05,True
1785949191.039,64664.06,8e-05,True
1785949191.039,64664.06,9e-05,True
1785949191.039,64664.06,9e-05,True
1785949191.039,64664.06,8e-05,True
1785949191.039,64664.02,0.00306,True
1785949191.039,64664.01,9e-05,True
1785949191.039,64664.01,9e-05,True
1785949191.039,64664.01,9e-05,True
1785949191.039,64664.0,8e-05,True
1785949191.039,64664.0,9e-05,True
1785949191.039,64664.0,9e-05,True
1785949191.039,64664.0,0.005,True
1785949191.039,64664.0,0.008,True
1785949191.039,64664.0,0.007,True
1785949191.039,64664.0,0.01237,True
1785949191.039,64664.0,0.006,True
1785949191.039,64664.0,9e-05,True
1785949191.039,64664.0,9e-05,True
1785949191.039,64664.0,8e-05,True
1785949191.039,64664.0,9e-05,True
1785949191.039,64663.99,8e-05,True
1785949191.039,64663.99,0.00185,True
1785949191.039,64663.99,0.01268,True
1785949191.039,64663.99,0.01883,True
1785949191.039,64663.99,9e-05,True
1785949191.039,64663.99,9e-05,True
1785949191.039,64663.99,8e-05,True
1785949191.039,64663.99,8e-05,True
1785949191.039,64663.99,8e-05,True
1785949191.039,64663.99,8e-05,True
1785949191.039,64663.74,8e-05,True
1785949191.039,64663.74,8e-05,True
1785949191.039,64663.68,0.0167,True
1785949191.039,64663.68,9e-05,True
1785949191.039,64663.68,9e-05,True
1785949191.039,64663.53,8e-05,True
1785949191.039,64663.53,8e-05,True
1785949191.039,64663.53,0.01684,True
1785949191.039,64663.53,8e-05,True
1785949191.039,64663.53,9e-05,True
1785949191.039,64663.53,9e-05,True
1785949191.039,64663.53,8e-05,True
1785949191.039,64663.53,8e-05,True
1785949191.039,64663.53,8e-05,True
1785949191.039,64663.53,8e-05,True
1785949191.039,64663.53,8e-05,True
1785949191.039,64663.53,8e-05,True
1785949191.039,64663.53,8e-05,True
1785949191.039,64663.53,8e-05,True
1785949191.039,64663.53,8e-05,True
1785949191.039,64662.85,0.00202,True
1785949191.04,64662.85,0.01345,True
1785949191.04,64662.85,9e-05,True
1785949191.04,64662.85,9e-05,True
1785949191.04,64662.72,0.00229,True
1785949191.04,64662.4,8e-05,True
1785949191.04,64662.24,8e-05,True
1785949191.04,64662.22,8e-05,True
1785949191.04,64662.22,8e-05,True
1785949191.04,64662.21,8e-05,True
1785949191.04,64662.21,0.01074,True
1785949191.04,64662.21,9e-05,True
1785949191.04,64662.21,9e-05,True
1785949191.04,64662.21,8e-05,True
1785949191.04,64662.21,8e-05,True
1785949191.04,64662.21,8e-05,True
1785949191.04,64662.21,8e-05,True
1785949191.04,64662.01,0.00029,True
1785949191.04,64662.01,8e-05,True
1785949191.04,64662.01,8e-05,True
1785949191.04,64662.0,0.00017,True
1785949191.04,64662.0,0.01207,True
1785949191.04,64662.0,0.005,True
1785949191.04,64662.0,0.007,True
1785949191.04,64662.0,0.006,True
1785949191.04,64662.0,0.00077,True
1785949191.04,64662.0,0.008,True
1785949191.04,64662.0,8e-05,True
1785949191.04,64662.0,8e-05,True
1785949191.04,64662.0,0.00164,True
1785949191.04,64662.0,8e-05,True
1785949191.04,64661.53,0.01547,True
1785949191.04,64661.43,0.00153,True
1785949191.04,64661.37,9e-05,True
1785949191.04,64661.21,9e-05,True
1785949191.04,64661.17,8e-05,True
1785949191.04,64661.17,8e-05,True
1785949191.04,64661.17,8e-05,True
1785949191.04,64661.17,8e-05,True
1785949191.04,64661.17,8e-05,True
1785949191.04,64660.88,9e-05,True
1785949191.04,64660.77,8e-05,True
1785949191.04,64660.33,8e-05,True
1785949191.04,64660.29,0.00975,True
1785949191.04,64660.29,0.00751,True
1785949191.041,64660.02,8e-05,True
1785949191.041,64660.02,8e-05,True
1785949191.041,64660.0,0.005,True
1785949191.041,64660.0,0.008,True
1785949191.041,64660.0,0.007,True
1785949191.041,64660.0,0.006,True
1785949191.041,64660.0,0.01,True
1785949191.041,64660.0,0.0025,True
1785949191.041,64659.86,0.00134,True
1785949191.046,64659.86,0.00434,True
1785949191.046,64659.86,8e-05,True
1785949191.046,64659.86,8e-05,True
1785949191.046,64659.84,9e-05,True
1785949191.046,64659.71,0.00048,True
1785949191.046,64659.65,0.01238,True
1785949191.046,64659.61,9e-05,True
1785949191.046,64659.6,8e-05,True
1785949191.046,64659.6,8e-05,True
1785949191.046,64659.22,8e-05,True
1785949191.046,64659.03,8e-05,True
1785949191.046,64658.57,8e-05,True
1785949191.046,64658.57,8e-05,True
1785949191.046,64658.57,8e-05,True
1785949191.046,64658.57,8e-05,True
1785949191.046,64658.57,8e-05,True
1785949191.046,64658.56,8e-05,True
1785949191.046,64658.56,8e-05,True
1785949191.046,64658.56,8e-05,True
1785949191.046,64658.56,8e-05,True
1785949191.046,64658.56,8e-05,True
1785949191.046,64658.55,8e-05,True
1785949191.046,64658.55,8e-05,True
1785949191.046,64658.55,8e-05,True
1785949191.046,64658.55,8e-05,True
1785949191.046,64658.55,8e-05,True
1785949191.046,64658.3,0.00094,True
1785949191.204,64658.3,9e-05,True
1785949191.973,64658.3,9e-05,True
1785949191.999,64658.3,0.00111,True
1785949192.941,64658.3,0.00026,True
1785949193.706,64658.31,0.13635,False
1785949193.706,64658.31,0.0183,False
1785949193.953,64658.31,0.00019,False
1785949194.515,64658.31,8e-05,False
1785949194.515,64658.31,0.00033,False
1785949194.788,64658.31,9e-05,False
1785949194.798,64658.31,7e-05,False
1785949194.968,64658.31,8e-05,False
1785949194.968,64658.31,8e-05,False
1785949194.968,64658.31,8e-05,False
1785949194.968,64658.31,8e-05,False
1785949194.968,64658.31,8e-05,False
1785949194.968,64658.31,9e-05,False
1785949194.968,64658.31,8e-05,False
1785949194.968,64658.31,0.00773,False
1785949194.968,64658.31,8e-05,False
1785949194.968,64658.31,0.00048,False
1785949194.968,64658.31,0.00048,False
1785949194.968,64658.31,0.0007,False
1785949194.968,64658.31,0.00016,False
1785949194.968,64658.31,8e-05,False
1785949194.968,64658.31,8e-05,False
1785949194.968,64658.31,0.00525,False
1785949194.968,64658.31,0.00525,False
1785949194.968,64658.31,0.00321,False
1785949194.968,64658.31,0.00017,False
1785949194.968,64658.31,9e-05,False
1785949194.968,64658.31,9e-05,False
1785949194.968,64658.31,9e-05,False
1785949194.968,64658.31,9e-05,False
1785949194.968,64658.31,8e-05,False
1785949194.968,64658.31,8e-05,False
1785949194.968,64658.31,8e-05,False
1785949194.968,64658.31,8e-05,False
1785949194.968,64658.31,8e-05,False
1785949194.968,64658.31,8e-05,False
1785949194.968,64658.31,8e-05,False
1785949194.968,64658.31,8e-05,False
1785949194.968,64658.31,8e-05,False
1785949194.968,64658.31,8e-05,False
1785949194.968,64658.31,9e-05,False
1785949194.968,64658.31,9e-05,False
1785949194.968,64658.31,9e-05,False
1785949194.968,64658.31,8e-05,False
1785949194.968,64658.31,9e-05,False
1785949194.968,64658.31,8e-05,False
1785949194.968,64658.31,0.00525,False
1785949194.968,64658.31,8e-05,False
1785949194.968,64658.31,0.00122,False
1785949194.971,64658.31,0.00403,False
1785949194.971,64658.31,0.00525,False
1785949194.971,64658.31,8e-05,False
1785949194.971,64658.31,0.00525,False
1785949194.971,64658.31,8e-05,False
1785949194.971,64658.31,9e-05,False
1785949194.971,64658.31,9e-05,False
1785949194.971,64658.31,8e-05,False
1785949194.971,64658.31,8e-05,False
1785949194.971,64658.31,9e-05,False
1785949194.971,64658.31,8e-05,False
1785949194.971,64658.31,9e-05,False
1785949194.971,64658.31,8e-05,False
1785949194.971,64658.31,0.00016,False
1785949194.971,64658.31,9e-05,False
1785949194.971,64658.31,0.00525,False
1785949194.971,64658.31,0.00525,False
1785949194.971,64658.31,0.00525,False
1785949194.971,64658.31,8e-05,False
1785949194.971,64658.31,0.00525,False
1785949194.971,64658.31,0.00525,False
1785949194.971,64658.31,0.00525,False
1785949194.971,64658.31,8e-05,False
1785949194.971,64658.31,0.00525,False
1785949194.971,64658.31,0.00525,False
1785949194.971,64658.31,0.00525,False
1785949194.971,64658.31,0.00525,False
1785949194.971,64658.31,0.00525,False
1785949194.971,64658.31,0.00525,False
1785949194.971,64658.31,0.00525,False
1785949194.971,64658.31,0.00525,False
1785949194.971,64658.31,0.00525,False
1785949194.971,64658.31,0.00525,False
1785949194.971,64658.31,0.00525,False
1785949194.971,64658.31,0.00525,False
1785949194.971,64658.31,0.00525,False
1785949194.971,64658.31,0.00525,False
1785949194.971,64658.31,0.00525,False
1785949194.971,64658.31,0.00525,False
1785949194.971,64658.31,0.00525,False
1785949194.971,64658.31,0.00525,False
1785949194.971,64658.31,0.00525,False
1785949194.971,64658.31,0.00525,False
1785949194.971,64658.31,0.00525,False
1785949194.971,64658.31,0.00525,False
1785949194.971,64658.31,0.00525,False
1785949194.971,64658.31,0.00525,False
1785949194.971,64658.31,0.00525,False
1785949194.971,64658.31,0.00525,False
1785949194.971,64658.31,0.00525,False
1785949194.971,64658.31,0.00525,False
1785949194.971,64658.31,0.00525,False
1785949194.971,64658.31,0.00525,False
1785949194.971,64658.31,0.00525,False
1785949194.971,64658.31,0.00525,False
1785949194.971,64658.31,0.00525,False
1785949194.971,64658.31,0.00525,False
1785949194.971,64658.31,0.00279,False
1785949194.971,64658.31,0.00525,False
1785949194.971,64658.31,0.00525,False
1785949194.971,64658.31,0.00063,False
1785949194.971,64658.31,0.00525,False
1785949194.971,64658.31,0.00525,False
1785949194.971,64658.31,0.00525,False
1785949194.971,64658.31,0.00525,False
1785949194.971,64658.31,0.00525,False
1785949194.971,64658.31,0.00525,False
1785949194.971,64658.31,0.00525,False
1785949194.971,64658.31,0.00525,False
1785949194.971,64658.31,0.00525,False
1785949194.971,64658.31,0.00525,False
1785949194.971,64658.31,0.00525,False
1785949194.971,64658.31,0.00525,False
1785949194.971,64658.31,0.00525,False
1785949194.971,64658.31,0.00018,False
1785949194.971,64658.32,0.00016,False
1785949194.971,64658.32,9e-05,False
1785949194.971,64658.32,9e-05,False
1785949194.971,64658.32,8e-05,False
1785949194.971,64658.32,8e-05,False
1785949194.971,64658.32,8e-05,False
1785949194.971,64658.32,8e-05,False
1785949194.971,64658.32,8e-05,False
1785949194.971,64658.32,8e-05,False
1785949194.971,64658.32,8e-05,False
1785949194.971,64658.32,8e-05,False
1785949194.971,64658.32,8e-05,False
1785949194.971,64658.33,0.00016,False
1785949194.971,64658.56,8e-05,False
1785949194.971,64658.56,8e-05,False
1785949194.971,64658.56,8e-05,False
1785949194.971,64658.56,8e-05,False
1785949194.971,64658.56,8e-05,False
1785949194.971,64658.59,9e-05,False
1785949194.971,64658.59,9e-05,False
1785949194.971,64658.59,9e-05,False
1785949194.973,64658.6,8e-05,False
1785949194.973,64658.6,8e-05,False
1785949194.973,64658.6,9e-05,False
1785949194.973,64658.6,8e-05,False
1785949194.973,64658.6,9e-05,False
1785949194.973,64658.6,8e-05,False
1785949194.973,64658.6,8e-05,False
1785949194.99,64658.63,0.0001,False
1785949195.0,64658.63,0.00469,False
1785949195.0,64658.63,8e-05,False
1785949195.0,64658.63,9e-05,False
1785949195.0,64658.63,9e-05,False
1785949195.0,64658.63,8e-05,False
1785949195.0,64658.63,8e-05,False
1785949195.0,64658.63,8e-05,False
1785949195.0,64658.63,8e-05,False
1785949195.0,64658.63,8e-05,False
1785949195.0,64658.63,8e-05,False
1785949195.0,64658.63,8e-05,False
1785949195.0,64658.63,8e-05,False
1785949195.0,64658.63,8e-05,False
1785949195.0,64658.63,8e-05,False
1785949195.0,64658.63,9e-05,False
1785949195.0,64658.63,9e-05,False
1785949195.0,64658.63,9e-05,False
1785949195.0,64658.63,0.00047,False
1785949195.0,64658.63,8e-05,False
1785949195.0,64658.63,8e-05,False
1785949195.0,64658.63,8e-05,False
1785949195.0,64658.63,8e-05,False
1785949195.0,64658.64,8e-05,False
1785949195.0,64658.64,8e-05,False
1785949195.0,64658.64,9e-05,False
1785949195.0,64658.64,9e-05,False
1785949195.0,64658.64,8e-05,False
1785949195.0,64658.64,8e-05,False
1785949195.0,64658.64,8e-05,False
1785949195.0,64658.64,8e-05,False
1785949195.0,64658.64,8e-05,False
1785949195.0,64659.03,8e-05,False
1785949195.0,64659.25,8e-05,False
1785949195.0,64659.9,8e-05,False
1785949195.0,64659.9,9e-05,False
1785949195.0,64659.9,9e-05,False
1785949195.0,64659.93,0.00391,False
1785949195.03,64659.93,8e-05,False
1785949195.03,64659.93,8e-05,False
1785949195.03,64659.93,8e-05,False
1785949195.03,64659.93,9e-05,False
1785949195.03,64659.93,8e-05,False
1785949195.03,64659.93,8e-05,False
1785949195.03,64659.93,8e-05,False
1785949195.03,64659.93,8e-05,False
1785949195.03,64659.93,8e-05,False
1785949195.03,64659.93,8e-05,False
1785949195.03,64659.93,8e-05,False
1785949195.03,64659.93,8e-05,False
1785949195.03,64659.93,8e-05,False
1785949195.03,64659.93,9e-05,False
1785949195.03,64659.93,8e-05,False
1785949195.03,64659.93,9e-05,False
1785949195.03,64659.93,8e-05,False
1785949195.03,64659.93,8e-05,False
1785949195.03,64659.94,9e-05,False
1785949195.03,64659.94,8e-05,False
1785949195.03,64659.94,8e-05,False
1785949195.03,64659.94,8e-05,False
1785949195.03,64659.94,8e-05,False
1785949195.03,64659.94,8e-05,False
1785949195.03,64659.94,8e-05,False
1785949195.03,64659.94,1e-05,False
1785949195.063,64659.94,8e-05,False
1785949195.063,64659.94,8e-05,False
1785949195.063,64659.94,9e-05,False
1785949195.063,64659.94,9e-05,False
1785949195.063,64659.94,8e-05,False
1785949195.063,64659.94,8e-05,False
1785949195.063,64659.94,8e-05,False
1785949195.063,64659.94,8e-05,False
1785949195.063,64659.94,8e-05,False
1785949195.063,64659.94,8e-05,False
1785949195.063,64659.94,8e-05,False
1785949195.063,64659.94,8e-05,False
1785949195.063,64659.94,8e-05,False
1785949195.063,64659.94,8e-05,False
1785949195.063,64659.94,8e-05,False
1785949195.063,64659.94,8e-05,False
1785949195.063,64659.94,8e-05,False
1785949195.063,64659.94,8e-05,False
1785949195.063,64659.94,8e-05,False
1785949195.063,64659.94,8e-05,False
1785949195.063,64659.94,8e-05,False
1785949195.063,64659.94,0.00027,False
1785949195.063,64659.94,9e-05,False
1785949195.063,64659.94,8e-05,False
1785949195.063,64659.94,8e-05,False
1785949195.063,64659.95,9e-05,False
1785949195.063,64659.95,8e-05,False
1785949195.063,64659.95,8e-05,False
1785949195.063,64659.95,8e-05,False
1785949195.063,64659.95,8e-05,False
1785949195.063,64659.95,8e-05,False
1785949195.063,64659.95,9e-05,False
1785949195.095,64659.95,8e-05,False
1785949195.095,64659.95,8e-05,False
1785949195.095,64659.95,9e-05,False
1785949195.095,64659.95,9e-05,False
1785949195.095,64659.95,8e-05,False
1785949195.095,64659.95,8e-05,False
1785949195.095,64659.95,8e-05,False
1785949195.095,64659.95,0.00912,False
1785949195.095,64659.95,8e-05,False
1785949195.095,64659.95,8e-05,False
1785949195.095,64659.95,8e-05,False
1785949195.095,64659.95,8e-05,False
1785949195.095,64659.95,8e-05,False
1785949195.095,64659.95,9e-05,False
1785949195.095,64659.95,8e-05,False
1785949195.095,64659.95,0.00018,False
1785949195.095,64659.95,8e-05,False
1785949195.095,64659.95,8e-05,False
1785949195.095,64659.96,8e-05,False
1785949195.095,64659.96,9e-05,False
1785949195.095,64659.96,8e-05,False
1785949195.095,64659.96,8e-05,False
1785949195.095,64659.96,7e-05,False
1785949195.128,64659.96,1e-05,False
1785949195.128,64659.96,9e-05,False
1785949195.128,64659.96,8e-05,False
1785949195.128,64659.96,8e-05,False
1785949195.128,64659.96,8e-05,False
1785949195.128,64659.96,9e-05,False
1785949195.128,64659.96,8e-05,False
1785949195.128,64659.96,9e-05,False
1785949195.128,64659.96,8e-05,False
1785949195.128,64659.96,8e-05,False
1785949195.128,64659.96,8e-05,False
1785949195.128,64659.96,8e-05,False
1785949195.128,64659.96,8e-05,False
1785949195.128,64659.96,8e-05,False
1785949195.128,64659.96,8e-05,False
1785949195.128,64659.96,8e-05,False
1785949195.128,64659.96,8e-05,False
1785949195.128,64659.96,8e-05,False
1785949195.128,64659.96,8e-05,False
1785949195.128,64659.97,9e-05,False
1785949195.128,64659.97,8e-05,False
1785949195.128,64659.97,8e-05,False
1785949195.128,64659.97,8e-05,False
1785949195.128,64659.97,8e-05,False
1785949195.128,64659.97,9e-05,False
1785949195.128,64659.97,8e-05,False
1785949195.128,64659.97,8e-05,False
1785949195.128,64660.01,8e-05,False
1785949195.128,64660.01,8e-05,False
1785949195.128,64660.01,8e-05,False
1785949195.128,64660.01,8e-05,False
1785949195.128,64660.01,8e-05,False
1785949195.128,64660.32,0.00017,False
1785949197.236,64661.98,0.00286,True
1785949197.815,64661.98,9e-05,True
1785949199.29,64661.99,9e-05,False
1785949199.29,64661.99,3e-05,False
1785949199.983,64661.99,6e-05,False
1785949199.983,64661.99,4e-05,False
1785949199.986,64661.99,4e-05,False
1785949199.986,64661.99,9e-05,False
1785949199.986,64661.99,8e-05,False
1785949199.986,64661.99,8e-05,False
1785949199.986,64661.99,8e-05,False
1785949199.986,64661.99,0.00064,False
1785949199.986,64661.99,8e-05,False
1785949199.986,64661.99,8e-05,False
1785949199.986,64661.99,0.00269,False
1785949200.314,64661.99,9e-05,False
1785949200.314,64661.99,8e-05,False
1785949200.392,64661.99,1e-05,False
1785949200.392,64661.99,8e-05,False
1785949200.392,64661.99,1e-05,False
1785949200.416,64661.99,7e-05,False
1785949200.416,64661.99,8e-05,False
1785949200.416,64661.99,8e-05,False
1785949200.416,64661.99,8e-05,False
1785949200.416,64661.99,0.00016,False
1785949200.416,64661.99,8e-05,False
1785949200.416,64661.99,0.00016,False
1785949200.416,64661.99,8e-05,False
1785949200.416,64661.99,9e-05,False
1785949200.416,64661.99,9e-05,False
1785949200.416,64661.99,8e-05,False
1785949200.416,64661.99,8e-05,False
1785949200.416,64661.99,8e-05,False
1785949200.416,64661.99,9e-05,False
1785949200.416,64661.99,8e-05,False
1785949200.416,64661.99,9e-05,False
1785949200.416,64661.99,8e-05,False
1785949200.416,64661.99,8e-05,False
1785949200.416,64661.99,9e-05,False
1785949200.416,64661.99,8e-05,False
1785949200.416,64661.99,9e-05,False
1785949200.416,64661.99,9e-05,False
1785949200.416,64661.99,8e-05,False
1785949200.416,64661.99,8e-05,False
1785949200.416,64661.99,9e-05,False
1785949200.416,64662.0,0.00016,False
1785949200.416,64662.0,0.007,False
1785949200.416,64662.0,0.005,False
1785949200.416,64662.0,0.008,False
1785949200.416,64662.0,9e-05,False
1785949200.416,64662.0,8e-05,False
1785949200.416,64662.0,8e-05,False
1785949200.416,64662.0,9e-05,False
1785949200.416,64662.0,8e-05,False
1785949200.416,64662.0,8e-05,False
1785949200.416,64662.0,0.006,False
1785949200.416,64662.0,0.00016,False
1785949200.416,64662.0,9e-05,False
1785949200.416,64662.0,9e-05,False
1785949200.416,64662.0,8e-05,False
1785949200.416,64662.01,0.00016,False
1785949200.416,64662.24,8e-05,False
1785949200.416,64662.45,0.00473,False
1785949200.416,64662.86,8e-05,False
1785949200.416,64662.86,8e-05,False
1785949200.416,64662.86,8e-05,False
1785949200.416,64662.86,8e-05,False
1785949200.416,64662.86,8e-05,False
1785949200.416,64663.54,8e-05,False
1785949200.416,64663.54,8e-05,False
1785949200.416,64663.75,0.00394,False
1785949200.416,64663.99,9e-05,False
1785949200.416,64663.99,9e-05,False
1785949200.416,64663.99,9e-05,False
1785949200.416,64664.0,0.007,False
1785949200.416,64664.0,0.005,False
1785949200.416,64664.0,0.008,False
1785949200.416,64664.0,0.006,False
1785949200.416,64664.0,9e-05,False
1785949200.416,64664.39,8e-05,False
1785949200.416,64664.41,8e-05,False
1785949200.416,64664.41,8e-05,False
1785949200.416,64664.41,8e-05,False
1785949200.416,64664.41,8e-05,False
1785949200.416,64664.41,8e-05,False
1785949200.416,64664.41,8e-05,False
1785949200.416,64664.41,8e-05,False
1785949200.416,64664.77,9e-05,False
1785949200.475,64664.78,8e-05,False
1785949200.475,64664.78,8e-05,False
1785949200.475,64664.78,8e-05,False
1785949200.475,64664.78,9e-05,False
1785949200.475,64664.78,9e-05,False
1785949200.475,64664.78,3e-05,False
1785949200.515,64664.78,5e-05,False
1785949200.515,64664.78,8e-05,False
1785949200.515,64664.78,8e-05,False
1785949200.515,64664.78,8e-05,False
1785949200.515,64664.78,8e-05,False
1785949200.515,64664.78,0.00056,False
1785949200.515,64664.78,8e-05,False
1785949200.515,64664.78,8e-05,False
1785949200.515,64664.78,9e-05,False
1785949200.515,64664.78,9e-05,False
1785949200.515,64664.78,8e-05,False
1785949200.515,64664.78,0.00047,False
1785949200.515,64664.78,0.00048,False
1785949200.515,64664.78,8e-05,False
1785949200.515,64664.78,8e-05,False
1785949200.515,64664.78,0.00188,False
1785949200.515,64664.78,9e-05,False
1785949200.515,64664.78,8e-05,False
1785949200.515,64664.78,0.00048,False
1785949200.515,64664.78,8e-05,False
1785949200.515,64664.78,8e-05,False
1785949200.515,64664.78,8e-05,False
1785949200.515,64664.78,8e-05,False
1785949200.515,64664.78,8e-05,False
1785949200.515,64664.78,8e-05,False
1785949200.515,64664.78,8e-05,False
1785949200.515,64664.78,8e-05,False
1785949200.515,64664.78,8e-05,False
1785949200.515,64664.78,8e-05,False
1785949200.515,64664.78,8e-05,False
1785949200.515,64664.79,9e-05,False
1785949200.515,64664.79,8e-05,False
1785949200.515,64664.79,9e-05,False
1785949200.515,64664.79,8e-05,False
1785949200.515,64664.79,8e-05,False
1785949200.515,64664.79,8e-05,False
1785949200.515,64664.79,8e-05,False
1785949200.515,64664.79,8e-05,False
1785949200.55,64665.03,9e-05,False
1785949200.55,64665.03,8e-05,False
1785949200.55,64665.03,9e-05,False
1785949200.55,64665.03,9e-05,False
1785949200.55,64665.03,8e-05,False
1785949200.55,64665.03,8e-05,False
1785949200.55,64665.03,8e-05,False
1785949200.55,64665.03,0.00052,False
1785949200.55,64665.03,8e-05,False
1785949200.55,64665.03,8e-05,False
1785949200.55,64665.03,8e-05,False
1785949200.55,64665.03,8e-05,False
1785949200.55,64665.03,8e-05,False
1785949200.55,64665.03,8e-05,False
1785949200.55,64665.03,8e-05,False
1785949200.55,64665.03,8e-05,False
1785949200.55,64665.03,8e-05,False
1785949200.55,64665.03,8e-05,False
1785949200.55,64665.03,8e-05,False
1785949200.55,64665.03,8e-05,False
1785949200.55,64665.04,9e-05,False
1785949200.55,64665.04,9e-05,False
1785949200.55,64665.04,8e-05,False
1785949200.55,64665.04,8e-05,False
1785949200.55,64665.04,8e-05,False
1785949200.55,64665.04,8e-05,False
1785949200.55,64665.04,8e-05,False
1785949200.582,64665.04,8e-05,False
1785949200.582,64665.04,9e-05,False
1785949200.582,64665.04,9e-05,False
1785949200.582,64665.04,8e-05,False
1785949200.582,64665.04,8e-05,False
1785949200.582,64665.04,8e-05,False
1785949200.582,64665.04,8e-05,False
1785949200.582,64665.04,8e-05,False
1785949200.582,64665.04,8e-05,False
1785949200.582,64665.04,8e-05,False
1785949200.582,64665.04,8e-05,False
1785949200.582,64665.04,8e-05,False
1785949200.582,64665.04,8e-05,False
1785949200.582,64665.04,8e-05,False
1785949200.582,64665.04,8e-05,False
1785949200.582,64665.04,8e-05,False
1785949200.582,64665.04,8e-05,False
1785949200.582,64665.04,0.00048,False
1785949200.582,64665.04,8e-05,False
1785949200.582,64665.04,8e-05,False
1785949200.582,64665.04,8e-05,False
1785949200.582,64665.04,8e-05,False
1785949200.582,64665.04,8e-05,False
1785949200.582,64665.04,8e-05,False
1785949200.582,64665.05,8e-05,False
1785949200.582,64665.05,8e-05,False
1785949200.582,64665.05,8e-05,False
1785949200.582,64665.05,9e-05,False
1785949200.582,64665.05,9e-05,False
1785949200.582,64665.05,8e-05,False
1785949200.582,64665.05,8e-05,False
1785949200.688,64665.05,8e-05,False
1785949200.688,64665.05,8e-05,False
1785949200.688,64665.05,8e-05,False
1785949200.688,64665.05,8e-05,False
1785949200.688,64665.05,8e-05,False
1785949200.688,64665.05,8e-05,False
1785949200.688,64665.05,9e-05,False
1785949200.688,64665.05,9e-05,False
1785949200.688,64665.05,8e-05,False
1785949200.688,64665.05,8e-05,False
1785949200.688,64665.05,8e-05,False
1785949200.688,64665.05,8e-05,False
1785949200.688,64665.05,8e-05,False
1785949200.688,64665.05,8e-05,False
1785949200.688,64665.05,8e-05,False
1785949200.688,64665.05,8e-05,False
1785949200.688,64665.05,8e-05,False
1785949200.688,64665.05,8e-05,False
1785949200.688,64665.05,8e-05,False
1785949200.688,64665.05,8e-05,False
1785949200.688,64665.05,8e-05,False
1785949200.688,64665.05,8e-05,False
1785949200.688,64665.05,9e-05,False
1785949200.688,64665.05,8e-05,False
1785949200.688,64665.05,8e-05,False
1785949200.688,64665.05,9e-05,False
1785949200.688,64665.05,8e-05,False
1785949200.688,64665.05,8e-05,False
1785949200.688,64665.05,8e-05,False
1785949200.688,64665.05,8e-05,False
1785949200.688,64665.06,8e-05,False
1785949200.688,64665.06,8e-05,False
1785949200.688,64665.06,8e-05,False
1785949200.688,64665.06,9e-05,False
1785949200.688,64665.06,8e-05,False
1785949200.688,64665.06,9e-05,False
1785949200.688,64665.06,8e-05,False
1785949200.688,64665.45,8e-05,False
1785949200.688,64665.63,0.00276,False
1785949200.689,64665.63,0.0019,False
1785949200.689,64665.7,8e-05,False
1785949200.689,64665.7,8e-05,False
1785949200.689,64665.99,9e-05,False
1785949200.689,64665.99,9e-05,False
1785949200.689,64665.99,9e-05,False
1785949200.719,64666.0,0.007,False
1785949200.719,64666.0,0.005,False
1785949200.719,64666.0,0.008,False
1785949200.719,64666.0,0.006,False
1785949200.719,64666.0,9e-05,False
1785949200.719,64666.0,9e-05,False
1785949200.719,64666.0,9e-05,False
1785949200.719,64666.0,8e-05,False
1785949200.719,64666.0,8e-05,False
1785949200.719,64666.0,8e-05,False
1785949200.719,64666.0,8e-05,False
1785949200.719,64666.0,8e-05,False
1785949200.719,64666.0,8e-05,False
1785949200.719,64666.0,8e-05,False
1785949200.719,64666.0,8e-05,False
1785949200.719,64666.0,8e-05,False
1785949200.719,64666.0,8e-05,False
1785949200.719,64666.0,8e-05,False
1785949200.719,64666.0,8e-05,False
1785949200.719,64666.0,8e-05,False
1785949200.719,64666.0,8e-05,False
1785949200.719,64666.0,8e-05,False
1785949200.719,64666.0,8e-05,False
1785949200.719,64666.0,8e-05,False
1785949200.719,64666.0,9e-05,False
1785949200.719,64666.0,8e-05,False
1785949200.719,64666.0,8e-05,False
1785949200.719,64666.01,9e-05,False
1785949200.719,64666.01,8e-05,False
1785949200.719,64666.01,9e-05,False
1785949200.719,64666.01,8e-05,False
1785949200.719,64666.01,8e-05,False
1785949200.719,64666.01,8e-05,False
1785949200.719,64666.01,8e-05,False
1785949200.719,64666.01,8e-05,False
1785949200.719,64666.01,8e-05,False
1785949200.719,64666.93,0.00388,False
1785949200.719,64667.32,8e-05,False
1785949200.719,64667.32,8e-05,False
1785949200.719,64667.36,0.00524,False
1785949200.719,64667.36,0.00038,False
1785949200.719,64667.36,8e-05,False
1785949200.719,64667.36,9e-05,False
1785949200.719,64667.36,1e-05,False
1785949200.72,64667.36,8e-05,False
1785949200.72,64667.36,0.00524,False
1785949200.72,64667.36,8e-05,False
1785949200.72,64667.36,0.00266,False
1785949200.749,64667.36,0.00258,False
1785949200.749,64667.36,8e-05,False
1785949200.749,64667.36,8e-05,False
1785949200.749,64667.36,8e-05,False
1785949200.749,64667.36,9e-05,False
1785949200.749,64667.36,9e-05,False
1785949200.749,64667.36,8e-05,False
1785949200.749,64667.36,8e-05,False
1785949200.749,64667.36,8e-05,False
1785949200.749,64667.36,8e-05,False
1785949200.749,64667.36,0.00035,False
1785949200.749,64667.36,8e-05,False
1785949200.749,64667.36,8e-05,False
1785949200.749,64667.36,8e-05,False
1785949200.749,64667.36,8e-05,False
1785949200.749,64667.36,0.00524,False
1785949200.749,64667.36,8e-05,False
1785949200.749,64667.36,8e-05,False
1785949200.749,64667.36,8e-05,False
1785949200.749,64667.36,0.00524,False
1785949200.749,64667.36,0.00524,False
1785949200.749,64667.36,0.00524,False
1785949200.749,64667.36,0.00524,False
1785949200.749,64667.36,0.00524,False
1785949200.749,64667.36,0.00318,False
1785949200.776,64667.36,0.00206,False
1785949200.776,64667.36,8e-05,False
1785949200.776,64667.36,8e-05,False
1785949200.776,64667.36,9e-05,False
1785949200.776,64667.36,9e-05,False
1785949200.776,64667.36,8e-05,False
1785949200.776,64667.36,8e-05,False
1785949200.776,64667.36,8e-05,False
1785949200.776,64667.36,8e-05,False
1785949200.776,64667.36,8e-05,False
1785949200.776,64667.36,8e-05,False
1785949200.776,64667.36,0.00524,False
1785949200.776,64667.36,8e-05,False
1785949200.776,64667.36,0.00524,False
1785949200.776,64667.36,0.00524,False
1785949200.776,64667.36,0.00524,False
1785949200.776,64667.36,0.00524,False
1785949200.776,64667.36,0.00524,False
1785949200.776,64667.36,0.00524,False
1785949200.776,64667.36,0.00524,False
1785949200.776,64667.36,0.00524,False
1785949200.776,64667.36,0.00524,False
1785949200.776,64667.36,0.00524,False
1785949200.776,64667.36,0.00524,False
1785949200.776,64667.36,0.00524,False
1785949200.776,64667.36,0.00524,False
1785949200.776,64667.36,0.00524,False
1785949200.776,64667.36,0.00524,False
1785949200.776,64667.36,0.00524,False
1785949200.776,64667.36,0.00524,False
1785949200.776,64667.36,0.00524,False
1785949200.776,64667.36,0.00524,False
1785949200.776,64667.36,0.00524,False
1785949200.776,64667.36,0.00524,False
1785949200.776,64667.36,0.00524,False
1785949200.776,64667.36,0.00524,False
1785949200.776,64667.36,0.00524,False
1785949200.776,64667.36,0.00047,False
1785949200.776,64667.37,8e-05,False
1785949200.776,64667.37,9e-05,False
1785949200.776,64667.37,8e-05,False
1785949200.776,64667.37,8e-05,False
1785949200.776,64667.37,9e-05,False
1785949200.776,64667.37,8e-05,False
1785949200.776,64667.37,8e-05,False
1785949200.776,64667.37,8e-05,False
1785949200.776,64667.37,8e-05,False
1785949200.776,64667.37,8e-05,False
1785949200.776,64667.37,8e-05,False
1785949200.776,64667.38,0.00032,False
1785949200.776,64667.83,9e-05,False
1785949200.776,64667.83,8e-05,False
1785949200.776,64667.83,8e-05,False
1785949200.776,64667.85,8e-05,False
1785949200.776,64667.85,8e-05,False
1785949200.776,64667.99,9e-05,False
1785949200.776,64667.99,9e-05,False
1785949200.776,64667.99,9e-05,False
1785949200.779,64668.0,0.008,False
1785949200.779,64668.0,0.005,False
1785949200.779,64668.0,0.006,False
1785949200.779,64668.0,0.007,False
1785949200.779,64668.0,0.00429,False
1785949200.779,64668.0,9e-05,False
1785949200.779,64668.0,9e-05,False
1785949200.779,64668.0,8e-05,False
1785949200.779,64668.0,8e-05,False
1785949200.779,64668.0,8e-05,False
1785949200.779,64668.0,9e-05,False
1785949200.779,64668.0,9e-05,False
1785949200.779,64668.0,8e-05,False
1785949200.779,64668.0,8e-05,False
1785949200.779,64668.0,4e-05,False
1785949200.796,64668.0,4e-05,False
1785949200.796,64668.0,8e-05,False
1785949200.796,64668.0,8e-05,False
1785949200.796,64668.0,0.00027,False
1785949200.796,64668.0,9e-05,False
1785949200.796,64668.0,9e-05,False
1785949200.796,64668.0,8e-05,False
1785949200.796,64668.0,9e-05,False
1785949200.796,64668.0,9e-05,False
1785949200.796,64668.0,8e-05,False
1785949200.796,64668.0,8e-05,False
1785949200.796,64668.0,8e-05,False
1785949200.796,64668.0,8e-05,False
1785949200.796,64668.0,8e-05,False
1785949200.796,64668.01,9e-05,False
1785949200.796,64668.01,9e-05,False
1785949200.796,64668.01,8e-05,False
1785949200.796,64668.01,8e-05,False
1785949200.796,64668.01,8e-05,False
1785949200.796,64668.01,8e-05,False
1785949200.796,64668.01,8e-05,False
1785949200.796,64668.66,8e-05,False
1785949200.796,64669.99,9e-05,False
1785949200.796,64669.99,9e-05,False
1785949200.796,64669.99,9e-05,False
1785949200.809,64670.0,0.0001,False
1785949200.813,64670.0,0.0079,False
1785949200.813,64670.0,0.005,False
1785949200.813,64670.0,0.006,False
1785949200.813,64670.0,0.007,False
1785949200.813,64670.0,0.01,False
1785949200.813,64670.0,9e-05,False
1785949200.813,64670.0,9e-05,False
1785949200.813,64670.0,8e-05,False
1785949200.813,64670.0,9e-05,False
1785949200.813,64670.0,9e-05,False
1785949200.813,64670.0,8e-05,False
1785949200.813,64670.0,8e-05,False
1785949200.813,64670.0,8e-05,False
1785949200.813,64670.0,8e-05,False
1785949200.813,64670.0,8e-05,False
1785949200.813,64670.0,0.00025,False
1785949200.813,64670.0,8e-05,False
1785949200.813,64670.0,8e-05,False
1785949200.813,64670.01,9e-05,False
1785949200.813,64670.01,8e-05,False
1785949200.813,64670.01,8e-05,False
1785949200.813,64670.01,4e-05,False
1785949200.835,64670.01,5e-05,False
1785949200.835,64670.01,8e-05,False
1785949200.835,64670.01,8e-05,False
1785949200.835,64670.01,8e-05,False
1785949200.835,64670.01,9e-05,False
1785949200.835,64670.01,8e-05,False
1785949200.835,64670.01,8e-05,False
1785949200.835,64670.01,9e-05,False
1785949200.835,64670.01,8e-05,False
1785949200.835,64670.01,8e-05,False
1785949200.835,64670.01,0.00024,False
1785949200.835,64670.01,8e-05,False
1785949200.835,64670.01,8e-05,False
1785949200.835,64670.01,8e-05,False
1785949200.835,64670.02,8e-05,False
1785949200.835,64670.02,9e-05,False
1785949200.835,64670.02,8e-05,False
1785949200.835,64670.02,9e-05,False
1785949200.835,64670.02,8e-05,False
1785949200.835,64670.02,8e-05,False
1785949200.835,64670.14,0.00019,False
1785949200.835,64671.06,9e-05,False
1785949200.835,64671.24,9e-05,False
1785949200.835,64671.61,8e-05,False
1785949200.835,64671.87,8e-05,False
1785949200.835,64671.99,9e-05,False
1785949200.835,64671.99,9e-05,False
1785949200.835,64671.99,9e-05,False
1785949200.839,64672.0,0.008,False
1785949200.839,64672.0,0.005,False
1785949200.839,64672.0,0.006,False
1785949200.839,64672.0,0.007,False
1785949200.839,64672.0,9e-05,False
1785949200.839,64672.0,9e-05,False
1785949200.839,64672.0,8e-05,False
1785949200.839,64672.0,8e-05,False
1785949200.839,64672.0,8e-05,False
1785949200.839,64672.0,8e-05,False
1785949200.839,64672.0,9e-05,False
1785949200.839,64672.0,9e-05,False
1785949200.87,64672.0,8e-05,False
1785949200.87,64672.0,8e-05,False
1785949200.87,64672.0,8e-05,False
1785949200.87,64672.0,8e-05,False
1785949200.87,64672.0,0.00022,False
1785949200.87,64672.0,8e-05,False
1785949200.87,64672.0,9e-05,False
1785949200.87,64672.0,8e-05,False
1785949200.87,64672.0,9e-05,False
1785949200.87,64672.0,9e-05,False
1785949200.87,64672.0,9e-05,False
1785949200.87,64672.0,8e-05,False
1785949200.87,64672.0,8e-05,False
1785949200.87,64672.0,8e-05,False
1785949200.87,64672.0,8e-05,False
1785949200.87,64672.0,8e-05,False
1785949200.87,64672.0,8e-05,False
1785949200.87,64672.0,8e-05,False
1785949200.87,64672.0,8e-05,False
1785949200.87,64672.0,8e-05,False
1785949200.87,64672.01,8e-05,False
1785949200.87,64672.01,9e-05,False
1785949200.87,64672.01,8e-05,False
1785949200.87,64672.01,8e-05,False
1785949200.87,64672.01,9e-05,False
1785949200.87,64672.01,8e-05,False
1785949200.905,64672.01,7e-05,False
1785949200.905,64672.0,0.00041,True
1785949200.906,64672.01,1e-05,False
1785949200.906,64672.01,8e-05,False
1785949200.906,64672.01,8e-05,False
1785949200.906,64672.01,8e-05,False
1785949200.906,64672.01,8e-05,False
1785949200.906,64672.01,9e-05,False
1785949200.906,64672.01,9e-05,False
1785949200.906,64672.01,8e-05,False
1785949200.906,64672.01,8e-05,False
1785949200.906,64672.01,8e-05,False
1785949200.906,64672.01,8e-05,False
1785949200.906,64672.01,8e-05,False
1785949200.906,64672.01,8e-05,False
1785949200.906,64672.01,8e-05,False
1785949200.906,64672.01,8e-05,False
1785949200.906,64672.01,8e-05,False
1785949200.906,64672.01,8e-05,False
1785949200.906,64672.01,8e-05,False
1785949200.906,64672.01,8e-05,False
1785949200.906,64672.01,8e-05,False
1785949200.906,64672.01,8e-05,False
1785949200.906,64672.01,8e-05,False
1785949200.906,64672.01,8e-05,False
1785949200.906,64672.01,8e-05,False
1785949200.906,64672.01,8e-05,False
1785949200.906,64672.02,9e-05,False
1785949200.906,64672.02,9e-05,False
1785949200.906,64672.02,8e-05,False
1785949200.906,64672.02,8e-05,False
1785949200.906,64672.02,8e-05,False
1785949200.906,64672.02,8e-05,False
1785949200.906,64672.02,8e-05,False
1785949200.906,64672.02,8e-05,False
1785949200.906,64672.02,8e-05,False
1785949200.906,64672.02,8e-05,False
1785949200.906,64672.02,8e-05,False
1785949200.906,64672.12,2e-05,False
1785949200.91,64672.72,0.00018,True
1785949200.936,64672.73,0.0046,False
1785949200.936,64672.73,8e-05,False
1785949200.936,64672.73,8e-05,False
1785949200.936,64672.73,9e-05,False
1785949200.936,64672.73,8e-05,False
1785949200.936,64672.73,8e-05,False
1785949200.936,64672.73,8e-05,False
1785949200.936,64672.73,9e-05,False
1785949200.936,64672.73,8e-05,False
1785949200.936,64672.73,8e-05,False
1785949200.936,64672.73,8e-05,False
1785949200.936,64672.73,9e-05,False
1785949200.936,64672.73,9e-05,False
1785949200.936,64672.73,8e-05,False
1785949200.936,64672.73,8e-05,False
1785949200.936,64672.73,8e-05,False
1785949200.936,64672.73,8e-05,False
1785949200.936,64672.73,8e-05,False
1785949200.936,64672.73,0.00016,False
1785949200.936,64672.73,8e-05,False
1785949200.936,64672.73,0.00016,False
1785949200.936,64672.73,8e-05,False
1785949200.936,64672.73,8e-05,False
1785949200.936,64672.73,8e-05,False
1785949200.936,64672.74,8e-05,False
1785949200.936,64672.74,9e-05,False
1785949200.936,64672.74,9e-05,False
1785949200.936,64672.74,8e-05,False
1785949200.936,64672.74,8e-05,False
1785949200.936,64672.74,8e-05,False
1785949200.936,64672.74,8e-05,False
1785949200.936,64672.74,8e-05,False
1785949200.936,64672.74,8e-05,False
1785949200.936,64673.0,0.00081,False
1785949200.936,64673.28,9e-05,False
1785949200.936,64673.55,0.00048,False
1785949200.936,64673.8,0.00048,False
1785949200.936,64673.82,0.00165,False
1785949200.936,64673.99,9e-05,False
1785949200.936,64673.99,9e-05,False
1785949200.936,64673.99,9e-05,False
1785949200.936,64674.0,0.007,False
1785949200.936,64674.0,0.008,False
1785949200.936,64674.0,0.005,False
1785949200.936,64674.0,0.006,False
1785949200.936,64674.0,9e-05,False
1785949200.936,64674.0,9e-05,False
1785949200.936,64674.03,0.00383,False
1785949200.936,64674.29,9e-05,False
1785949200.936,64674.36,8e-05,False
1785949200.936,64674.36,8e-05,False
1785949200.936,64674.41,0.00048,False
1785949200.936,64674.47,9e-05,False
1785949200.936,64674.81,8e-05,False
1785949200.936,64675.08,8e-05,False
1785949200.936,64675.31,8e-05,False
1785949200.936,64675.32,0.00306,False
1785949200.936,64675.78,9e-05,False
1785949200.936,64675.78,9e-05,False
1785949200.936,64675.78,9e-05,False
1785949201.032,64675.79,8e-05,False
1785949201.032,64675.79,8e-05,False
1785949201.032,64675.79,8e-05,False
1785949201.032,64675.79,8e-05,False
1785949201.032,64675.79,9e-05,False
1785949201.032,64675.79,8e-05,False
1785949201.032,64675.79,8e-05,False
1785949201.032,64675.79,9e-05,False
1785949201.032,64675.79,8e-05,False
1785949201.032,64675.79,9e-05,False
1785949201.032,64675.79,0.00028,False
1785949201.032,64675.79,8e-05,False
1785949201.032,64675.79,2e-05,False
1785949201.241,64675.79,6e-05,False
1785949201.241,64675.79,8e-05,False
1785949201.241,64675.79,0.00217,False
1785949201.301,64675.79,8e-05,False
1785949201.301,64675.79,2e-05,False
1785949201.307,64675.79,0.00014,False
1785949201.307,64675.79,8e-05,False
1785949201.307,64675.79,8e-05,False
1785949201.307,64675.79,8e-05,False
1785949201.307,64675.79,9e-05,False
1785949201.307,64675.79,9e-05,False
1785949201.307,64675.79,9e-05,False
1785949201.307,64675.79,8e-05,False
1785949201.307,64675.79,8e-05,False
1785949201.307,64675.79,8e-05,False
1785949201.307,64675.79,0.00021,False
1785949201.307,64675.79,8e-05,False
1785949201.307,64675.79,8e-05,False
1785949201.307,64675.79,8e-05,False
1785949201.307,64675.79,8e-05,False
1785949201.307,64675.79,9e-05,False
1785949201.307,64675.79,8e-05,False
1785949201.307,64675.79,8e-05,False
1785949201.307,64675.79,8e-05,False
1785949201.307,64675.79,8e-05,False
1785949201.307,64675.79,8e-05,False
1785949201.307,64675.79,8e-05,False
1785949201.307,64675.79,8e-05,False
1785949201.307,64675.79,8e-05,False
1785949201.307,64675.79,8e-05,False
1785949201.307,64675.8,8e-05,False
1785949201.307,64675.8,9e-05,False
1785949201.307,64675.8,8e-05,False
1785949201.307,64675.8,9e-05,False
1785949201.307,64675.8,8e-05,False
1785949201.307,64675.8,8e-05,False
1785949201.311,64675.8,8e-05,False
1785949201.311,64675.8,8e-05,False
1785949201.311,64675.8,8e-05,False
1785949201.311,64675.8,8e-05,False
1785949201.311,64675.8,8e-05,False
1785949201.311,64675.8,9e-05,False
1785949201.311,64675.8,9e-05,False
1785949201.311,64675.8,8e-05,False
1785949201.311,64675.8,8e-05,False
1785949201.311,64675.8,8e-05,False
1785949201.311,64675.8,8e-05,False
1785949201.311,64675.8,8e-05,False
1785949201.311,64675.8,8e-05,False
1785949201.311,64675.8,8e-05,False
1785949201.311,64675.8,8e-05,False
1785949201.311,64675.81,9e-05,False
1785949201.311,64675.81,9e-05,False
1785949201.311,64675.81,8e-05,False
1785949201.311,64675.81,8e-05,False
1785949201.311,64675.81,8e-05,False
1785949201.311,64675.99,9e-05,False
1785949201.311,64675.99,9e-05,False
1785949201.311,64675.99,9e-05,False
1785949201.311,64675.99,0.00018,True
1785949201.336,64676.0,0.007,False
1785949201.336,64676.0,0.008,False
1785949201.336,64676.0,0.005,False
1785949201.336,64676.0,0.006,False
1785949201.336,64676.0,8e-05,False
1785949201.336,64676.0,8e-05,False
1785949201.336,64676.0,8e-05,False
1785949201.336,64676.0,8e-05,False
1785949201.336,64676.0,8e-05,False
1785949201.336,64676.0,8e-05,False
1785949201.336,64676.0,8e-05,False
1785949201.336,64676.0,0.00016,False
1785949201.336,64676.0,9e-05,False
1785949201.336,64676.0,9e-05,False
1785949201.336,64676.0,8e-05,False
1785949201.336,64676.0,8e-05,False
1785949201.336,64676.0,9e-05,False
1785949201.336,64676.0,9e-05,False
1785949201.336,64676.0,8e-05,False
1785949201.336,64676.0,8e-05,False
1785949201.336,64676.0,8e-05,False
1785949201.336,64676.01,8e-05,False
1785949201.336,64676.01,8e-05,False
1785949201.336,64676.01,9e-05,False
1785949201.336,64676.01,9e-05,False
1785949201.336,64676.01,8e-05,False
1785949201.336,64676.01,8e-05,False
1785949201.345,64676.01,8e-05,False
1785949201.345,64676.01,8e-05,False
1785949201.345,64676.01,9e-05,False
1785949201.345,64676.01,9e-05,False
1785949201.345,64676.01,4e-05,False
1785949201.36,64676.01,4e-05,False
1785949201.36,64676.01,8e-05,False
1785949201.36,64676.01,8e-05,False
1785949201.36,64676.01,8e-05,False
1785949201.36,64676.01,8e-05,False
1785949201.369,64676.01,8e-05,False
1785949201.369,64676.01,8e-05,False
1785949201.369,64676.01,8e-05,False
1785949201.369,64676.01,8e-05,False
1785949201.369,64676.01,9e-05,False
1785949201.369,64676.01,9e-05,False
1785949201.369,64676.01,8e-05,False
1785949201.369,64676.01,8e-05,False
1785949201.369,64676.01,8e-05,False
1785949201.369,64676.01,8e-05,False
1785949201.369,64676.01,8e-05,False
1785949201.369,64676.01,8e-05,False
1785949201.369,64676.01,8e-05,False
1785949201.369,64676.02,9e-05,False
1785949201.369,64676.02,8e-05,False
1785949201.369,64676.02,8e-05,False
1785949201.369,64676.02,8e-05,False
1785949201.369,64676.02,8e-05,False
1785949201.369,64676.02,9e-05,False
1785949201.369,64676.02,8e-05,False
1785949201.426,64676.02,8e-05,False
1785949201.426,64676.02,9e-05,False
1785949201.426,64676.02,8e-05,False
1785949201.426,64676.02,8e-05,False
1785949201.508,64676.02,9e-05,False
1785949201.508,64676.02,8e-05,False
1785949201.508,64676.02,8e-05,False
1785949201.508,64676.02,8e-05,False
1785949201.508,64676.02,8e-05,False
1785949201.508,64676.02,8e-05,False
1785949201.508,64676.02,8e-05,False
1785949201.508,64676.02,8e-05,False
1785949201.508,64676.02,8e-05,False
1785949201.508,64676.02,8e-05,False
1785949201.508,64676.02,9e-05,False
1785949201.508,64676.02,8e-05,False
1785949201.508,64676.02,8e-05,False
1785949201.508,64676.02,8e-05,False
1785949201.508,64676.03,9e-05,False
1785949201.508,64676.03,8e-05,False
1785949201.508,64676.03,8e-05,False
1785949201.508,64676.03,8e-05,False
1785949201.508,64676.03,8e-05,False
1785949201.508,64676.03,9e-05,False
1785949201.543,64676.03,8e-05,False
1785949201.543,64676.03,8e-05,False
1785949201.543,64676.03,9e-05,False
1785949201.543,64676.03,9e-05,False
1785949201.543,64676.03,8e-05,False
1785949201.543,64676.03,8e-05,False
1785949201.543,64676.03,8e-05,False
1785949201.543,64676.03,8e-05,False
1785949201.543,64676.03,8e-05,False
1785949201.543,64676.03,8e-05,False
1785949201.543,64676.03,8e-05,False
1785949201.543,64676.03,8e-05,False
1785949201.543,64676.03,8e-05,False
1785949201.543,64676.03,8e-05,False
1785949201.543,64676.03,8e-05,False
1785949201.543,64676.03,8e-05,False
1785949201.543,64676.03,8e-05,False
1785949201.543,64676.03,8e-05,False
1785949201.543,64676.03,8e-05,False
1785949201.543,64676.03,8e-05,False
1785949201.543,64676.03,8e-05,False
1785949201.543,64676.03,8e-05,False
1785949201.543,64676.04,9e-05,False
1785949201.543,64676.04,9e-05,False
1785949201.543,64676.04,8e-05,False
1785949201.543,64676.04,8e-05,False
1785949201.543,64676.04,8e-05,False
1785949201.543,64676.04,8e-05,False
1785949201.575,64676.04,8e-05,False
1785949201.575,64676.04,8e-05,False
1785949201.575,64676.04,8e-05,False
1785949201.575,64676.04,9e-05,False
1785949201.575,64676.04,9e-05,False
1785949201.575,64676.04,8e-05,False
1785949201.575,64676.04,8e-05,False
1785949201.575,64676.04,8e-05,False
1785949201.575,64676.04,8e-05,False
1785949201.575,64676.04,8e-05,False
1785949201.575,64676.04,8e-05,False
1785949201.575,64676.04,8e-05,False
1785949201.575,64676.04,8e-05,False
1785949201.575,64676.04,8e-05,False
1785949201.575,64676.04,8e-05,False
1785949201.575,64676.04,8e-05,False
1785949201.575,64676.04,8e-05,False
1785949201.575,64676.04,8e-05,False
1785949201.575,64676.04,8e-05,False
1785949201.575,64676.04,8e-05,False
1785949201.575,64676.05,8e-05,False
1785949201.575,64676.05,9e-05,False
1785949201.575,64676.05,8e-05,False
1785949201.575,64676.05,8e-05,False
1785949201.575,64676.05,9e-05,False
1785949201.611,64676.05,8e-05,False
1785949201.611,64676.05,8e-05,False
1785949201.611,64676.05,8e-05,False
1785949201.611,64676.05,8e-05,False
1785949201.611,64676.05,8e-05,False
1785949201.611,64676.05,8e-05,False
1785949201.611,64676.05,8e-05,False
1785949201.611,64676.05,8e-05,False
1785949201.611,64676.05,8e-05,False
1785949201.611,64676.05,8e-05,False
1785949201.611,64676.05,8e-05,False
1785949201.611,64676.05,8e-05,False
1785949201.611,64676.05,8e-05,False
1785949201.611,64676.05,9e-05,False
1785949201.611,64676.05,9e-05,False
1785949201.611,64676.05,8e-05,False
1785949201.611,64676.05,8e-05,False
1785949201.611,64676.05,8e-05,False
1785949201.611,64676.05,8e-05,False
1785949201.611,64676.05,8e-05,False
1785949201.611,64676.05,8e-05,False
1785949201.611,64676.05,8e-05,False
1785949201.611,64676.05,8e-05,False
1785949201.611,64676.05,8e-05,False
1785949201.611,64676.05,8e-05,False
1785949201.611,64676.06,9e-05,False
1785949201.611,64676.06,8e-05,False
1785949201.611,64676.06,8e-05,False
1785949201.611,64676.06,8e-05,False
1785949201.611,64676.06,1e-05,False
1785949201.638,64676.06,8e-05,False
1785949201.638,64676.06,8e-05,False
1785949201.638,64676.06,8e-05,False
1785949201.638,64676.06,8e-05,False
1785949201.638,64676.06,9e-05,False
1785949201.638,64676.06,9e-05,False
1785949201.638,64676.06,8e-05,False
1785949201.638,64676.06,8e-05,False
1785949201.638,64676.06,8e-05,False
1785949201.638,64676.06,8e-05,False
1785949201.638,64676.06,8e-05,False
1785949201.638,64676.06,8e-05,False
1785949201.638,64676.06,8e-05,False
1785949201.638,64676.06,8e-05,False
1785949201.638,64676.06,8e-05,False
1785949201.638,64676.06,8e-05,False
1785949201.638,64676.06,0.022,False
1785949201.638,64676.06,0.0043,False
1785949201.638,64676.06,9e-05,False
1785949201.638,64676.06,9e-05,False
1785949201.638,64676.06,8e-05,False
1785949201.638,64676.06,8e-05,False
1785949201.638,64676.06,8e-05,False
1785949201.638,64676.06,8e-05,False
1785949201.638,64676.06,8e-05,False
1785949201.638,64676.07,8e-05,False
1785949201.638,64676.07,9e-05,False
1785949201.638,64676.07,9e-05,False
1785949201.638,64676.07,8e-05,False
1785949201.638,64676.07,8e-05,False
1785949201.638,64676.07,8e-05,False
1785949201.638,64676.07,8e-05,False
1785949201.638,64676.07,8e-05,False
1785949201.638,64676.58,0.00016,False
1785949201.638,64676.59,0.00019,False
1785949201.638,64676.68,8e-05,False
1785949201.638,64676.68,8e-05,False
1785949201.638,64676.7,0.00451,False
1785949201.638,64677.52,9e-05,False
1785949201.638,64677.99,9e-05,False
1785949201.638,64677.99,9e-05,False
1785949201.638,64677.99,9e-05,False
1785949201.638,64678.0,0.007,False
1785949201.638,64678.0,0.008,False
1785949201.638,64678.0,0.005,False
1785949201.638,64678.0,0.006,False
1785949201.638,64678.0,0.00376,False
1785949201.638,64678.0,9e-05,False
1785949201.638,64678.0,9e-05,False
1785949201.638,64678.29,8e-05,False
1785949201.638,64678.49,8e-05,False
1785949201.638,64678.49,8e-05,False
1785949201.638,64679.12,9e-05,False
1785949201.638,64679.12,9e-05,False
1785949201.638,64679.12,9e-05,False
1785949201.848,64679.13,8e-05,False
1785949201.848,64679.13,9e-05,False
1785949201.848,64679.13,8e-05,False
1785949201.848,64679.13,8e-05,False
1785949201.848,64679.13,8e-05,False
1785949201.848,64679.13,8e-05,False
1785949201.848,64679.13,8e-05,False
1785949201.848,64679.13,9e-05,False
1785949201.848,64679.13,8e-05,False
1785949201.848,64679.13,9e-05,False
1785949201.848,64679.13,8e-05,False
1785949201.848,64679.13,8e-05,False
1785949201.848,64679.13,8e-05,False
1785949201.848,64679.13,8e-05,False
1785949201.848,64679.13,8e-05,False
1785949201.848,64679.13,0.00118,False
1785949201.861,64679.13,0.00035,False
1785949202.331,64679.13,0.00033,False
1785949202.576,64679.12,8e-05,True
1785949202.576,64679.12,0.00403,True
1785949202.594,64679.13,0.00046,False
1785949202.637,64679.13,0.00068,False
1785949202.637,64679.13,0.0043,False
1785949202.637,64679.13,0.022,False
1785949202.637,64679.13,0.0015,False
1785949202.637,64679.13,0.0025,False
1785949202.637,64679.13,0.00017,False
1785949202.637,64679.13,0.00077,False
1785949202.723,64679.13,0.0003,False
1785949202.913,64679.12,0.00031,True
1785949203.128,64679.12,0.00741,True
1785949204.288,64679.13,0.01747,False
1785949204.838,64679.13,0.00148,False
1785949205.215,64679.13,0.00162,False
1785949205.217,64679.12,0.007,True
1785949205.287,64679.13,0.0001,False
1785949205.315,64679.12,0.0003,True
1785949205.993,64679.13,0.00819,False
1785949207.267,64679.13,8e-05,False
1785949207.267,64679.13,8e-05,False
1785949207.267,64679.13,8e-05,False
1785949207.267,64679.13,0.00111,False
1785949207.267,64679.13,8e-05,False
1785949207.267,64679.13,8e-05,False
1785949207.267,64679.13,8e-05,False
1785949207.267,64679.13,0.00016,False
1785949207.267,64679.13,0.00016,False
1785949207.267,64679.13,9e-05,False
1785949207.267,64679.13,9e-05,False
1785949207.267,64679.13,0.0008,False
1785949207.306,64679.13,0.0002,False
1785949207.306,64679.13,8e-05,False
1785949207.306,64679.13,8e-05,False
1785949207.306,64679.13,8e-05,False
1785949207.306,64679.13,8e-05,False
1785949207.306,64679.13,9e-05,False
1785949207.306,64679.13,9e-05,False
1785949207.306,64679.13,9e-05,False
1785949207.306,64679.13,9e-05,False
1785949207.306,64679.13,9e-05,False
1785949207.306,64679.13,8e-05,False
1785949207.306,64679.13,0.003,False
1785949207.306,64679.13,0.003,False
1785949207.306,64679.13,0.003,False
1785949207.306,64679.13,0.003,False
1785949207.306,64679.13,0.003,False
1785949207.306,64679.13,0.003,False
1785949207.306,64679.13,0.003,False
1785949207.306,64679.13,0.003,False
1785949207.306,64679.13,0.003,False
1785949207.306,64679.13,0.003,False
1785949207.306,64679.13,0.003,False
1785949207.306,64679.13,0.003,False
1785949207.306,64679.13,0.003,False
1785949207.306,64679.13,0.003,False
1785949207.306,64679.13,0.003,False
1785949207.306,64679.13,0.003,False
1785949207.306,64679.13,0.003,False
1785949207.306,64679.13,0.003,False
1785949207.306,64679.13,0.00018,False
1785949208.801,64679.13,0.00022,False
1785949209.058,64679.13,0.00156,False
1785949209.906,64679.13,0.00023,False
1785949212.447,64679.12,9e-05,True
1785949212.979,64679.13,0.00081,False
1785949212.979,64679.13,0.003,False
1785949212.979,64679.13,0.003,False
1785949212.979,64679.13,8e-05,False
1785949212.979,64679.13,9e-05,False
1785949212.979,64679.13,9e-05,False
1785949212.979,64679.13,8e-05,False
1785949212.979,64679.13,8e-05,False
1785949212.979,64679.13,0.00016,False
1785949212.979,64679.13,8e-05,False
1785949212.979,64679.13,9e-05,False
1785949212.979,64679.13,8e-05,False
1785949212.979,64679.13,8e-05,False
1785949212.979,64679.13,0.003,False
1785949212.979,64679.13,8e-05,False
1785949212.979,64679.13,0.003,False
1785949212.979,64679.13,0.003,False
1785949212.979,64679.13,0.003,False
1785949212.979,64679.13,0.003,False
1785949212.979,64679.13,0.003,False
1785949212.979,64679.13,0.003,False
1785949212.979,64679.13,0.003,False
1785949212.979,64679.13,0.003,False
1785949212.979,64679.13,0.003,False
1785949212.979,64679.13,0.003,False
1785949212.979,64679.13,0.003,False
1785949212.979,64679.13,0.003,False
1785949212.979,64679.13,0.003,False
1785949212.979,64679.13,0.003,False
1785949212.979,64679.13,0.003,False
1785949212.979,64679.13,0.003,False
1785949212.979,64679.13,0.003,False
1785949212.979,64679.13,0.00017,False
1785949212.979,64679.13,8e-05,False
1785949212.979,64679.13,0.00048,False
1785949212.979,64679.13,0.01491,False
1785949212.979,64679.13,0.01505,False
1785949212.979,64679.13,1e-05,False
1785949213.079,64679.13,0.00029,False
1785949213.138,64679.13,0.00309,False
1785949213.505,64679.13,0.01098,False
1785949213.505,64679.13,8e-05,False
1785949213.505,64679.13,8e-05,False
1785949213.505,64679.13,8e-05,False
1785949213.505,64679.13,8e-05,False
1785949213.505,64679.13,8e-05,False
1785949213.505,64679.13,8e-05,False
1785949213.505,64679.13,8e-05,False
1785949213.505,64679.13,0.00304,False
1785949213.505,64679.13,8e-05,False
1785949213.505,64679.13,8e-05,False
1785949213.505,64679.13,9e-05,False
1785949213.505,64679.13,8e-05,False
1785949213.505,64679.13,8e-05,False
1785949213.505,64679.13,8e-05,False
1785949213.505,64679.13,9e-05,False
1785949213.505,64679.13,9e-05,False
1785949213.505,64679.13,9e-05,False
1785949213.505,64679.13,8e-05,False
1785949213.505,64679.13,8e-05,False
1785949213.505,64679.13,8e-05,False
1785949213.505,64679.13,0.003,False
1785949213.505,64679.13,0.003,False
1785949213.505,64679.13,0.003,False
1785949213.505,64679.13,0.003,False
1785949213.505,64679.13,0.003,False
1785949213.505,64679.13,0.003,False
1785949213.505,64679.13,0.003,False
1785949213.505,64679.13,0.003,False
1785949213.505,64679.13,0.003,False
1785949213.505,64679.13,0.003,False
1785949213.505,64679.13,0.003,False
1785949213.505,64679.13,0.003,False
1785949213.505,64679.13,0.003,False
1785949213.505,64679.13,0.003,False
1785949213.505,64679.13,0.003,False
1785949213.505,64679.13,0.003,False
1785949213.505,64679.13,0.003,False
1785949213.505,64679.13,0.003,False
1785949213.505,64679.13,0.003,False
1785949213.505,64679.13,0.003,False
1785949213.505,64679.13,0.00016,False
1785949213.505,64679.13,8e-05,False
1785949213.505,64679.13,8e-05,False
1785949213.505,64679.13,8e-05,False
1785949213.505,64679.13,8e-05,False
1785949213.505,64679.13,8e-05,False
1785949213.505,64679.13,8e-05,False
1785949213.505,64679.14,9e-05,False
1785949213.505,64679.14,9e-05,False
1785949213.505,64679.14,9e-05,False
1785949213.505,64679.14,0.00337,False
1785949213.505,64679.14,8e-05,False
1785949213.505,64679.14,8e-05,False
1785949213.505,64679.14,8e-05,False
1785949213.505,64679.14,8e-05,False
1785949213.505,64679.15,0.00016,False
1785949213.505,64679.41,9e-05,False
1785949213.505,64679.77,8e-05,False
1785949213.505,64679.77,8e-05,False
1785949213.508,64679.99,9e-05,False
1785949213.508,64679.99,9e-05,False
1785949213.508,64679.99,8e-05,False
1785949213.508,64679.99,9e-05,False
1785949213.508,64679.99,8e-05,False
1785949213.508,64679.99,8e-05,False
1785949213.508,64679.99,9e-05,False
1785949213.508,64679.99,9e-05,False
1785949213.508,64679.99,8e-05,False
1785949213.508,64679.99,8e-05,False
1785949213.508,64679.99,8e-05,False
1785949213.508,64680.0,0.00311,False
1785949213.519,64680.0,0.0001,False
1785949213.531,64680.0,0.00179,False
1785949213.531,64680.0,0.00193,False
1785949213.535,64680.0,0.00407,False
1785949213.535,64680.0,0.007,False
1785949213.535,64680.0,0.008,False
1785949213.535,64680.0,9e-05,False
1785949213.535,64680.0,0.01,False
1785949213.535,64680.0,9e-05,False
1785949213.535,64680.0,9e-05,False
1785949213.535,64680.0,8e-05,False
1785949213.535,64680.0,8e-05,False
1785949213.535,64680.0,9e-05,False
1785949213.535,64680.0,9e-05,False
1785949213.535,64680.0,8e-05,False
1785949213.535,64680.0,8e-05,False
1785949213.535,64680.0,8e-05,False
1785949213.535,64680.0,9e-05,False
1785949213.535,64680.0,8e-05,False
1785949213.535,64680.0,8e-05,False
1785949213.535,64680.0,8e-05,False
1785949213.535,64680.0,8e-05,False
1785949213.535,64680.0,8e-05,False
1785949213.535,64680.0,8e-05,False
1785949213.535,64680.0,8e-05,False
1785949213.535,64680.0,8e-05,False
1785949213.535,64680.0,8e-05,False
1785949213.535,64680.0,8e-05,False
1785949213.535,64680.0,8e-05,False
1785949213.535,64680.0,8e-05,False
1785949213.535,64680.0,8e-05,False
1785949213.535,64680.0,8e-05,False
1785949213.535,64680.01,8e-05,False
1785949213.535,64680.01,8e-05,False
1785949213.535,64680.01,8e-05,False
1785949213.535,64680.01,9e-05,False
1785949213.535,64680.01,9e-05,False
1785949213.535,64680.01,8e-05,False
1785949213.535,64680.17,0.00445,False
1785949213.535,64680.75,9e-05,False
1785949213.535,64680.94,0.00012,False
1785949213.535,64680.94,9e-05,False
1785949213.535,64681.02,8e-05,False
1785949213.535,64681.24,9e-05,False
1785949213.535,64681.24,9e-05,False
1785949213.535,64681.47,0.00371,False
1785949213.535,64681.5,8e-05,False
1785949213.566,64681.99,9e-05,False
1785949213.566,64681.99,9e-05,False
1785949213.566,64681.99,9e-05,False
1785949213.566,64681.99,8e-05,False
1785949213.566,64681.99,1e-05,False
1785949213.567,64681.99,8e-05,False
1785949213.567,64681.99,8e-05,False
1785949213.567,64681.99,8e-05,False
1785949213.567,64681.99,8e-05,False
1785949213.567,64681.99,8e-05,False
1785949213.567,64681.99,8e-05,False
1785949213.567,64681.99,8e-05,False
1785949213.567,64681.99,8e-05,False
1785949213.567,64681.99,8e-05,False
1785949213.567,64681.99,8e-05,False
1785949213.567,64681.99,8e-05,False
1785949213.567,64681.99,8e-05,False
1785949213.567,64681.99,8e-05,False
1785949213.567,64681.99,8e-05,False
1785949213.567,64681.99,8e-05,False
1785949213.567,64681.99,9e-05,False
1785949213.567,64681.99,8e-05,False
1785949213.567,64681.99,8e-05,False
1785949213.567,64682.0,0.005,False
1785949213.567,64682.0,0.006,False
1785949213.567,64682.0,0.007,False
1785949213.567,64682.0,0.008,False
1785949213.567,64682.0,9e-05,False
1785949213.567,64682.0,9e-05,False
1785949213.567,64682.0,8e-05,False
1785949213.567,64682.0,9e-05,False
1785949213.567,64682.0,8e-05,False
1785949213.567,64682.0,8e-05,False
1785949213.567,64682.0,8e-05,False
1785949213.567,64682.0,9e-05,False
1785949213.567,64682.0,8e-05,False
1785949213.57,64682.86,8e-05,False
1785949213.57,64682.86,8e-05,False
1785949213.57,64682.86,9e-05,False
1785949213.57,64682.86,9e-05,False
1785949213.57,64682.86,4e-05,False
1785949213.574,64682.86,0.00036,False
1785949213.647,64682.86,8e-05,False
1785949213.647,64682.86,0.00028,False
1785949214.437,64682.85,0.00079,True
1785949214.505,64682.86,0.00147,False
1785949214.65,64682.86,0.00153,False
1785949214.65,64682.86,0.003,False
1785949214.65,64682.86,0.003,False
1785949214.65,64682.86,0.00018,False
1785949214.651,64682.86,0.00282,False
1785949214.651,64682.86,0.003,False
1785949214.651,64682.86,0.003,False
1785949214.651,64682.86,0.003,False
1785949214.651,64682.86,0.003,False
1785949214.651,64682.86,0.003,False
1785949214.651,64682.86,0.003,False
1785949214.651,64682.86,0.003,False
1785949214.651,64682.86,0.003,False
1785949214.651,64682.86,0.003,False
1785949214.651,64682.86,0.003,False
1785949214.651,64682.86,0.003,False
1785949214.651,64682.86,8e-05,False
1785949214.651,64682.86,8e-05,False
1785949214.651,64682.86,0.003,False
1785949214.651,64682.86,0.003,False
1785949214.651,64682.86,0.003,False
1785949214.651,64682.86,8e-05,False
1785949214.651,64682.86,8e-05,False
1785949214.651,64682.86,0.003,False
1785949214.651,64682.86,8e-05,False
1785949214.651,64682.86,8e-05,False
1785949214.651,64682.86,8e-05,False
1785949214.651,64682.86,8e-05,False
1785949214.651,64682.86,8e-05,False
1785949214.651,64682.86,8e-05,False
1785949214.651,64682.86,8e-05,False
1785949214.651,64682.86,9e-05,False
1785949214.651,64682.86,8e-05,False
1785949214.651,64682.86,0.00015,False
1785949214.651,64682.86,0.003,False
1785949214.651,64682.86,8e-05,False
1785949214.651,64682.86,8e-05,False
1785949214.651,64682.86,8e-05,False
1785949214.651,64682.86,8e-05,False
1785949214.651,64682.86,8e-05,False
1785949214.651,64682.86,8e-05,False
1785949214.651,64682.86,8e-05,False
1785949214.651,64682.86,8e-05,False
1785949214.651,64682.86,8e-05,False
1785949214.651,64682.86,9e-05,False
1785949214.651,64682.86,9e-05,False
1785949214.651,64682.86,9e-05,False
1785949214.651,64682.86,8e-05,False
1785949214.651,64682.86,8e-05,False
1785949214.651,64682.86,8e-05,False
1785949214.651,64682.86,8e-05,False
1785949214.651,64682.86,8e-05,False
1785949214.651,64682.87,9e-05,False
1785949214.651,64682.87,9e-05,False
1785949214.651,64682.87,8e-05,False
1785949214.651,64682.87,8e-05,False
1785949214.651,64682.87,8e-05,False
1785949214.651,64682.87,8e-05,False
1785949214.651,64682.87,8e-05,False
1785949214.651,64682.87,8e-05,False
1785949214.651,64683.05,0.00019,False
1785949214.651,64683.85,9e-05,False
1785949214.651,64683.85,9e-05,False
1785949214.651,64683.85,9e-05,False
1785949214.651,64683.86,9e-05,False
1785949214.651,64683.86,9e-05,False
1785949214.651,64683.98,9e-05,False
1785949214.651,64683.99,9e-05,False
1785949214.651,64683.99,9e-05,False
1785949214.651,64683.99,9e-05,False
1785949214.651,64684.0,0.005,False
1785949214.651,64684.0,0.006,False
1785949214.651,64684.0,0.007,False
1785949214.651,64684.0,0.008,False
1785949214.651,64684.0,9e-05,False
1785949214.651,64684.0,9e-05,False
1785949214.651,64684.03,0.00439,False
1785949214.651,64684.17,9e-05,False
1785949214.651,64684.71,8e-05,False
1785949214.652,64685.33,0.00209,False
1785949214.659,64685.33,0.00157,False
1785949214.659,64685.33,8e-05,False
1785949214.659,64685.33,9e-05,False
1785949214.659,64685.33,9e-05,False
1785949214.663,64685.33,8e-05,False
1785949214.663,64685.33,8e-05,False
1785949214.663,64685.33,8e-05,False
1785949214.663,64685.33,8e-05,False
1785949214.663,64685.33,8e-05,False
1785949214.663,64685.33,8e-05,False
1785949214.663,64685.33,8e-05,False
1785949214.663,64685.33,8e-05,False
1785949214.663,64685.33,8e-05,False
1785949214.663,64685.33,8e-05,False
1785949214.663,64685.33,8e-05,False
1785949214.663,64685.33,8e-05,False
1785949214.663,64685.33,8e-05,False
1785949214.663,64685.33,9e-05,False
1785949214.663,64685.33,9e-05,False
1785949214.663,64685.33,0.00016,False
1785949214.663,64685.33,0.003,False
1785949214.663,64685.33,8e-05,False
1785949214.663,64685.34,8e-05,False
1785949214.663,64685.34,8e-05,False
1785949214.663,64685.34,8e-05,False
1785949214.663,64685.34,8e-05,False
1785949214.663,64685.34,9e-05,False
1785949214.663,64685.34,8e-05,False
1785949214.663,64685.34,8e-05,False
1785949214.663,64685.34,9e-05,False
1785949214.663,64685.34,0.00016,False
1785949214.663,64685.57,0.00185,False
1785949214.663,64685.7,9e-05,False
1785949214.663,64685.7,9e-05,False
1785949214.663,64685.7,9e-05,False
1785949214.663,64685.71,9e-05,False
1785949214.663,64685.71,9e-05,False
1785949214.663,64685.76,9e-05,False
1785949214.663,64685.76,9e-05,False
1785949214.665,64685.99,9e-05,False
1785949214.665,64685.99,9e-05,False
1785949214.665,64685.99,9e-05,False
1785949214.665,64685.99,9e-05,False
1785949214.665,64685.99,8e-05,False
1785949214.665,64685.99,8e-05,False
1785949214.665,64685.99,9e-05,False
1785949214.665,64686.0,0.005,False
1785949214.665,64686.0,0.006,False
1785949214.665,64686.0,0.007,False
1785949214.665,64686.0,0.008,False
1785949214.665,64686.0,9e-05,False
1785949214.665,64686.0,9e-05,False
1785949214.665,64686.01,9e-05,False
1785949214.665,64686.01,9e-05,False
1785949214.665,64686.01,9e-05,False
1785949214.665,64686.02,0.00034,False
1785949214.666,64686.02,0.01967,False
1785949214.666,64686.02,9e-05,False
1785949214.666,64686.02,9e-05,False
1785949214.666,64686.02,8e-05,False
1785949214.666,64686.02,8e-05,False
1785949214.668,64686.36,0.00032,False
1785949214.668,64686.36,9e-05,False
1785949214.668,64686.36,8e-05,False
1785949214.668,64686.36,9e-05,False
1785949214.668,64686.36,8e-05,False
1785949214.668,64686.36,8e-05,False
1785949214.668,64686.4,9e-05,False
1785949214.668,64686.4,9e-05,False
1785949214.668,64686.41,9e-05,False
1785949214.668,64686.41,9e-05,False
1785949214.668,64686.5,9e-05,False
1785949214.668,64686.5,9e-05,False
1785949214.668,64686.62,0.00292,False
1785949214.668,64686.71,0.00301,False
1785949214.668,64686.72,9e-05,False
1785949214.668,64686.99,8e-05,False
1785949214.668,64686.99,8e-05,False
1785949214.668,64687.21,9e-05,False
1785949214.668,64687.23,9e-05,False
1785949214.668,64687.23,9e-05,False
1785949214.668,64687.23,1e-05,False
1785949214.67,64687.23,8e-05,False
1785949214.67,64687.23,8e-05,False
1785949214.67,64687.23,8e-05,False
1785949214.67,64687.24,0.03166,False
1785949214.67,64687.24,0.00858,False
1785949214.67,64687.24,0.00012,False
1785949214.671,64687.24,0.00012,False
1785949214.671,64687.24,0.00859,False
1785949214.671,64687.24,0.00012,False
1785949214.675,64687.24,0.00622,False
1785949214.675,64687.24,9e-05,False
1785949214.675,64687.24,9e-05,False
1785949214.675,64687.24,8e-05,False
1785949214.675,64687.24,9e-05,False
1785949214.675,64687.24,9e-05,False
1785949214.675,64687.24,8e-05,False
1785949214.675,64687.24,8e-05,False
1785949214.675,64687.25,9e-05,False
1785949214.675,64687.25,9e-05,False
1785949214.675,64687.27,9e-05,False
1785949214.675,64687.27,9e-05,False
1785949214.675,64687.27,9e-05,False
1785949214.675,64687.28,0.0172,False
1785949214.675,64687.28,9e-05,False
1785949214.675,64687.28,9e-05,False
1785949214.675,64687.28,8e-05,False
1785949214.675,64687.28,8e-05,False
1785949214.675,64687.35,0.00012,False
1785949214.675,64687.41,9e-05,False
1785949214.675,64687.66,9e-05,False
1785949214.675,64687.66,9e-05,False
1785949214.675,64687.92,8e-05,False
1785949214.675,64687.92,0.00219,False
1785949214.675,64687.99,9e-05,False
1785949214.675,64687.99,9e-05,False
1785949214.675,64687.99,9e-05,False
1785949214.675,64688.0,0.007,False
1785949214.675,64688.0,0.005,False
1785949214.675,64688.0,0.006,False
1785949214.675,64688.0,0.008,False
1785949214.675,64688.0,9e-05,False
1785949214.675,64688.07,0.0019,False
1785949214.675,64688.3,9e-05,False
1785949214.675,64688.3,3e-05,False
1785949214.675,64688.3,6e-05,False
1785949214.675,64688.33,0.00047,False
1785949214.675,64688.37,9e-05,False
1785949214.675,64688.45,9e-05,False
1785949214.675,64688.46,9e-05,False
1785949214.675,64688.7,8e-05,False
1785949214.675,64688.71,0.00048,False
1785949214.675,64688.93,9e-05,False
1785949214.675,64688.93,9e-05,False
1785949214.675,64688.93,9e-05,False
1785949214.675,64689.03,9e-05,False
1785949214.675,64689.03,9e-05,False
1785949214.675,64689.03,9e-05,False
1785949214.675,64689.04,0.01669,False
1785949214.675,64689.21,0.00146,False
1785949214.675,64689.26,8e-05,False
1785949214.675,64689.3,9e-05,False
1785949214.679,64689.51,0.00012,False
1785949214.689,64689.51,7e-05,False
1785949214.689,64689.51,8e-05,False
1785949214.689,64689.51,9e-05,False
1785949214.689,64689.51,9e-05,False
1785949214.689,64689.51,0.003,False
1785949214.689,64689.51,0.003,False
1785949214.689,64689.51,8e-05,False
1785949214.689,64689.51,0.003,False
1785949214.689,64689.51,8e-05,False
1785949214.689,64689.56,8e-05,False
1785949214.689,64689.56,8e-05,False
1785949214.689,64689.56,8e-05,False
1785949214.689,64689.56,8e-05,False
1785949214.689,64689.72,0.0001,False
1785949214.7,64689.99,9e-05,False
1785949214.7,64689.99,9e-05,False
1785949214.7,64689.99,9e-05,False
1785949214.7,64689.99,9e-05,False
1785949214.7,64689.99,8e-05,False
1785949214.7,64689.99,8e-05,False
1785949214.7,64689.99,8e-05,False
1785949214.7,64689.99,8e-05,False
1785949214.7,64689.99,8e-05,False
1785949214.7,64689.99,0.19154,False
1785949214.7,64689.99,8e-05,False
1785949214.7,64689.99,9e-05,False
1785949214.7,64689.99,8e-05,False
1785949214.7,64690.0,0.007,False
1785949214.7,64690.0,0.006,False
1785949214.7,64690.0,0.008,False
1785949214.7,64690.0,0.01,False
1785949214.7,64690.0,0.005,False
1785949214.7,64690.0,0.0025,False
1785949214.7,64690.0,8e-05,False
1785949214.7,64690.16,8e-05,False
1785949214.7,64690.16,8e-05,False
1785949214.7,64690.4,8e-05,False
1785949214.7,64690.44,9e-05,False
1785949214.7,64690.64,9e-05,False
1785949214.7,64691.13,8e-05,False
1785949214.7,64691.37,8e-05,False
1785949214.7,64691.6,0.00185,False
1785949214.7,64691.99,9e-05,False
1785949214.7,64691.99,9e-05,False
1785949214.7,64691.99,9e-05,False
1785949214.7,64692.0,0.007,False
1785949214.7,64692.0,0.006,False
1785949214.7,64692.0,0.008,False
1785949214.7,64692.0,0.005,False
1785949214.7,64692.01,8e-05,False
1785949214.7,64692.36,9e-05,False
1785949214.7,64692.36,9e-05,False
1785949214.7,64692.36,9e-05,False
1785949214.894,64692.9,0.00147,False
1785949214.894,64692.9,8e-05,False
1785949214.895,64692.9,8e-05,False
1785949214.895,64692.9,8e-05,False
1785949214.895,64692.9,8e-05,False
1785949214.895,64692.9,8e-05,False
1785949214.895,64692.9,8e-05,False
1785949214.895,64692.9,8e-05,False
1785949214.895,64692.9,8e-05,False
1785949214.895,64692.9,8e-05,False
1785949214.895,64692.9,9e-05,False
1785949214.895,64692.9,8e-05,False
1785949214.895,64692.9,8e-05,False
1785949214.895,64692.9,0.00016,False
1785949214.895,64692.9,0.00016,False
1785949214.895,64692.9,8e-05,False
1785949214.895,64692.9,8e-05,False
1785949214.895,64692.9,8e-05,False
1785949214.895,64692.9,8e-05,False
1785949214.895,64692.9,9e-05,False
1785949214.895,64692.9,8e-05,False
1785949214.895,64692.9,8e-05,False
1785949214.895,64692.9,8e-05,False
1785949214.895,64692.9,8e-05,False
1785949214.895,64692.9,8e-05,False
1785949214.895,64692.9,8e-05,False
1785949214.895,64692.9,8e-05,False
1785949214.895,64692.9,8e-05,False
1785949214.895,64692.9,8e-05,False
1785949214.895,64692.9,8e-05,False
1785949214.895,64692.9,8e-05,False
1785949214.895,64692.9,8e-05,False
1785949214.895,64692.9,8e-05,False
1785949214.895,64692.9,8e-05,False
1785949214.895,64692.9,8e-05,False
1785949214.895,64692.91,8e-05,False
1785949214.895,64692.91,8e-05,False
1785949214.895,64692.91,8e-05,False
1785949214.895,64692.91,8e-05,False
1785949214.895,64692.91,9e-05,False
1785949214.895,64692.91,9e-05,False
1785949214.895,64692.91,8e-05,False
1785949214.895,64692.91,8e-05,False
1785949214.895,64692.91,8e-05,False
1785949214.895,64692.91,8e-05,False
1785949214.895,64693.44,9e-05,False
1785949214.895,64693.56,8e-05,False
1785949214.895,64693.56,8e-05,False
1785949214.895,64693.67,9e-05,False
1785949214.895,64693.67,8e-05,False
1785949214.895,64693.67,8e-05,False
1785949214.895,64693.99,9e-05,False
1785949214.895,64693.99,9e-05,False
1785949214.895,64693.99,9e-05,False
1785949214.895,64694.0,0.005,False
1785949214.895,64694.0,0.0045,False
1785949214.896,64694.0,0.0025,False
1785949214.896,64694.0,0.006,False
1785949214.896,64694.0,0.008,False
1785949214.896,64694.0,9e-05,False
1785949214.896,64694.0,9e-05,False
1785949214.896,64694.01,0.001,False
1785949214.896,64694.23,8e-05,False
1785949214.896,64694.23,8e-05,False
1785949214.896,64694.29,0.00602,False
1785949214.896,64694.29,9e-05,False
1785949214.896,64694.29,9e-05,False
1785949214.896,64694.29,0.00428,False
1785949214.896,64694.34,8e-05,False
1785949214.896,64695.47,8e-05,False
1785949214.896,64695.47,8e-05,False
1785949214.896,64695.59,0.00356,False
1785949214.896,64695.65,9e-05,False
1785949214.896,64695.65,9e-05,False
1785949214.896,64695.65,9e-05,False
1785949215.004,64695.66,8e-05,False
1785949215.004,64695.66,8e-05,False
1785949215.004,64695.66,1e-05,False
1785949215.225,64695.66,8e-05,False
1785949215.225,64695.66,8e-05,False
1785949215.225,64695.66,1e-05,False
1785949215.415,64695.65,9e-05,True
1785949215.571,64695.65,0.00086,True
1785949216.171,64695.65,0.0063,True
1785949216.178,64695.65,0.0063,True
1785949216.185,64695.65,0.0063,True
1785949216.192,64695.65,0.0001,True
1785949216.283,64695.65,9e-05,True
1785949216.283,64695.65,8e-05,True
1785949216.283,64695.65,8e-05,True
1785949216.283,64695.65,0.00016,True
1785949216.283,64695.65,8e-05,True
1785949216.283,64695.65,8e-05,True
1785949216.283,64695.65,8e-05,True
1785949216.283,64695.65,8e-05,True
1785949216.283,64695.65,8e-05,True
1785949216.283,64695.65,0.00772,True
1785949216.283,64695.65,0.00047,True
1785949216.283,64695.65,8e-05,True
1785949216.283,64695.65,0.00505,True
1785949216.283,64695.65,9e-05,True
1785949216.283,64695.65,9e-05,True
1785949216.283,64695.65,9e-05,True
1785949216.283,64695.65,9e-05,True
1785949216.283,64695.65,9e-05,True
1785949216.283,64695.65,9e-05,True
1785949216.283,64695.65,9e-05,True
1785949216.283,64695.65,9e-05,True
1785949216.283,64695.65,8e-05,True
1785949216.283,64695.65,8e-05,True
1785949216.283,64695.65,8e-05,True
1785949216.283,64695.65,8e-05,True
1785949216.283,64695.65,8e-05,True
1785949216.283,64695.65,8e-05,True
1785949216.283,64695.65,8e-05,True
1785949216.283,64695.65,8e-05,True
1785949216.283,64695.64,9e-05,True
1785949216.283,64695.64,9e-05,True
1785949216.283,64695.64,0.00016,True
1785949216.283,64695.64,0.00248,True
1785949216.283,64695.63,0.00016,True
1785949216.283,64695.46,8e-05,True
1785949216.283,64695.46,8e-05,True
1785949216.283,64694.38,0.00014,True
1785949216.283,64694.35,0.0042,True
1785949216.283,64694.34,8e-05,True
1785949216.283,64694.24,9e-05,True
1785949216.283,64694.24,9e-05,True
1785949216.283,64694.24,9e-05,True
1785949216.283,64694.23,0.01669,True
1785949216.283,64694.23,0.00185,True
1785949216.283,64694.23,9e-05,True
1785949216.283,64694.23,9e-05,True
1785949216.283,64694.0,0.00023,True
1785949216.283,64693.99,8e-05,True
1785949216.283,64693.99,8e-05,True
1785949216.283,64693.99,8e-05,True
1785949216.283,64693.99,8e-05,True
1785949216.283,64693.99,8e-05,True
1785949216.283,64693.94,8e-05,True
1785949216.283,64693.06,0.00336,True
1785949216.283,64692.89,8e-05,True
1785949216.283,64692.89,8e-05,True
1785949216.283,64692.89,0.00017,True
1785949216.283,64692.89,8e-05,True
1785949216.283,64692.89,8e-05,True
1785949216.283,64692.89,8e-05,True
1785949216.283,64692.89,8e-05,True
1785949216.283,64692.89,8e-05,True
1785949216.283,64692.89,8e-05,True
1785949216.283,64692.89,8e-05,True
1785949216.283,64692.89,8e-05,True
1785949216.283,64692.37,0.00023,True
1785949216.283,64692.36,8e-05,True
1785949216.283,64692.36,8e-05,True
1785949216.308,64692.0,8e-05,True
1785949216.308,64692.0,0.007,True
1785949216.308,64692.0,9e-05,True
1785949216.308,64692.0,9e-05,True
1785949216.308,64692.0,8e-05,True
1785949216.308,64692.0,8e-05,True
1785949216.308,64692.0,8e-05,True
1785949216.308,64692.0,9e-05,True
1785949216.308,64692.0,8e-05,True
1785949216.308,64692.0,8e-05,True
1785949216.308,64692.0,8e-05,True
1785949216.308,64691.99,9e-05,True
1785949216.308,64691.99,9e-05,True
1785949216.31,64691.76,0.00252,True
1785949216.31,64691.76,8e-05,True
1785949216.31,64691.76,8e-05,True
1785949216.31,64691.48,9e-05,True
1785949216.31,64691.48,9e-05,True
1785949216.31,64691.13,8e-05,True
1785949216.31,64690.47,0.00168,True
1785949216.31,64690.33,0.00013,True
1785949216.611,64690.01,0.00022,False
1785949216.845,64690.01,0.00012,False
1785949216.992,64690.01,0.01035,False
1785949216.993,64690.01,0.01975,False
1785949217.104,64690.0,0.00017,True
1785949217.48,64690.0,0.00683,True
1785949217.48,64690.0,8e-05,True
1785949217.48,64690.0,8e-05,True
1785949217.48,64690.0,8e-05,True
1785949217.48,64690.0,8e-05,True
1785949217.48,64690.0,0.00016,True
1785949217.48,64690.0,9e-05,True
1785949217.48,64690.0,9e-05,True
1785949217.48,64690.0,9e-05,True
1785949217.48,64690.0,8e-05,True
1785949217.48,64690.0,0.012,True
1785949217.48,64690.0,8e-05,True
1785949217.48,64690.0,8e-05,True
1785949217.48,64690.0,8e-05,True
1785949217.48,64690.0,8e-05,True
1785949217.48,64690.0,8e-05,True
1785949217.48,64690.0,8e-05,True
1785949217.48,64690.0,8e-05,True
1785949217.48,64690.0,8e-05,True
1785949217.48,64690.0,8e-05,True
1785949217.48,64690.0,8e-05,True
1785949217.48,64690.0,8e-05,True
1785949217.48,64690.0,8e-05,True
1785949217.48,64690.0,8e-05,True
1785949217.48,64690.0,0.01,True
1785949217.48,64690.0,8e-05,True
1785949217.48,64690.0,9e-05,True
1785949217.48,64690.0,8e-05,True
1785949217.48,64690.0,8e-05,True
1785949217.48,64689.99,9e-05,True
1785949217.48,64689.99,9e-05,True
1785949217.48,64689.99,8e-05,True
1785949217.48,64689.99,8e-05,True
1785949217.48,64689.99,8e-05,True
1785949217.48,64689.99,8e-05,True
1785949217.48,64689.99,8e-05,True
1785949217.48,64689.99,8e-05,True
1785949217.48,64689.99,8e-05,True
1785949217.48,64689.99,8e-05,True
1785949217.48,64689.98,8e-05,True
1785949217.48,64689.98,8e-05,True
1785949217.48,64689.98,8e-05,True
1785949217.48,64689.98,8e-05,True
1785949217.48,64689.98,8e-05,True
1785949217.48,64689.95,0.00492,True
1785949217.48,64689.83,8e-05,True
1785949217.48,64689.83,8e-05,True
1785949217.48,64689.5,8e-05,True
1785949217.48,64689.5,8e-05,True
1785949217.48,64688.65,0.0041,True
1785949217.48,64688.5,0.00011,True
1785949217.48,64688.16,8e-05,True
1785949217.48,64688.01,9e-05,True
1785949217.48,64688.01,9e-05,True
1785949217.48,64688.01,9e-05,True
1785949217.48,64688.0,0.007,True
1785949217.48,64688.0,0.006,True
1785949217.48,64688.0,9e-05,True
1785949217.48,64688.0,9e-05,True
1785949217.48,64687.92,8e-05,True
1785949217.48,64687.46,8e-05,True
1785949217.48,64687.46,8e-05,True
1785949217.48,64687.46,8e-05,True
1785949217.48,64687.46,8e-05,True
1785949217.48,64687.46,8e-05,True
1785949217.48,64687.36,0.00328,True
1785949217.48,64687.25,9e-05,True
1785949217.48,64687.25,9e-05,True
1785949217.48,64687.25,9e-05,True
1785949217.484,64687.24,0.00023,True
1785949217.484,64687.24,9e-05,True
1785949217.484,64687.24,9e-05,True
1785949217.484,64687.24,8e-05,True
1785949217.484,64687.24,8e-05,True
1785949217.484,64687.24,8e-05,True
1785949217.484,64687.24,0.09289,True
1785949217.484,64687.24,8e-05,True
1785949217.484,64687.24,8e-05,True
1785949217.484,64687.24,8e-05,True
1785949217.484,64687.24,0.44161,True
1785949217.484,64687.24,8e-05,True
1785949217.484,64687.24,8e-05,True
1785949217.484,64687.24,8e-05,True
1785949217.484,64687.24,8e-05,True
1785949217.484,64687.24,8e-05,True
1785949217.484,64687.24,8e-05,True
1785949217.484,64687.24,8e-05,True
1785949217.484,64687.24,8e-05,True
1785949217.484,64687.24,8e-05,True
1785949217.484,64687.24,9e-05,True
1785949217.484,64687.24,8e-05,True
1785949217.486,64687.23,9e-05,True
1785949217.486,64687.23,9e-05,True
1785949217.486,64687.23,8e-05,True
1785949217.486,64687.23,8e-05,True
1785949217.486,64687.23,9e-05,True
1785949217.486,64687.23,9e-05,True
1785949217.486,64687.23,8e-05,True
1785949217.486,64687.23,8e-05,True
1785949217.486,64687.23,8e-05,True
1785949217.486,64687.23,8e-05,True
1785949217.486,64687.23,8e-05,True
1785949217.486,64687.23,0.06871,True
1785949217.49,64687.23,8e-05,True
1785949217.49,64687.23,8e-05,True
1785949217.49,64687.23,8e-05,True
1785949217.49,64687.23,8e-05,True
1785949217.49,64687.23,8e-05,True
1785949217.49,64687.23,8e-05,True
1785949217.49,64687.23,8e-05,True
1785949217.49,64687.23,8e-05,True
1785949217.49,64687.23,8e-05,True
1785949217.49,64687.23,8e-05,True
1785949217.49,64687.23,8e-05,True
1785949217.49,64687.23,8e-05,True
1785949217.49,64687.23,8e-05,True
1785949217.49,64687.23,8e-05,True
1785949217.49,64687.23,0.00016,True
1785949217.49,64687.23,9e-05,True
1785949217.49,64687.23,8e-05,True
1785949217.49,64687.23,9e-05,True
1785949217.49,64687.23,8e-05,True
1785949217.49,64687.23,8e-05,True
1785949217.49,64687.23,8e-05,True
1785949217.49,64687.23,8e-05,True
1785949217.49,64687.23,8e-05,True
1785949217.49,64687.23,8e-05,True
1785949217.49,64687.22,8e-05,True
1785949217.49,64687.22,9e-05,True
1785949217.49,64687.22,8e-05,True
1785949217.49,64687.22,8e-05,True
1785949217.49,64687.22,9e-05,True
1785949217.49,64687.22,8e-05,True
1785949217.49,64687.22,8e-05,True
1785949217.49,64687.22,8e-05,True
1785949217.49,64687.22,8e-05,True
1785949217.49,64687.22,0.00016,True
1785949217.49,64687.21,9e-05,True
1785949217.49,64687.07,9e-05,True
1785949217.49,64687.07,9e-05,True
1785949217.49,64687.07,9e-05,True
1785949217.725,64687.06,8e-05,True
1785949217.725,64687.06,8e-05,True
1785949217.725,64687.06,8e-05,True
1785949217.725,64687.06,8e-05,True
1785949217.725,64687.06,0.00465,True
1785949217.949,64687.06,0.0543,True
1785949220.445,64687.06,8e-05,True
1785949220.445,64687.06,8e-05,True
1785949220.445,64687.06,9e-05,True
1785949220.445,64687.06,9e-05,True
1785949220.445,64687.06,9e-05,True
1785949220.445,64687.06,8e-05,True
1785949220.445,64687.06,8e-05,True
1785949220.445,64687.06,8e-05,True
1785949220.445,64687.06,8e-05,True
1785949220.445,64687.06,8e-05,True
1785949220.445,64687.06,8e-05,True
1785949220.445,64687.06,8e-05,True
1785949220.445,64687.06,8e-05,True
1785949220.445,64687.06,8e-05,True
1785949220.445,64687.06,8e-05,True
1785949220.445,64687.06,8e-05,True
1785949220.445,64687.06,8e-05,True
1785949220.445,64687.06,0.0001,True
1785949220.445,64687.06,9e-05,True
1785949220.445,64687.06,9e-05,True
1785949220.445,64687.06,8e-05,True
1785949220.445,64687.06,0.01,True
1785949220.445,64687.06,0.00016,True
1785949220.445,64687.06,8e-05,True
1785949220.445,64687.06,8e-05,True
1785949220.445,64687.06,8e-05,True
1785949220.445,64687.06,9e-05,True
1785949220.445,64687.06,8e-05,True
1785949220.445,64687.06,8e-05,True
1785949220.445,64687.06,8e-05,True
1785949220.445,64687.06,8e-05,True
1785949220.445,64687.06,8e-05,True
1785949220.445,64687.06,8e-05,True
1785949220.445,64687.06,8e-05,True
1785949220.445,64687.06,8e-05,True
1785949220.445,64687.06,8e-05,True
1785949220.445,64687.06,8e-05,True
1785949220.445,64687.06,8e-05,True
1785949220.445,64687.06,8e-05,True
1785949220.445,64687.06,8e-05,True
1785949220.445,64687.05,9e-05,True
1785949220.445,64687.05,8e-05,True
1785949220.445,64687.05,9e-05,True
1785949220.445,64687.05,8e-05,True
1785949220.445,64687.05,8e-05,True
1785949220.445,64687.05,8e-05,True
1785949220.445,64687.05,8e-05,True
1785949220.445,64687.05,8e-05,True
1785949220.445,64687.05,8e-05,True
1785949220.445,64687.05,8e-05,True
1785949220.445,64687.05,0.00016,True
1785949220.445,64687.05,8e-05,True
1785949220.445,64687.04,0.00016,True
1785949220.445,64686.82,0.00483,True
1785949220.445,64686.24,8e-05,True
1785949220.445,64686.09,0.00017,True
1785949220.445,64686.02,9e-05,True
1785949220.448,64686.01,9e-05,True
1785949220.448,64686.01,9e-05,True
1785949220.448,64686.01,8e-05,True
1785949220.448,64686.01,8e-05,True
1785949220.448,64686.01,8e-05,True
1785949220.448,64686.01,8e-05,True
1785949220.448,64686.01,9e-05,True
1785949220.448,64686.01,8e-05,True
1785949221.101,64686.0,0.0001,True
1785949221.314,64686.0,0.0002,True
1785949221.391,64686.01,0.00018,False
1785949221.514,64686.01,0.00162,False
1785949222.098,64686.0,0.0067,True
1785949222.098,64686.0,0.006,True
1785949222.098,64686.0,0.02,True
1785949222.098,64686.0,9e-05,True
1785949222.098,64686.0,9e-05,True
1785949222.098,64686.0,0.032,True
1785949222.098,64686.0,8e-05,True
1785949222.098,64686.0,8e-05,True
1785949222.098,64686.0,8e-05,True
1785949222.098,64686.0,8e-05,True
1785949222.098,64686.0,8e-05,True
1785949222.098,64686.0,8e-05,True
1785949222.098,64686.0,8e-05,True
1785949222.098,64686.0,8e-05,True
1785949222.098,64686.0,8e-05,True
1785949222.098,64686.0,8e-05,True
1785949222.098,64686.0,8e-05,True
1785949222.098,64686.0,9e-05,True
1785949222.098,64686.0,8e-05,True
1785949222.098,64686.0,0.00017,True
1785949222.098,64686.0,8e-05,True
1785949222.098,64686.0,8e-05,True
1785949222.098,64686.0,8e-05,True
1785949222.098,64686.0,8e-05,True
1785949222.098,64686.0,8e-05,True
1785949222.098,64686.0,0.01,True
1785949222.098,64686.0,9e-05,True
1785949222.098,64686.0,0.0001,True
1785949222.098,64686.0,0.00016,True
1785949222.098,64686.0,8e-05,True
1785949222.098,64686.0,8e-05,True
1785949222.098,64686.0,8e-05,True
1785949222.098,64685.99,8e-05,True
1785949222.098,64685.99,8e-05,True
1785949222.098,64685.99,9e-05,True
1785949222.098,64685.99,8e-05,True
1785949222.098,64685.99,9e-05,True
1785949222.098,64685.99,8e-05,True
1785949222.098,64685.99,8e-05,True
1785949222.098,64685.99,8e-05,True
1785949222.098,64685.99,8e-05,True
1785949222.098,64685.99,8e-05,True
1785949222.098,64685.99,0.00016,True
1785949222.098,64685.98,0.00016,True
1785949222.098,64685.68,0.00479,True
1785949222.098,64684.71,8e-05,True
1785949222.098,64684.38,0.00399,True
1785949222.098,64684.31,8e-05,True
1785949222.1,64684.16,0.00744,True
1785949222.1,64684.16,9e-05,True
1785949222.1,64684.16,9e-05,True
1785949222.1,64684.16,8e-05,True
1785949222.1,64684.16,8e-05,True
1785949222.1,64684.16,8e-05,True
1785949222.1,64684.16,8e-05,True
1785949222.1,64684.16,8e-05,True
1785949222.1,64684.16,8e-05,True
1785949222.1,64684.01,9e-05,True
1785949222.1,64684.01,9e-05,True
1785949222.1,64684.01,9e-05,True
1785949222.271,64684.0,0.007,True
1785949222.271,64684.0,0.006,True
1785949222.271,64684.0,0.005,True
1785949222.271,64684.0,0.008,True
1785949222.271,64684.0,9e-05,True
1785949222.271,64684.0,9e-05,True
1785949222.271,64684.0,8e-05,True
1785949222.271,64684.0,8e-05,True
1785949222.271,64684.0,8e-05,True
1785949222.271,64684.0,8e-05,True
1785949222.271,64684.0,8e-05,True
1785949222.271,64684.0,8e-05,True
1785949222.271,64684.0,9e-05,True
1785949222.271,64684.0,8e-05,True
1785949222.271,64684.0,8e-05,True
1785949222.271,64684.0,8e-05,True
1785949222.271,64684.0,8e-05,True
1785949222.271,64684.0,8e-05,True
1785949222.271,64684.0,8e-05,True
1785949222.271,64684.0,8e-05,True
1785949222.271,64684.0,8e-05,True
1785949222.271,64684.0,8e-05,True
1785949222.271,64683.99,8e-05,True
1785949222.271,64683.99,9e-05,True
1785949222.271,64683.99,8e-05,True
1785949222.271,64683.99,8e-05,True
1785949222.271,64683.99,9e-05,True
1785949222.271,64683.99,8e-05,True
1785949222.271,64683.99,8e-05,True
1785949222.271,64683.99,8e-05,True
1785949222.271,64683.99,8e-05,True
1785949222.271,64683.98,9e-05,True
1785949222.271,64683.54,0.00473,True
1785949222.271,64683.05,0.00019,True
1785949222.271,64682.24,0.00394,True
1785949222.271,64682.01,9e-05,True
1785949222.271,64682.01,9e-05,True
1785949222.271,64682.01,9e-05,True
1785949222.294,64682.0,0.0001,True
1785949223.042,64682.01,0.00013,False
1785949223.245,64682.01,0.00057,False
1785949223.785,64682.0,0.0069,True
1785949223.785,64682.0,0.006,True
1785949223.785,64682.0,0.005,True
1785949223.785,64682.0,0.008,True
1785949223.785,64682.0,8e-05,True
1785949223.785,64682.0,8e-05,True
1785949223.785,64682.0,8e-05,True
1785949223.785,64682.0,8e-05,True
1785949223.785,64682.0,8e-05,True
1785949223.785,64682.0,8e-05,True
1785949223.785,64682.0,8e-05,True
1785949223.785,64682.0,8e-05,True
1785949223.785,64682.0,9e-05,True
1785949223.785,64682.0,8e-05,True
1785949223.785,64682.0,9e-05,True
1785949223.785,64682.0,9e-05,True
1785949223.785,64682.0,8e-05,True
1785949223.785,64682.0,8e-05,True
1785949223.785,64682.0,8e-05,True
1785949223.785,64682.0,8e-05,True
1785949223.785,64682.0,8e-05,True
1785949223.785,64682.0,0.01,True
1785949223.785,64682.0,8e-05,True
1785949223.785,64682.0,8e-05,True
1785949223.785,64682.0,8e-05,True
1785949223.785,64682.0,8e-05,True
1785949223.785,64682.0,8e-05,True
1785949223.785,64682.0,8e-05,True
1785949223.785,64682.0,8e-05,True
1785949223.785,64682.0,0.0001,True
1785949223.785,64682.0,9e-05,True
1785949223.785,64682.0,8e-05,True
1785949223.785,64682.0,8e-05,True
1785949223.785,64682.0,8e-05,True
1785949223.785,64682.0,8e-05,True
1785949223.785,64681.99,9e-05,True
1785949223.785,64681.99,9e-05,True
1785949223.785,64681.99,8e-05,True
1785949223.785,64681.99,8e-05,True
1785949223.785,64681.99,8e-05,True
1785949223.785,64681.99,8e-05,True
1785949223.785,64681.99,8e-05,True
1785949223.785,64681.99,8e-05,True
1785949223.785,64681.99,8e-05,True
1785949223.785,64681.99,8e-05,True
1785949223.785,64681.99,8e-05,True
1785949223.787,64681.5,8e-05,True
1785949223.787,64681.5,8e-05,True
1785949223.787,64681.5,8e-05,True
1785949223.787,64681.5,8e-05,True
1785949223.787,64681.5,8e-05,True
1785949223.787,64681.5,8e-05,True
1785949223.787,64681.5,8e-05,True
1785949223.787,64681.5,8e-05,True
1785949223.787,64681.5,8e-05,True
1785949223.787,64681.49,9e-05,True
1785949223.787,64681.49,9e-05,True
1785949223.787,64681.41,0.00466,True
1785949223.787,64681.1,8e-05,True
1785949223.787,64680.75,9e-05,True
1785949223.802,64680.57,0.00386,True
1785949223.809,64680.57,9e-05,True
1785949223.809,64680.57,9e-05,True
1785949223.809,64680.57,8e-05,True
1785949223.809,64680.57,8e-05,True
1785949223.809,64680.57,8e-05,True
1785949223.809,64680.57,8e-05,True
1785949223.809,64680.57,8e-05,True
1785949223.809,64680.57,8e-05,True
1785949223.809,64680.57,8e-05,True
1785949223.809,64680.57,8e-05,True
1785949223.809,64680.57,8e-05,True
1785949223.809,64680.57,8e-05,True
1785949223.809,64680.57,8e-05,True
1785949223.809,64680.57,8e-05,True
1785949223.809,64680.57,9e-05,True
1785949223.809,64680.57,8e-05,True
1785949223.809,64680.57,8e-05,True
1785949223.809,64680.57,8e-05,True
1785949223.809,64680.56,9e-05,True
1785949223.809,64680.56,9e-05,True
1785949223.809,64680.56,8e-05,True
1785949223.809,64680.56,8e-05,True
1785949223.809,64680.56,8e-05,True
1785949223.809,64680.56,8e-05,True
1785949223.809,64680.56,8e-05,True
1785949223.809,64680.56,8e-05,True
1785949223.809,64680.56,8e-05,True
1785949223.809,64680.46,8e-05,True
1785949223.809,64680.11,0.00388,True
1785949223.809,64680.01,9e-05,True
1785949223.809,64680.01,9e-05,True
1785949223.809,64680.01,9e-05,True
1785949223.811,64680.0,0.0001,True
1785949223.838,64680.0,0.0099,True
1785949223.838,64680.0,0.0003,True
1785949223.838,64680.0,0.0077,True
1785949223.838,64680.0,9e-05,True
1785949223.838,64680.0,0.007,True
1785949223.838,64680.0,0.006,True
1785949223.838,64680.0,0.005,True
1785949223.838,64680.0,9e-05,True
1785949223.838,64680.0,9e-05,True
1785949223.838,64680.0,8e-05,True
1785949223.838,64680.0,8e-05,True
1785949223.838,64680.0,8e-05,True
1785949223.838,64680.0,8e-05,True
1785949223.838,64680.0,8e-05,True
1785949223.838,64680.0,8e-05,True
1785949223.838,64680.0,8e-05,True
1785949223.838,64680.0,8e-05,True
1785949223.838,64680.0,8e-05,True
1785949223.838,64680.0,8e-05,True
1785949223.838,64680.0,8e-05,True
1785949223.838,64680.0,9e-05,True
1785949223.838,64680.0,8e-05,True
1785949223.838,64680.0,8e-05,True
1785949223.838,64679.99,8e-05,True
1785949223.838,64679.99,9e-05,True
1785949223.838,64679.99,8e-05,True
1785949223.838,64679.99,9e-05,True
1785949223.838,64679.99,8e-05,True
1785949223.838,64679.99,8e-05,True
1785949223.838,64679.99,8e-05,True
1785949223.838,64679.99,8e-05,True
1785949223.838,64679.99,8e-05,True
1785949223.838,64679.12,0.00154,True
1785949223.838,64678.82,0.00311,True
1785949223.843,64678.29,8e-05,True
1785949223.843,64678.29,8e-05,True
1785949223.843,64678.29,8e-05,True
1785949223.843,64678.29,8e-05,True
1785949223.843,64678.29,8e-05,True
1785949223.843,64678.29,8e-05,True
1785949223.843,64678.29,8e-05,True
1785949223.843,64678.29,8e-05,True
1785949223.843,64678.29,8e-05,True
1785949223.843,64678.29,8e-05,True
1785949223.843,64678.29,8e-05,True
1785949223.843,64678.29,8e-05,True
1785949223.843,64678.28,9e-05,True
1785949223.843,64678.28,8e-05,True
1785949223.843,64678.28,9e-05,True
1785949223.843,64678.28,8e-05,True
1785949223.843,64678.28,8e-05,True
1785949223.843,64678.28,8e-05,True
1785949223.843,64678.01,9e-05,True
1785949223.843,64678.01,9e-05,True
1785949223.843,64678.01,9e-05,True
1785949223.88,64678.0,0.00022,True
1785949223.88,64678.0,0.008,True
1785949223.88,64678.0,0.007,True
1785949223.88,64678.0,0.006,True
1785949223.88,64678.0,0.005,True
1785949223.88,64678.0,9e-05,True
1785949223.88,64678.0,9e-05,True
1785949223.88,64678.0,8e-05,True
1785949223.88,64678.0,8e-05,True
1785949223.88,64678.0,8e-05,True
1785949223.88,64678.0,8e-05,True
1785949223.88,64678.0,8e-05,True
1785949223.88,64678.0,8e-05,True
1785949223.88,64678.0,8e-05,True
1785949223.88,64678.0,8e-05,True
1785949223.88,64678.0,8e-05,True
1785949223.88,64678.0,8e-05,True
1785949223.88,64678.0,8e-05,True
1785949223.88,64678.0,8e-05,True
1785949223.88,64678.0,0.1119,True
1785949223.88,64678.0,9e-05,True
1785949223.88,64678.0,8e-05,True
1785949223.88,64678.0,8e-05,True
1785949223.88,64678.0,8e-05,True
1785949223.88,64678.0,8e-05,True
1785949223.88,64678.0,8e-05,True
1785949223.88,64678.0,8e-05,True
1785949223.88,64677.99,9e-05,True
1785949223.88,64677.99,8e-05,True
1785949223.88,64677.99,8e-05,True
1785949223.88,64677.99,8e-05,True
1785949223.88,64677.99,9e-05,True
1785949223.88,64677.99,8e-05,True
1785949223.881,64677.52,9e-05,True
1785949223.881,64677.25,0.00075,True
1785949223.881,64676.59,0.00019,True
1785949223.881,64676.04,8e-05,True
1785949223.881,64676.04,9e-05,True
1785949223.881,64676.04,9e-05,True
1785949223.881,64676.04,8e-05,True
1785949223.881,64676.04,9e-05,True
1785949223.979,64676.03,0.01453,True
1785949223.979,64676.03,9e-05,True
1785949223.979,64676.03,9e-05,True
1785949223.979,64676.03,8e-05,True
1785949223.979,64676.03,8e-05,True
1785949223.979,64676.03,8e-05,True
1785949223.979,64676.03,8e-05,True
1785949223.979,64676.03,8e-05,True
1785949223.979,64676.03,8e-05,True
1785949223.979,64676.03,8e-05,True
1785949223.979,64676.03,8e-05,True
1785949223.979,64676.03,8e-05,True
1785949223.979,64676.03,8e-05,True
1785949223.979,64676.03,8e-05,True
1785949223.979,64676.03,8e-05,True
1785949223.979,64676.03,8e-05,True
1785949223.979,64676.03,9e-05,True
1785949223.979,64676.03,8e-05,True
1785949223.979,64676.03,8e-05,True
1785949223.979,64676.03,8e-05,True
1785949223.979,64676.03,8e-05,True
1785949223.979,64676.03,8e-05,True
1785949223.979,64676.03,8e-05,True
1785949223.979,64676.03,8e-05,True
1785949223.979,64676.03,8e-05,True
1785949223.979,64676.03,0.1589,True
1785949223.979,64676.03,8e-05,True
1785949223.979,64676.03,8e-05,True
1785949223.979,64676.03,8e-05,True
1785949223.979,64676.02,9e-05,True
1785949223.979,64676.02,8e-05,True
1785949223.979,64676.02,9e-05,True
1785949223.979,64676.02,8e-05,True
1785949223.979,64676.02,8e-05,True
1785949223.979,64676.02,8e-05,True
1785949223.979,64676.02,8e-05,True
1785949223.979,64676.02,8e-05,True
1785949223.979,64676.02,8e-05,True
1785949223.979,64676.02,8e-05,True
1785949223.979,64676.02,8e-05,True
1785949223.979,64676.01,9e-05,True
1785949223.979,64676.01,9e-05,True
1785949223.979,64676.01,9e-05,True
1785949224.499,64676.0,0.006,True
1785949224.499,64676.0,0.00087,True
1785949224.641,64676.01,0.00059,False
1785949224.689,64676.0,0.00613,True
1785949224.689,64676.0,0.0016,True
1785949225.438,64676.0,0.0034,True
1785949225.438,64676.0,0.008,True
1785949225.438,64676.0,8e-05,True
1785949225.438,64676.0,8e-05,True
1785949225.438,64676.0,8e-05,True
1785949225.438,64676.0,8e-05,True
1785949225.438,64676.0,8e-05,True
1785949225.438,64676.0,8e-05,True
1785949225.438,64676.0,8e-05,True
1785949225.438,64676.0,8e-05,True
1785949225.438,64676.0,8e-05,True
1785949225.438,64676.0,8e-05,True
1785949225.438,64676.0,8e-05,True
1785949225.438,64676.0,9e-05,True
1785949225.438,64676.0,8e-05,True
1785949225.438,64676.0,8e-05,True
1785949225.438,64676.0,8e-05,True
1785949225.438,64676.0,8e-05,True
1785949225.438,64676.0,8e-05,True
1785949225.438,64676.0,0.01214,True
1785949225.438,64676.0,9e-05,True
1785949225.438,64676.0,9e-05,True
1785949225.438,64676.0,0.01,True
1785949225.438,64676.0,0.00016,True
1785949225.438,64676.0,9e-05,True
1785949225.438,64676.0,8e-05,True
1785949225.438,64676.0,8e-05,True
1785949225.438,64675.99,8e-05,True
1785949225.438,64675.99,8e-05,True
1785949225.438,64675.99,8e-05,True
1785949225.438,64675.99,8e-05,True
1785949225.438,64675.99,9e-05,True
1785949225.438,64675.99,8e-05,True
1785949225.438,64675.99,8e-05,True
1785949225.438,64675.99,9e-05,True
1785949225.438,64675.99,8e-05,True
1785949225.438,64675.99,8e-05,True
1785949225.438,64675.99,0.00016,True
1785949225.438,64675.98,0.00016,True
1785949225.438,64675.25,0.00457,True
1785949225.438,64675.08,8e-05,True
1785949225.439,64674.82,8e-05,True
1785949225.439,64674.29,9e-05,True
1785949225.439,64674.01,9e-05,True
1785949225.439,64674.01,9e-05,True
1785949225.439,64674.01,9e-05,True
1785949225.439,64674.0,0.006,True
1785949225.439,64674.0,0.007,True
1785949225.439,64674.0,0.005,True
1785949225.439,64674.0,0.008,True
1785949225.439,64674.0,9e-05,True
1785949225.439,64674.0,9e-05,True
1785949225.439,64673.95,0.00381,True
1785949225.439,64673.28,9e-05,True
1785949225.449,64672.66,0.00305,True
1785949225.449,64672.66,8e-05,True
1785949225.449,64672.66,8e-05,True
1785949225.449,64672.66,8e-05,True
1785949225.449,64672.66,8e-05,True
1785949225.449,64672.66,8e-05,True
1785949225.449,64672.66,8e-05,True
1785949225.449,64672.66,8e-05,True
1785949225.449,64672.66,8e-05,True
1785949225.449,64672.66,8e-05,True
1785949225.449,64672.66,8e-05,True
1785949225.449,64672.66,8e-05,True
1785949225.449,64672.66,8e-05,True
1785949225.449,64672.66,8e-05,True
1785949225.449,64672.66,8e-05,True
1785949225.449,64672.66,8e-05,True
1785949225.449,64672.66,8e-05,True
1785949225.449,64672.66,8e-05,True
1785949225.449,64672.66,8e-05,True
1785949225.449,64672.65,9e-05,True
1785949225.449,64672.65,9e-05,True
1785949225.449,64672.65,8e-05,True
1785949225.449,64672.65,8e-05,True
1785949225.449,64672.65,8e-05,True
1785949225.449,64672.65,8e-05,True
1785949225.449,64672.65,8e-05,True
1785949225.449,64672.65,8e-05,True
1785949225.449,64672.65,8e-05,True
1785949225.449,64672.01,9e-05,True
1785949225.449,64672.01,9e-05,True
1785949225.449,64672.01,9e-05,True
1785949225.466,64672.0,0.006,True
1785949225.466,64672.0,0.00437,True
1785949225.77,64672.0,0.00263,True
1785949225.77,64672.0,0.005,True
1785949225.77,64672.0,0.008,True
1785949225.77,64672.0,9e-05,True
1785949225.77,64672.0,9e-05,True
1785949225.77,64672.0,8e-05,True
1785949225.77,64672.0,8e-05,True
1785949225.77,64672.0,8e-05,True
1785949225.77,64672.0,8e-05,True
1785949225.77,64672.0,8e-05,True
1785949225.77,64672.0,0.03926,True
1785949225.77,64672.0,8e-05,True
1785949225.77,64672.0,8e-05,True
1785949225.77,64672.0,8e-05,True
1785949225.77,64672.0,8e-05,True
1785949225.77,64672.0,8e-05,True
1785949225.77,64672.0,8e-05,True
1785949225.77,64672.0,9e-05,True
1785949225.77,64672.0,8e-05,True
1785949225.77,64672.0,9e-05,True
1785949225.77,64672.0,9e-05,True
1785949225.77,64672.0,8e-05,True
1785949225.77,64672.0,8e-05,True
1785949225.77,64672.0,8e-05,True
1785949225.77,64672.0,8e-05,True
1785949225.77,64672.0,0.0001,True
1785949225.77,64672.0,8e-05,True
1785949225.77,64672.0,8e-05,True
1785949225.77,64672.0,8e-05,True
1785949225.77,64672.0,8e-05,True
1785949225.77,64671.99,9e-05,True
1785949225.77,64671.99,9e-05,True
1785949225.77,64671.99,8e-05,True
1785949225.77,64671.99,8e-05,True
1785949225.77,64671.99,8e-05,True
1785949225.77,64671.99,8e-05,True
1785949225.77,64671.99,8e-05,True
1785949225.77,64671.99,8e-05,True
1785949225.77,64671.99,8e-05,True
1785949225.77,64671.99,8e-05,True
1785949225.77,64671.99,8e-05,True
1785949225.77,64671.87,8e-05,True
1785949225.77,64671.54,0.00463,True
1785949225.772,64671.42,8e-05,True
1785949225.772,64671.42,8e-05,True
1785949225.772,64671.42,8e-05,True
1785949225.772,64671.42,8e-05,True
1785949225.772,64671.42,8e-05,True
1785949225.772,64671.06,9e-05,True
1785949225.772,64671.06,8e-05,True
1785949225.772,64671.06,8e-05,True
1785949225.772,64671.05,0.00449,True
1785949225.772,64670.82,8e-05,True
1785949225.772,64670.13,0.00019,True
1785949225.772,64670.01,9e-05,True
1785949225.772,64670.01,9e-05,True
1785949225.772,64670.01,9e-05,True
1785949225.849,64670.01,0.001,False
1785949225.953,64670.0,0.0001,True
1785949226.031,64670.0,0.0079,True
1785949226.031,64670.0,0.006,True
1785949226.031,64670.0,0.007,True
1785949226.031,64670.0,0.005,True
1785949226.031,64670.0,0.01,True
1785949226.031,64670.0,9e-05,True
1785949226.031,64670.0,9e-05,True
1785949226.031,64670.0,8e-05,True
1785949226.031,64670.0,8e-05,True
1785949226.031,64670.0,8e-05,True
1785949226.031,64670.0,8e-05,True
1785949226.031,64670.0,8e-05,True
1785949226.031,64670.0,8e-05,True
1785949226.031,64670.0,8e-05,True
1785949226.031,64670.0,8e-05,True
1785949226.031,64670.0,8e-05,True
1785949226.031,64670.0,8e-05,True
1785949226.031,64670.0,8e-05,True
1785949226.031,64670.0,8e-05,True
1785949226.031,64670.0,9e-05,True
1785949226.031,64670.0,8e-05,True
1785949226.031,64670.0,8e-05,True
1785949226.031,64670.0,8e-05,True
1785949226.031,64670.0,8e-05,True
1785949226.031,64670.0,8e-05,True
1785949226.031,64670.0,8e-05,True
1785949226.031,64670.0,8e-05,True
1785949226.031,64670.0,8e-05,True
1785949226.031,64670.0,8e-05,True
1785949226.031,64669.99,9e-05,True
1785949226.031,64669.99,9e-05,True
1785949226.031,64669.99,8e-05,True
1785949226.031,64669.99,8e-05,True
1785949226.031,64669.99,8e-05,True
1785949226.031,64669.99,8e-05,True
1785949226.031,64669.99,8e-05,True
1785949226.031,64669.99,8e-05,True
1785949226.031,64669.99,8e-05,True
1785949226.031,64669.99,8e-05,True
1785949226.031,64669.99,8e-05,True
1785949226.031,64669.99,8e-05,True
1785949226.031,64669.76,0.00017,True
1785949226.035,64668.98,0.00446,True
1785949226.035,64668.98,8e-05,True
1785949226.035,64668.98,8e-05,True
1785949226.035,64668.98,8e-05,True
1785949226.035,64668.98,8e-05,True
1785949226.035,64668.98,8e-05,True
1785949226.035,64668.98,8e-05,True
1785949226.035,64668.98,0.03031,True
1785949226.035,64668.98,8e-05,True
1785949226.035,64668.98,8e-05,True
1785949226.035,64668.98,8e-05,True
1785949226.035,64668.98,8e-05,True
1785949226.035,64668.98,8e-05,True
1785949226.035,64668.98,0.00016,True
1785949226.035,64668.98,8e-05,True
1785949226.035,64668.98,8e-05,True
1785949226.035,64668.97,9e-05,True
1785949226.035,64668.97,8e-05,True
1785949226.035,64668.97,9e-05,True
1785949226.035,64668.97,8e-05,True
1785949226.035,64668.97,8e-05,True
1785949226.035,64668.97,8e-05,True
1785949226.035,64668.97,8e-05,True
1785949226.035,64668.97,8e-05,True
1785949226.035,64668.94,0.00023,True
1785949226.035,64668.66,8e-05,True
1785949226.035,64668.01,9e-05,True
1785949226.035,64668.01,9e-05,True
1785949226.035,64668.01,9e-05,True
1785949226.174,64668.01,0.00039,False
1785949227.563,64668.01,0.00015,False
1785949227.756,64668.0,0.00017,True
1785949227.81,64668.0,0.0001,True
1785949227.905,64668.0,0.00773,True
1785949227.905,64668.0,0.006,True
1785949227.905,64668.0,0.007,True
1785949227.905,64668.0,0.005,True
1785949227.905,64668.0,0.00023,True
1785949227.905,64668.0,8e-05,True
1785949227.905,64668.0,8e-05,True
1785949227.905,64668.0,8e-05,True
1785949227.905,64668.0,8e-05,True
1785949227.905,64668.0,8e-05,True
1785949227.905,64668.0,8e-05,True
1785949227.905,64668.0,8e-05,True
1785949227.905,64668.0,8e-05,True
1785949227.905,64668.0,8e-05,True
1785949227.905,64668.0,8e-05,True
1785949227.905,64668.0,8e-05,True
1785949227.905,64668.0,9e-05,True
1785949227.905,64668.0,8e-05,True
1785949227.905,64668.0,8e-05,True
1785949227.905,64668.0,8e-05,True
1785949227.905,64668.0,8e-05,True
1785949227.905,64668.0,8e-05,True
1785949227.905,64668.0,8e-05,True
1785949227.905,64668.0,9e-05,True
1785949227.905,64668.0,9e-05,True
1785949227.905,64668.0,8e-05,True
1785949227.905,64668.0,0.01,True
1785949227.905,64668.0,8e-05,True
1785949227.905,64668.0,8e-05,True
1785949227.905,64668.0,0.00016,True
1785949227.905,64668.0,8e-05,True
1785949227.905,64668.0,0.0001,True
1785949227.905,64668.0,8e-05,True
1785949227.905,64668.0,9e-05,True
1785949227.905,64668.0,8e-05,True
1785949227.905,64668.0,9e-05,True
1785949227.905,64668.0,8e-05,True
1785949227.905,64668.0,8e-05,True
1785949227.905,64668.0,8e-05,True
1785949227.905,64668.0,8e-05,True
1785949227.905,64667.99,9e-05,True
1785949227.905,64667.99,9e-05,True
1785949227.905,64667.99,8e-05,True
1785949227.905,64667.99,8e-05,True
1785949227.905,64667.99,8e-05,True
1785949227.905,64667.99,8e-05,True
1785949227.905,64667.99,8e-05,True
1785949227.905,64667.99,8e-05,True
1785949227.905,64667.99,8e-05,True
1785949227.905,64667.99,8e-05,True
1785949227.905,64667.99,0.00016,True
1785949227.905,64667.99,8e-05,True
1785949227.905,64667.99,0.00083,True
1785949227.905,64667.99,8e-05,True
1785949227.905,64667.98,0.00016,True
1785949227.905,64667.84,0.00016,True
1785949227.905,64667.83,9e-05,True
1785949227.905,64667.09,9e-05,True
1785949227.908,64667.08,0.0222,True
1785949228.679,64667.09,0.0003,False
1785949229.747,64667.08,0.00122,True
1785949230.226,64667.08,8e-05,True
1785949230.226,64667.08,8e-05,True
1785949230.226,64667.08,8e-05,True
1785949230.226,64667.08,8e-05,True
1785949230.226,64667.08,8e-05,True
1785949230.226,64667.08,8e-05,True
1785949230.226,64667.08,8e-05,True
1785949230.226,64667.08,8e-05,True
1785949230.226,64667.08,8e-05,True
1785949230.226,64667.08,8e-05,True
1785949230.226,64667.08,8e-05,True
1785949230.226,64667.08,8e-05,True
1785949230.226,64667.08,9e-05,True
1785949230.226,64667.08,0.00016,True
1785949230.226,64667.08,8e-05,True
1785949230.226,64667.08,8e-05,True
1785949230.226,64667.08,8e-05,True
1785949230.226,64667.08,8e-05,True
1785949230.226,64667.08,8e-05,True
1785949230.226,64667.08,8e-05,True
1785949230.226,64667.08,8e-05,True
1785949230.226,64667.08,8e-05,True
1785949230.226,64667.08,8e-05,True
1785949230.226,64667.08,0.00048,True
1785949230.226,64667.08,0.21022,True
1785949230.226,64667.08,8e-05,True
1785949230.226,64667.08,0.00016,True
1785949230.226,64667.08,0.01,True
1785949230.226,64667.08,8e-05,True
1785949230.226,64667.08,9e-05,True
1785949230.226,64667.08,9e-05,True
1785949230.226,64667.08,0.00069,True
1785949230.226,64667.08,8e-05,True
1785949230.226,64667.08,0.02348,True
1785949230.226,64667.08,8e-05,True
1785949230.226,64667.08,0.00182,True
1785949230.226,64667.08,8e-05,True
1785949230.226,64667.08,0.0001,True
1785949230.226,64667.08,9e-05,True
1785949230.226,64667.08,8e-05,True
1785949230.226,64667.08,8e-05,True
1785949230.226,64667.08,8e-05,True
1785949230.226,64667.08,8e-05,True
1785949230.226,64667.08,8e-05,True
1785949230.226,64667.08,8e-05,True
1785949230.226,64667.07,9e-05,True
1785949230.226,64667.07,9e-05,True
1785949230.226,64667.07,8e-05,True
1785949230.226,64667.07,8e-05,True
1785949230.226,64667.07,8e-05,True
1785949230.226,64667.07,8e-05,True
1785949230.226,64667.07,8e-05,True
1785949230.226,64667.07,8e-05,True
1785949230.226,64667.07,8e-05,True
1785949230.226,64667.07,8e-05,True
1785949230.226,64667.07,8e-05,True
1785949230.226,64667.07,8e-05,True
1785949230.226,64667.07,0.00016,True
1785949230.226,64667.07,8e-05,True
1785949230.226,64667.07,8e-05,True
1785949230.226,64667.06,0.00016,True
1785949230.226,64666.56,9e-05,True
1785949230.226,64666.45,9e-05,True
1785949230.226,64666.45,9e-05,True
1785949230.226,64666.45,9e-05,True
1785949230.226,64666.44,9e-05,True
1785949230.226,64666.44,9e-05,True
1785949230.226,64666.44,9e-05,True
1785949230.226,64666.44,9e-05,True
1785949230.226,64666.44,9e-05,True
1785949230.226,64666.43,0.12257,True
1785949230.226,64666.43,9e-05,True
1785949230.226,64666.43,9e-05,True
1785949230.226,64666.43,8e-05,True
1785949230.226,64666.43,8e-05,True
1785949230.226,64666.43,8e-05,True
1785949230.226,64666.43,8e-05,True
1785949230.226,64666.43,8e-05,True
1785949230.226,64666.43,8e-05,True
1785949230.226,64666.01,9e-05,True
1785949230.226,64666.01,9e-05,True
1785949230.226,64666.01,9e-05,True
1785949230.226,64666.0,0.008,True
1785949230.226,64666.0,0.006,True
1785949230.226,64666.0,0.007,True
1785949230.226,64666.0,0.005,True
1785949230.226,64666.0,9e-05,True
1785949230.226,64666.0,9e-05,True
1785949230.226,64665.99,0.00442,True
1785949230.226,64665.6,9e-05,True
1785949230.226,64665.6,9e-05,True
1785949230.226,64665.6,9e-05,True
1785949230.226,64665.59,0.00185,True
1785949230.226,64665.59,0.0167,True
1785949230.226,64665.59,9e-05,True
1785949230.226,64665.59,9e-05,True
1785949230.226,64665.45,8e-05,True
1785949230.226,64665.42,0.00164,True
1785949230.226,64665.07,9e-05,True
1785949230.226,64665.06,0.01674,True
1785949230.226,64665.06,9e-05,True
1785949230.226,64665.06,9e-05,True
1785949230.226,64664.69,0.00368,True
1785949230.226,64664.6,9e-05,True
1785949230.228,64664.02,8e-05,True
1785949230.232,64664.02,8e-05,True
1785949230.232,64664.02,8e-05,True
1785949230.232,64664.02,8e-05,True
1785949230.232,64664.02,0.00083,True
1785949230.232,64664.02,0.05733,True
1785949230.236,64664.02,0.02131,True
1785949230.236,64664.02,0.00705,True
1785949230.236,64664.02,0.00932,True
1785949230.237,64664.02,0.00665,True
1785949230.237,64664.02,0.01675,True
1785949230.237,64664.02,0.016,True
1785949230.237,64664.02,0.0094,True
1785949230.24,64664.02,8e-05,True
1785949230.24,64664.02,8e-05,True
1785949230.24,64664.02,8e-05,True
1785949230.24,64664.02,8e-05,True
1785949230.24,64664.02,8e-05,True
1785949230.24,64664.02,8e-05,True
1785949230.24,64664.02,9e-05,True
1785949230.24,64664.02,8e-05,True
1785949230.24,64664.02,8e-05,True
1785949230.24,64664.02,9e-05,True
1785949230.24,64664.02,8e-05,True
1785949230.24,64664.02,0.00734,True
1785949230.242,64664.02,0.00273,True
1785949230.242,64664.02,8e-05,True
1785949230.242,64664.02,8e-05,True
1785949230.242,64664.02,9e-05,True
1785949230.242,64664.02,8e-05,True
1785949230.242,64664.02,8e-05,True
1785949230.242,64664.02,8e-05,True
1785949230.242,64664.02,8e-05,True
1785949230.242,64664.02,8e-05,True
1785949230.242,64664.02,8e-05,True
1785949230.242,64664.02,0.04621,True
1785949230.249,64664.02,0.00028,True
1785949230.249,64664.02,0.0001,True
1785949230.292,64664.02,0.01266,True
1785949230.33,64664.02,8e-05,True
1785949230.33,64664.02,8e-05,True
1785949230.33,64664.02,9e-05,True
1785949230.33,64664.02,8e-05,True
1785949230.33,64664.02,8e-05,True
1785949230.33,64664.02,8e-05,True
1785949230.33,64664.02,8e-05,True
1785949230.33,64664.02,8e-05,True
1785949230.33,64664.02,9e-05,True
1785949230.33,64664.02,8e-05,True
1785949230.33,64664.02,9e-05,True
1785949230.33,64664.02,8e-05,True
1785949230.33,64664.02,8e-05,True
1785949230.33,64664.02,8e-05,True
1785949230.33,64664.02,8e-05,True
1785949230.33,64664.02,0.00016,True
1785949230.33,64664.02,9e-05,True
1785949230.33,64664.02,9e-05,True
1785949230.33,64664.02,8e-05,True
1785949230.33,64664.02,8e-05,True
1785949230.33,64664.01,9e-05,True
1785949230.33,64664.01,9e-05,True
1785949230.33,64664.01,8e-05,True
1785949230.33,64664.01,9e-05,True
1785949230.33,64664.01,9e-05,True
1785949230.33,64664.01,8e-05,True
1785949230.33,64664.01,8e-05,True
1785949230.33,64664.01,8e-05,True
1785949230.33,64664.01,8e-05,True
1785949230.33,64664.01,8e-05,True
1785949230.33,64664.01,8e-05,True
1785949230.33,64664.01,9e-05,True
1785949230.4,64664.0,0.00032,True
1785949230.656,64664.0,0.00768,True
1785949230.656,64664.0,0.006,True
1785949230.656,64664.0,0.007,True
1785949230.656,64664.0,0.005,True
1785949230.656,64664.0,9e-05,True
1785949230.656,64664.0,9e-05,True
1785949230.656,64664.0,9e-05,True
1785949230.656,64664.0,9e-05,True
1785949230.656,64664.0,8e-05,True
1785949230.656,64664.0,8e-05,True
1785949230.656,64664.0,8e-05,True
1785949230.656,64664.0,8e-05,True
1785949230.656,64664.0,8e-05,True
1785949230.656,64664.0,8e-05,True
1785949230.656,64664.0,8e-05,True
1785949230.656,64664.0,8e-05,True
1785949230.656,64664.0,8e-05,True
1785949230.656,64664.0,8e-05,True
1785949230.656,64664.0,8e-05,True
1785949230.656,64664.0,9e-05,True
1785949230.656,64664.0,8e-05,True
1785949230.656,64664.0,8e-05,True
1785949230.656,64664.0,8e-05,True
1785949230.656,64664.0,8e-05,True
1785949230.656,64664.0,8e-05,True
1785949230.656,64664.0,0.00017,True
1785949230.656,64664.0,8e-05,True
1785949230.656,64664.0,9e-05,True
1785949230.656,64664.0,8e-05,True
1785949230.656,64664.0,8e-05,True
1785949230.656,64664.0,8e-05,True
1785949230.656,64664.0,8e-05,True
1785949230.672,64663.99,0.0001,True
1785949230.686,64663.99,0.01867,True
1785949230.686,64663.99,9e-05,True
1785949230.686,64663.99,9e-05,True
1785949230.686,64663.99,8e-05,True
1785949230.686,64663.99,8e-05,True
1785949230.686,64663.99,8e-05,True
1785949230.686,64663.99,8e-05,True
1785949230.686,64663.99,8e-05,True
1785949230.686,64663.99,8e-05,True
1785949230.686,64663.99,8e-05,True
1785949230.686,64663.99,8e-05,True
1785949230.686,64663.99,8e-05,True
1785949230.686,64663.99,8e-05,True
1785949230.686,64663.99,8e-05,True
1785949230.686,64663.99,8e-05,True
1785949230.686,64663.99,8e-05,True
1785949230.686,64663.99,8e-05,True
1785949230.686,64663.99,8e-05,True
1785949230.686,64663.99,8e-05,True
1785949230.686,64663.99,8e-05,True
1785949230.686,64663.99,8e-05,True
1785949230.686,64663.99,8e-05,True
1785949230.686,64663.99,8e-05,True
1785949230.686,64663.99,8e-05,True
1785949230.686,64663.99,8e-05,True
1785949230.686,64663.99,8e-05,True
1785949230.686,64663.99,9e-05,True
1785949230.686,64663.99,8e-05,True
1785949230.686,64663.99,8e-05,True
1785949230.686,64663.99,8e-05,True
1785949230.686,64663.98,8e-05,True
1785949230.686,64663.98,8e-05,True
1785949230.686,64663.98,8e-05,True
1785949230.686,64663.98,8e-05,True
1785949230.686,64663.98,8e-05,True
1785949230.686,64663.98,9e-05,True
1785949230.686,64663.98,9e-05,True
1785949230.686,64663.98,8e-05,True
1785949230.686,64663.98,8e-05,True
1785949230.78,64663.96,0.00927,True
1785949230.78,64663.96,9e-05,True
1785949230.78,64663.96,9e-05,True
1785949230.78,64663.96,8e-05,True
1785949230.78,64663.96,8e-05,True
1785949230.78,64663.96,8e-05,True
1785949230.78,64663.96,8e-05,True
1785949230.78,64663.96,8e-05,True
1785949230.78,64663.96,8e-05,True
1785949230.78,64663.96,8e-05,True
1785949230.78,64663.96,8e-05,True
1785949230.78,64663.96,8e-05,True
1785949230.78,64663.96,8e-05,True
1785949230.78,64663.96,8e-05,True
1785949230.78,64663.96,8e-05,True
1785949230.78,64663.96,8e-05,True
1785949230.78,64663.96,8e-05,True
1785949230.78,64663.96,9e-05,True
1785949230.78,64663.96,8e-05,True
1785949230.78,64663.96,8e-05,True
1785949230.78,64663.96,8e-05,True
1785949230.78,64663.95,8e-05,True
1785949230.78,64663.95,8e-05,True
1785949230.78,64663.95,8e-05,True
1785949230.78,64663.95,8e-05,True
1785949230.78,64663.95,9e-05,True
1785949230.78,64663.95,8e-05,True
1785949230.78,64663.95,8e-05,True
1785949230.78,64663.95,9e-05,True
1785949230.78,64663.95,8e-05,True
1785949230.781,64663.68,0.00019,True
1785949230.782,64662.78,0.00436,True
1785949230.782,64662.78,8e-05,True
1785949230.782,64662.78,8e-05,True
1785949230.782,64662.48,0.00023,True
1785949230.782,64662.4,8e-05,True
1785949230.782,64662.24,8e-05,True
1785949230.782,64662.01,9e-05,True
1785949230.782,64662.01,9e-05,True
1785949230.782,64662.01,9e-05,True
1785949230.782,64662.0,0.008,True
1785949230.782,64662.0,0.006,True
1785949230.782,64662.0,0.007,True
1785949230.782,64662.0,0.005,True
1785949230.782,64662.0,9e-05,True
1785949230.782,64662.0,9e-05,True
1785949230.784,64661.6,9e-05,True
1785949230.784,64661.48,0.00363,True
1785949230.784,64661.48,8e-05,True
1785949230.784,64661.48,8e-05,True
1785949230.786,64661.37,9e-05,True
1785949230.786,64661.37,8e-05,True
1785949230.786,64661.37,8e-05,True
1785949230.786,64660.55,0.00201,True
1785949230.791,64660.19,0.00291,True
1785949230.791,64660.19,8e-05,True
1785949230.791,64660.19,8e-05,True
1785949230.791,64660.19,8e-05,True
1785949230.791,64660.19,8e-05,True
1785949230.791,64660.19,8e-05,True
1785949230.791,64660.19,8e-05,True
1785949230.791,64660.19,8e-05,True
1785949230.791,64660.19,8e-05,True
1785949230.791,64660.19,8e-05,True
1785949230.791,64660.19,8e-05,True
1785949230.791,64660.18,8e-05,True
1785949230.791,64660.18,9e-05,True
1785949230.791,64660.18,9e-05,True
1785949230.791,64660.18,8e-05,True
1785949230.791,64660.18,8e-05,True
1785949230.791,64660.18,8e-05,True
1785949230.791,64660.01,9e-05,True
1785949230.791,64660.01,9e-05,True
1785949230.791,64660.01,9e-05,True
1785949230.843,64660.0,0.0063,True
1785949231.16,64660.01,0.0037,False
1785949231.225,64660.01,0.00021,False
1785949232.119,64660.01,0.04119,False
1785949232.119,64660.01,0.01985,False
1785949232.378,64660.01,0.02949,False
1785949232.674,64660.0,0.00054,True
1785949233.191,64660.0,0.0001,True
1785949234.051,64660.0,0.00115,True
1785949235.105,64660.0,0.00191,True
1785949235.105,64660.0,0.00309,True
1785949235.194,64660.01,0.00177,False
1785949235.456,64660.01,0.00014,False
1785949235.656,64660.0,0.0007,True
1785949237.399,64660.01,0.00011,False
1785949238.024,64660.01,0.00087,False
1785949238.114,64660.0,0.00421,True
1785949238.114,64660.0,0.00351,True
1785949238.877,64660.01,0.0001,False
1785949239.253,64660.01,8e-05,False
1785949239.253,64660.01,9e-05,False
1785949239.253,64660.01,8e-05,False
1785949239.253,64660.01,8e-05,False
1785949239.253,64660.01,8e-05,False
1785949239.253,64660.01,8e-05,False
1785949239.253,64660.01,0.00048,False
1785949239.253,64660.01,8e-05,False
1785949239.253,64660.01,0.00773,False
1785949239.253,64660.01,8e-05,False
1785949239.253,64660.01,8e-05,False
1785949239.253,64660.01,8e-05,False
1785949239.253,64660.01,0.0007,False
1785949239.253,64660.01,8e-05,False
1785949239.253,64660.01,0.00499,False
1785949239.253,64660.01,0.00233,False
1785949239.253,64660.01,0.01535,False
1785949239.253,64660.01,0.01422,False
1785949239.253,64660.01,0.01465,False
1785949239.253,64660.01,8e-05,False
1785949239.253,64660.01,8e-05,False
1785949239.253,64660.01,8e-05,False
1785949239.253,64660.01,8e-05,False
1785949239.253,64660.01,0.0001,False
1785949239.253,64660.01,0.001,False
1785949239.253,64660.01,8e-05,False
1785949239.253,64660.01,8e-05,False
1785949239.253,64660.01,8e-05,False
1785949239.253,64660.01,8e-05,False
1785949239.253,64660.01,8e-05,False
1785949239.253,64660.01,0.00017,False
1785949239.253,64660.01,9e-05,False
1785949239.253,64660.01,9e-05,False
1785949239.253,64660.01,9e-05,False
1785949239.253,64660.01,8e-05,False
1785949239.253,64660.01,8e-05,False
1785949239.253,64660.01,8e-05,False
1785949239.253,64660.01,8e-05,False
1785949239.253,64660.01,9e-05,False
1785949239.253,64660.01,9e-05,False
1785949239.253,64660.01,8e-05,False
1785949239.253,64660.01,8e-05,False
1785949239.253,64660.01,9e-05,False
1785949239.253,64660.01,9e-05,False
1785949239.253,64660.01,9e-05,False
1785949239.253,64660.01,8e-05,False
1785949239.253,64660.01,8e-05,False
1785949239.258,64660.01,8e-05,False
1785949239.258,64660.01,8e-05,False
1785949239.258,64660.01,9e-05,False
1785949239.258,64660.01,9e-05,False
1785949239.258,64660.01,8e-05,False
1785949239.258,64660.01,9e-05,False
1785949239.258,64660.01,8e-05,False
1785949239.258,64660.01,8e-05,False
1785949239.258,64660.01,0.00016,False
1785949239.258,64660.01,8e-05,False
1785949239.258,64660.01,8e-05,False
1785949239.258,64660.01,8e-05,False
1785949239.258,64660.01,8e-05,False
1785949239.258,64660.01,8e-05,False
1785949239.258,64660.01,8e-05,False
1785949239.258,64660.01,8e-05,False
1785949239.258,64660.01,8e-05,False
1785949239.258,64660.01,9e-05,False
1785949239.258,64660.01,9e-05,False
1785949239.258,64660.01,8e-05,False
1785949239.258,64660.01,8e-05,False
1785949239.258,64660.01,8e-05,False
1785949239.258,64660.01,8e-05,False
1785949239.258,64660.01,8e-05,False
1785949239.258,64660.01,8e-05,False
1785949239.261,64660.02,0.00016,False
1785949239.261,64660.02,8e-05,False
1785949239.261,64660.02,8e-05,False
1785949239.261,64660.02,8e-05,False
1785949239.261,64660.02,8e-05,False
1785949239.261,64660.02,8e-05,False
1785949239.261,64660.02,8e-05,False
1785949239.261,64660.02,8e-05,False
1785949239.261,64660.02,8e-05,False
1785949239.261,64660.02,8e-05,False
1785949239.261,64660.02,8e-05,False
1785949239.261,64660.02,8e-05,False
1785949239.261,64660.02,8e-05,False
1785949239.261,64660.02,8e-05,False
1785949239.261,64660.02,8e-05,False
1785949239.261,64660.02,9e-05,False
1785949239.261,64660.02,9e-05,False
1785949239.261,64660.02,8e-05,False
1785949239.261,64660.02,8e-05,False
1785949239.261,64660.02,8e-05,False
1785949239.261,64660.02,8e-05,False
1785949239.261,64660.02,8e-05,False
1785949239.261,64660.02,8e-05,False
1785949239.261,64660.02,8e-05,False
1785949239.261,64660.02,8e-05,False
1785949239.261,64660.03,0.00016,False
1785949239.261,64660.03,8e-05,False
1785949239.261,64660.03,8e-05,False
1785949239.261,64660.03,9e-05,False
1785949239.261,64660.03,8e-05,False
1785949239.261,64660.03,8e-05,False
1785949239.261,64660.03,8e-05,False
1785949239.261,64660.03,8e-05,False
1785949239.261,64660.03,8e-05,False
1785949239.261,64660.03,9e-05,False
1785949239.261,64660.2,8e-05,False
1785949239.261,64660.2,8e-05,False
1785949239.261,64660.2,8e-05,False
1785949239.261,64660.2,8e-05,False
1785949239.261,64660.2,8e-05,False
1785949239.261,64660.2,8e-05,False
1785949239.261,64660.2,8e-05,False
1785949239.261,64660.64,8e-05,False
1785949239.261,64660.64,8e-05,False
1785949239.261,64661.18,8e-05,False
1785949239.28,64661.31,0.00415,False
1785949239.28,64661.31,8e-05,False
1785949239.281,64661.31,8e-05,False
1785949239.281,64661.31,8e-05,False
1785949239.281,64661.31,0.1589,False
1785949239.281,64661.31,0.003,False
1785949239.281,64661.31,0.003,False
1785949239.281,64661.31,8e-05,False
1785949239.281,64661.31,9e-05,False
1785949239.281,64661.31,9e-05,False
1785949239.281,64661.31,8e-05,False
1785949239.281,64661.31,8e-05,False
1785949239.281,64661.31,8e-05,False
1785949239.281,64661.31,8e-05,False
1785949239.281,64661.31,0.003,False
1785949239.281,64661.31,8e-05,False
1785949239.281,64661.31,9e-05,False
1785949239.281,64661.31,0.003,False
1785949239.281,64661.31,0.003,False
1785949239.281,64661.31,0.003,False
1785949239.281,64661.31,0.003,False
1785949239.281,64661.31,0.003,False
1785949239.281,64661.31,0.003,False
1785949239.281,64661.31,0.003,False
1785949239.281,64661.31,0.003,False
1785949239.281,64661.31,0.003,False
1785949239.281,64661.31,0.003,False
1785949239.281,64661.31,0.003,False
1785949239.281,64661.31,8e-05,False
1785949239.281,64661.31,0.003,False
1785949239.281,64661.31,0.003,False
1785949239.281,64661.31,0.003,False
1785949239.281,64661.31,0.003,False
1785949239.281,64661.31,0.003,False
1785949239.281,64661.31,0.003,False
1785949239.281,64661.31,8e-05,False
1785949239.281,64661.31,0.003,False
1785949239.281,64661.31,8e-05,False
1785949239.281,64661.31,8e-05,False
1785949239.281,64661.31,8e-05,False
1785949239.281,64661.31,9e-05,False
1785949239.281,64661.31,8e-05,False
1785949239.281,64661.31,8e-05,False
1785949239.281,64661.32,8e-05,False
1785949239.281,64661.32,8e-05,False
1785949239.281,64661.32,8e-05,False
1785949239.281,64661.32,8e-05,False
1785949239.281,64661.32,9e-05,False
1785949239.281,64661.32,9e-05,False
1785949239.281,64661.32,8e-05,False
1785949239.281,64661.32,8e-05,False
1785949239.281,64661.38,8e-05,False
1785949239.281,64661.38,8e-05,False
1785949239.737,64661.49,8e-05,False
1785949239.737,64661.49,8e-05,False
1785949239.737,64661.49,8e-05,False
1785949239.737,64661.49,8e-05,False
1785949239.737,64661.49,8e-05,False
1785949239.737,64661.49,8e-05,False
1785949239.737,64661.49,3e-05,False
1785949239.848,64661.49,6e-05,False
1785949239.848,64661.49,7e-05,False
1785949239.974,64661.49,1e-05,False
1785949239.974,64661.49,0.00154,False
1785949240.077,64661.49,0.00154,False
1785949240.274,64661.49,9e-05,False
1785949240.274,64661.49,8e-05,False
1785949240.274,64661.49,8e-05,False
1785949240.274,64661.49,8e-05,False
1785949240.274,64661.49,0.00014,False
1785949240.314,64661.49,0.00047,False
1785949240.347,64661.49,0.00078,False
1785949240.386,64661.49,0.00031,False
1785949240.414,64661.49,0.00013,False
1785949240.483,64661.49,0.00117,False
1785949240.483,64661.49,0.00193,False
1785949240.491,64661.49,0.00107,False
1785949240.491,64661.49,0.003,False
1785949240.491,64661.49,0.003,False
1785949240.491,64661.49,0.003,False
1785949240.491,64661.49,0.003,False
1785949240.491,64661.49,0.003,False
1785949240.491,64661.49,0.003,False
1785949240.491,64661.49,0.003,False
1785949240.491,64661.49,0.003,False
1785949240.491,64661.49,0.003,False
1785949240.491,64661.49,0.003,False
1785949240.491,64661.49,0.003,False
1785949240.491,64661.49,0.003,False
1785949240.491,64661.49,0.003,False
1785949240.491,64661.49,0.003,False
1785949240.491,64661.49,0.003,False
1785949240.491,64661.49,0.003,False
1785949240.491,64661.49,0.003,False
1785949240.491,64661.49,0.003,False
1785949240.491,64661.49,0.003,False
1785949240.491,64661.49,8e-05,False
1785949240.491,64661.49,8e-05,False
1785949240.491,64661.49,8e-05,False
1785949240.491,64661.49,8e-05,False
1785949240.491,64661.49,9e-05,False
1785949240.491,64661.49,9e-05,False
1785949240.491,64661.49,8e-05,False
1785949240.491,64661.49,8e-05,False
1785949240.491,64661.49,8e-05,False
1785949240.491,64661.49,8e-05,False
1785949240.491,64661.49,9e-05,False
1785949240.491,64661.49,8e-05,False
1785949240.491,64661.49,8e-05,False
1785949240.491,64661.49,8e-05,False
1785949240.491,64661.49,9e-05,False
1785949240.491,64661.49,9e-05,False
1785949240.491,64661.49,8e-05,False
1785949240.491,64661.49,8e-05,False
1785949240.491,64661.49,9e-05,False
1785949240.491,64661.49,8e-05,False
1785949240.491,64661.49,9e-05,False
1785949240.491,64661.49,8e-05,False
1785949240.491,64661.49,8e-05,False
1785949240.491,64661.49,8e-05,False
1785949240.491,64661.49,0.00017,False
1785949240.491,64661.49,0.003,False
1785949240.491,64661.49,8e-05,False
1785949240.491,64661.49,8e-05,False
1785949240.491,64661.49,8e-05,False
1785949240.491,64661.49,8e-05,False
1785949240.491,64661.49,8e-05,False
1785949240.491,64661.5,9e-05,False
1785949240.491,64661.5,8e-05,False
1785949240.491,64661.5,8e-05,False
1785949240.491,64661.5,9e-05,False
1785949240.491,64661.5,8e-05,False
1785949240.491,64661.5,8e-05,False
1785949240.491,64661.5,8e-05,False
1785949240.491,64661.5,8e-05,False
1785949240.491,64661.5,8e-05,False
1785949240.491,64661.54,0.0046,False
1785949240.493,64661.54,0.00032,False
1785949240.493,64661.54,8e-05,False
1785949240.493,64661.54,8e-05,False
1785949240.493,64661.54,8e-05,False
1785949240.493,64661.54,8e-05,False
1785949240.493,64661.54,8e-05,False
1785949240.493,64661.54,8e-05,False
1785949240.493,64661.54,8e-05,False
1785949240.493,64661.54,9e-05,False
1785949240.493,64661.54,9e-05,False
1785949240.493,64661.54,8e-05,False
1785949240.493,64661.54,8e-05,False
1785949240.493,64661.54,8e-05,False
1785949240.493,64661.54,8e-05,False
1785949240.493,64661.55,9e-05,False
1785949240.493,64661.61,8e-05,False
1785949240.493,64661.61,8e-05,False
1785949240.493,64661.61,8e-05,False
1785949240.493,64661.61,8e-05,False
1785949240.493,64661.61,8e-05,False
1785949240.493,64661.84,8e-05,False
1785949240.493,64661.84,8e-05,False
1785949240.548,64662.0,0.00056,False
1785949240.564,64662.0,0.00047,False
1785949240.6,64662.0,0.00078,False
1785949240.683,64662.0,0.00016,False
1785949240.689,64662.0,0.00182,False
1785949240.689,64662.0,0.00045,False
1785949240.837,64662.0,0.00031,False
1785949240.924,64662.0,0.00023,False
1785949240.974,64662.0,0.00015,False
1785949241.012,64662.0,0.00237,False
1785949241.012,64662.0,8e-05,False
1785949241.012,64662.0,8e-05,False
1785949241.012,64662.0,9e-05,False
1785949241.012,64662.0,8e-05,False
1785949241.012,64662.0,8e-05,False
1785949241.012,64662.0,8e-05,False
1785949241.012,64662.0,8e-05,False
1785949241.012,64662.0,8e-05,False
1785949241.012,64662.0,8e-05,False
1785949241.012,64662.0,8e-05,False
1785949241.012,64662.0,9e-05,False
1785949241.012,64662.0,8e-05,False
1785949241.012,64662.0,9e-05,False
1785949241.012,64662.0,9e-05,False
1785949241.012,64662.0,8e-05,False
1785949241.012,64662.0,8e-05,False
1785949241.012,64662.0,8e-05,False
1785949241.012,64662.0,8e-05,False
1785949241.012,64662.0,9e-05,False
1785949241.012,64662.0,0.00017,False
1785949241.012,64662.0,8e-05,False
1785949241.012,64662.0,8e-05,False
1785949241.012,64662.0,8e-05,False
1785949241.012,64662.0,8e-05,False
1785949241.012,64662.0,8e-05,False
1785949241.012,64662.0,8e-05,False
1785949241.012,64662.0,8e-05,False
1785949241.012,64662.0,8e-05,False
1785949241.012,64662.0,2e-05,False
1785949241.048,64662.0,8e-05,False
1785949241.048,64662.0,8e-05,False
1785949241.048,64662.0,8e-05,False
1785949241.048,64662.0,4e-05,False
1785949241.049,64662.0,4e-05,False
1785949241.049,64662.0,9e-05,False
1785949241.049,64662.0,9e-05,False
1785949241.049,64662.0,8e-05,False
1785949241.049,64662.0,8e-05,False
1785949241.049,64662.0,8e-05,False
1785949241.049,64662.0,8e-05,False
1785949241.049,64662.0,9e-05,False
1785949241.049,64662.0,9e-05,False
1785949241.049,64662.0,9e-05,False
1785949241.049,64662.0,0.1589,False
1785949241.049,64662.0,8e-05,False
1785949241.049,64662.0,8e-05,False
1785949241.049,64662.01,8e-05,False
1785949241.049,64662.01,8e-05,False
1785949241.049,64662.01,8e-05,False
1785949241.049,64662.01,9e-05,False
1785949241.049,64662.01,8e-05,False
1785949241.049,64662.01,9e-05,False
1785949241.049,64662.01,8e-05,False
1785949241.08,64662.01,8e-05,False
1785949241.08,64662.01,8e-05,False
1785949241.08,64662.01,9e-05,False
1785949241.08,64662.01,9e-05,False
1785949241.08,64662.01,8e-05,False
1785949241.08,64662.01,8e-05,False
1785949241.08,64662.01,8e-05,False
1785949241.08,64662.01,8e-05,False
1785949241.08,64662.01,8e-05,False
1785949241.08,64662.01,8e-05,False
1785949241.08,64662.01,8e-05,False
1785949241.08,64662.01,8e-05,False
1785949241.08,64662.01,9e-05,False
1785949241.08,64662.01,8e-05,False
1785949241.08,64662.01,9e-05,False
1785949241.08,64662.01,0.1589,False
1785949241.08,64662.01,8e-05,False
1785949241.08,64662.01,9e-05,False
1785949241.08,64662.01,8e-05,False
1785949241.08,64662.01,8e-05,False
1785949241.08,64662.01,8e-05,False
1785949241.08,64662.01,8e-05,False
1785949241.08,64662.01,8e-05,False
1785949241.08,64662.02,9e-05,False
1785949241.08,64662.02,9e-05,False
1785949241.08,64662.02,8e-05,False
1785949241.08,64662.02,8e-05,False
1785949241.08,64662.02,8e-05,False
1785949241.08,64662.02,8e-05,False
1785949241.08,64662.24,8e-05,False
1785949241.08,64662.25,8e-05,False
1785949241.08,64662.25,8e-05,False
1785949241.099,64662.78,8e-05,False
1785949241.099,64662.78,9e-05,False
1785949241.099,64662.78,7e-05,False
1785949241.137,64662.78,2e-05,False
1785949241.137,64662.78,8e-05,False
1785949241.137,64662.78,8e-05,False
1785949241.137,64662.78,8e-05,False
1785949241.137,64662.78,0.00179,False
1785949241.164,64662.78,0.00106,False
1785949241.174,64662.78,0.00015,False
1785949241.174,64662.78,1e-05,False
1785949241.187,64662.78,7e-05,False
1785949241.187,64662.78,8e-05,False
1785949241.187,64662.78,1e-05,False
1785949241.448,64662.78,0.00016,False
1785949241.45,64662.78,0.00283,False
1785949241.45,64662.78,0.003,False
1785949241.45,64662.78,0.003,False
1785949241.45,64662.78,0.003,False
1785949241.45,64662.78,0.003,False
1785949241.45,64662.78,0.003,False
1785949241.45,64662.78,0.003,False
1785949241.45,64662.78,0.003,False
1785949241.45,64662.78,0.003,False
1785949241.45,64662.78,0.003,False
1785949241.45,64662.78,0.00088,False
1785949241.499,64662.78,0.00062,False
1785949241.499,64662.78,0.0015,False
1785949241.499,64662.78,5e-05,False
1785949242.014,64662.78,0.00155,False
1785949242.064,64662.78,0.0014,False
1785949242.064,64662.78,0.003,False
1785949242.064,64662.78,0.003,False
1785949242.064,64662.78,0.00034,False
1785949242.387,64662.78,0.00017,False
1785949242.486,64662.78,0.00016,False
1785949242.715,64662.78,0.00028,False
1785949243.187,64662.78,0.00116,False
1785949243.246,64662.78,0.00016,False
1785949243.268,64662.78,0.00039,False
1785949243.337,64662.78,0.00034,False
1785949243.337,64662.78,0.00121,False
1785949243.438,64662.77,0.0005,True
1785949243.473,64662.78,0.00031,False
1785949243.486,64662.78,0.00062,False
1785949243.537,64662.78,0.00086,False
1785949243.537,64662.78,0.00071,False
1785949243.637,64662.78,0.00024,False
1785949243.747,64662.78,0.00016,False
1785949243.898,64662.78,0.00109,False
1785949243.996,64662.78,0.0008,False
1785949243.996,64662.78,8e-05,False
1785949243.996,64662.78,0.00068,False
1785949244.047,64662.78,0.00016,False
1785949244.064,64662.78,0.00016,False
1785949244.087,64662.78,0.00078,False
1785949244.215,64662.78,0.00078,False
1785949244.274,64662.78,0.00011,False
1785949244.29,64662.78,0.00011,False
1785949244.315,64662.78,0.00022,False
1785949244.315,64662.78,0.003,False
1785949244.315,64662.78,0.003,False
1785949244.315,64662.78,9e-05,False
1785949244.315,64662.78,8e-05,False
1785949244.315,64662.78,8e-05,False
1785949244.315,64662.78,8e-05,False
1785949244.315,64662.78,8e-05,False
1785949244.315,64662.78,8e-05,False
1785949244.315,64662.78,0.003,False
1785949244.315,64662.78,8e-05,False
1785949244.315,64662.78,8e-05,False
1785949244.315,64662.78,8e-05,False
1785949244.315,64662.78,8e-05,False
1785949244.315,64662.78,0.003,False
1785949244.315,64662.78,0.003,False
1785949244.315,64662.78,0.003,False
1785949244.315,64662.78,0.003,False
1785949244.315,64662.78,0.00117,False
1785949244.347,64662.78,0.00016,False
1785949244.376,64662.77,0.00959,True
1785949244.399,64662.78,0.00024,False
1785949244.647,64662.78,0.00016,False
1785949244.763,64662.78,0.00022,False
1785949244.814,64662.78,0.00031,False
1785949245.114,64662.78,0.00065,False
1785949245.164,64662.78,9e-05,False
1785949245.164,64662.78,0.00053,False
1785949245.214,64662.78,0.00016,False
1785949245.246,64662.78,0.00016,False
1785949245.287,64662.78,0.00117,False
1785949245.437,64662.77,0.00021,True
1785949245.648,64662.78,0.00016,False
1785949245.715,64662.78,0.00082,False
1785949245.715,64662.78,0.00073,False
1785949245.746,64662.78,0.00155,False
1785949245.764,64662.78,0.00016,False
1785949245.799,64662.78,0.00016,False
1785949245.974,64662.78,0.00031,False
1785949248.315,64662.77,0.00119,True
1785949248.915,64662.78,9e-05,False
1785949248.915,64662.78,5e-05,False
1785949249.104,64662.77,8e-05,True
1785949249.104,64662.77,0.01192,True
1785949249.437,64662.77,0.0001,True
1785949249.614,64662.77,8e-05,True
1785949249.614,64662.77,8e-05,True
1785949249.614,64662.77,0.00649,True
1785949250.297,64662.78,0.00017,False
1785949251.06,64662.78,0.00513,False
1785949251.38,64662.77,0.00016,True
1785949251.399,64662.78,0.00072,False
1785949252.608,64662.78,9e-05,False
1785949252.962,64662.78,0.00218,False
1785949253.946,64662.77,9e-05,True
1785949253.946,64662.77,3e-05,True
1785949254.313,64662.77,0.00013,True
1785949254.313,64662.77,8e-05,True
1785949254.313,64662.77,8e-05,True
1785949254.313,64662.77,8e-05,True
1785949254.313,64662.77,8e-05,True
1785949254.313,64662.77,8e-05,True
1785949254.313,64662.77,8e-05,True
1785949254.313,64662.77,8e-05,True
1785949254.313,64662.77,0.00561,True
1785949254.315,64662.77,0.00439,True
1785949254.315,64662.77,0.0001,True
1785949254.315,64662.77,8e-05,True
1785949254.315,64662.77,8e-05,True
1785949254.315,64662.77,0.003,True
1785949254.324,64662.77,0.00386,True
1785949254.333,64662.77,0.00087,True
1785949254.333,64662.77,8e-05,True
1785949254.333,64662.77,8e-05,True
1785949254.333,64662.77,8e-05,True
1785949254.333,64662.77,8e-05,True
1785949254.333,64662.77,8e-05,True
1785949254.333,64662.77,8e-05,True
1785949254.333,64662.77,8e-05,True
1785949254.333,64662.77,1e-05,True
1785949254.333,64662.77,9e-05,True
1785949254.333,64662.77,9e-05,True
1785949254.333,64662.77,9e-05,True
1785949254.333,64662.77,8e-05,True
1785949254.333,64662.77,8e-05,True
1785949254.333,64662.77,8e-05,True
1785949254.333,64662.77,0.00016,True
1785949254.333,64662.77,8e-05,True
1785949254.333,64662.77,8e-05,True
1785949254.333,64662.77,8e-05,True
1785949254.333,64662.77,8e-05,True
1785949254.333,64662.77,8e-05,True
1785949254.333,64662.76,0.00016,True
1785949254.333,64662.76,9e-05,True
1785949254.333,64662.76,9e-05,True
1785949254.333,64662.76,8e-05,True
1785949254.333,64662.76,8e-05,True
1785949254.333,64662.76,8e-05,True
1785949254.333,64662.76,8e-05,True
1785949254.333,64662.76,8e-05,True
1785949254.333,64662.76,8e-05,True
1785949254.333,64662.76,8e-05,True
1785949254.333,64662.75,0.00016,True
1785949254.333,64662.24,8e-05,True
1785949254.333,64662.0,0.00023,True
1785949254.333,64662.0,8e-05,True
1785949254.333,64662.0,8e-05,True
1785949254.333,64662.0,8e-05,True
1785949254.333,64662.0,8e-05,True
1785949254.333,64662.0,8e-05,True
1785949254.333,64661.99,8e-05,True
1785949254.333,64661.99,8e-05,True
1785949254.333,64661.99,8e-05,True
1785949254.333,64661.99,8e-05,True
1785949254.333,64661.99,8e-05,True
1785949254.333,64661.83,8e-05,True
1785949254.333,64661.6,0.00297,True
1785949254.336,64661.6,0.00142,True
1785949254.336,64661.6,8e-05,True
1785949254.336,64661.6,8e-05,True
1785949254.336,64661.6,8e-05,True
1785949254.336,64661.6,8e-05,True
1785949254.336,64661.6,8e-05,True
1785949254.336,64661.6,8e-05,True
1785949254.336,64661.6,8e-05,True
1785949254.336,64661.6,8e-05,True
1785949254.336,64661.6,8e-05,True
1785949254.336,64661.6,8e-05,True
1785949254.336,64661.6,8e-05,True
1785949254.336,64661.6,8e-05,True
1785949254.336,64661.6,8e-05,True
1785949254.336,64661.59,8e-05,True
1785949254.336,64661.59,9e-05,True
1785949254.336,64661.59,8e-05,True
1785949254.336,64661.59,9e-05,True
1785949254.336,64661.59,8e-05,True
1785949254.336,64661.59,8e-05,True
1785949254.336,64661.59,8e-05,True
1785949254.336,64661.59,8e-05,True
1785949254.336,64661.59,8e-05,True
1785949254.336,64661.54,8e-05,True
1785949254.336,64661.54,8e-05,True
1785949254.336,64661.49,8e-05,True
1785949254.336,64661.49,8e-05,True
1785949254.336,64661.48,8e-05,True
1785949254.336,64661.48,8e-05,True
1785949254.339,64661.3,8e-05,True
1785949254.339,64661.3,2e-05,True
1785949254.342,64661.3,6e-05,True
1785949254.342,64661.3,8e-05,True
1785949254.342,64661.3,8e-05,True
1785949254.342,64661.3,8e-05,True
1785949254.342,64661.3,8e-05,True
1785949254.342,64661.3,8e-05,True
1785949254.342,64661.3,8e-05,True
1785949254.342,64661.3,8e-05,True
1785949254.342,64661.3,8e-05,True
1785949254.342,64661.3,8e-05,True
1785949254.342,64661.3,8e-05,True
1785949254.342,64661.3,8e-05,True
1785949254.342,64661.3,8e-05,True
1785949254.342,64661.3,8e-05,True
1785949254.342,64661.3,8e-05,True
1785949254.342,64661.3,8e-05,True
1785949254.342,64661.3,8e-05,True
1785949254.342,64661.3,8e-05,True
1785949254.342,64661.3,8e-05,True
1785949254.342,64661.3,8e-05,True
1785949254.342,64661.3,8e-05,True
1785949254.342,64661.29,8e-05,True
1785949254.342,64661.29,8e-05,True
1785949254.342,64661.29,9e-05,True
1785949254.342,64661.29,9e-05,True
1785949254.342,64661.29,8e-05,True
1785949254.342,64661.29,8e-05,True
1785949254.342,64661.29,8e-05,True
1785949254.342,64661.29,8e-05,True
1785949254.342,64661.29,8e-05,True
1785949254.342,64661.19,8e-05,True
1785949254.342,64660.3,0.00365,True
1785949254.342,64660.02,0.00023,True
1785949254.342,64660.01,8e-05,True
1785949254.342,64660.01,9e-05,True
1785949254.342,64660.01,9e-05,True
1785949254.342,64660.01,8e-05,True
1785949254.342,64660.01,9e-05,True
1785949254.342,64660.01,8e-05,True
1785949254.342,64660.01,8e-05,True
1785949254.342,64660.01,8e-05,True
1785949254.75,64660.0,0.0001,True
1785949255.29,64660.0,0.0001,True
1785949255.294,64660.0,0.0063,True
1785949255.301,64660.0,0.0005,True
1785949255.301,64660.0,0.005,True
1785949255.301,64660.0,8e-05,True
1785949255.301,64660.0,0.00017,True
1785949255.301,64660.0,0.00379,True
1785949255.301,64660.0,0.006,True
1785949255.301,64660.0,8e-05,True
1785949255.301,64660.0,8e-05,True
1785949255.301,64660.0,8e-05,True
1785949255.301,64660.0,8e-05,True
1785949255.301,64660.0,8e-05,True
1785949255.301,64660.0,8e-05,True
1785949255.301,64660.0,8e-05,True
1785949255.301,64660.0,9e-05,True
1785949255.301,64660.0,8e-05,True
1785949255.301,64660.0,0.01,True
1785949255.301,64660.0,8e-05,True
1785949255.301,64660.0,8e-05,True
1785949255.301,64660.0,9e-05,True
1785949255.301,64660.0,9e-05,True
1785949255.301,64660.0,8e-05,True
1785949255.301,64660.0,8e-05,True
1785949255.301,64660.0,8e-05,True
1785949255.301,64660.0,9e-05,True
1785949255.301,64660.0,8e-05,True
1785949255.301,64660.0,8e-05,True
1785949255.301,64659.99,9e-05,True
1785949255.301,64659.99,9e-05,True
1785949255.301,64659.99,8e-05,True
1785949255.301,64659.99,8e-05,True
1785949255.301,64659.99,8e-05,True
1785949255.301,64659.99,8e-05,True
1785949255.301,64659.99,8e-05,True
1785949255.301,64659.99,8e-05,True
1785949255.301,64659.99,8e-05,True
1785949255.301,64659.99,8e-05,True
1785949255.301,64659.99,8e-05,True
1785949255.301,64659.84,9e-05,True
1785949255.302,64659.03,8e-05,True
1785949255.308,64658.7,0.00433,True
1785949255.308,64658.7,8e-05,True
1785949255.308,64658.7,8e-05,True
1785949255.308,64658.7,8e-05,True
1785949255.308,64658.7,0.00016,True
1785949255.308,64658.7,8e-05,True
1785949255.308,64658.7,8e-05,True
1785949255.308,64658.7,9e-05,True
1785949255.308,64658.7,8e-05,True
1785949255.308,64658.7,8e-05,True
1785949255.308,64658.7,8e-05,True
1785949255.308,64658.7,8e-05,True
1785949255.308,64658.7,8e-05,True
1785949255.308,64658.69,9e-05,True
1785949255.308,64658.69,9e-05,True
1785949255.308,64658.69,0.00016,True
1785949255.308,64658.69,8e-05,True
1785949255.308,64658.69,8e-05,True
1785949255.308,64658.69,8e-05,True
1785949255.308,64658.69,8e-05,True
1785949255.308,64658.68,0.00016,True
1785949255.308,64658.62,8e-05,True
1785949255.308,64658.01,9e-05,True
1785949255.308,64658.01,9e-05,True
1785949255.308,64658.01,9e-05,True
1785949255.337,64658.0,0.00089,True
1785949256.226,64658.0,0.00411,True
1785949256.226,64658.0,0.008,True
1785949256.226,64658.0,0.007,True
1785949256.226,64658.0,0.006,True
1785949256.226,64658.0,9e-05,True
1785949256.226,64658.0,9e-05,True
1785949256.226,64658.0,8e-05,True
1785949256.226,64658.0,8e-05,True
1785949256.226,64658.0,8e-05,True
1785949256.226,64658.0,8e-05,True
1785949256.226,64658.0,8e-05,True
1785949256.226,64658.0,8e-05,True
1785949256.226,64658.0,8e-05,True
1785949256.226,64658.0,8e-05,True
1785949256.226,64658.0,8e-05,True
1785949256.226,64658.0,8e-05,True
1785949256.226,64658.0,8e-05,True
1785949256.226,64658.0,0.00017,True
1785949256.226,64658.0,9e-05,True
1785949256.226,64658.0,8e-05,True
1785949256.226,64658.0,8e-05,True
1785949256.226,64658.0,8e-05,True
1785949256.226,64658.0,8e-05,True
1785949256.226,64658.0,8e-05,True
1785949256.226,64658.0,8e-05,True
1785949256.226,64658.0,8e-05,True
1785949256.226,64658.0,8e-05,True
1785949256.226,64658.0,8e-05,True
1785949256.226,64658.0,0.0001,True
1785949256.226,64658.0,9e-05,True
1785949256.226,64658.0,8e-05,True
1785949256.226,64658.0,8e-05,True
1785949256.226,64658.0,8e-05,True
1785949256.226,64657.99,9e-05,True
1785949256.226,64657.99,9e-05,True
1785949256.226,64657.99,8e-05,True
1785949256.226,64657.99,8e-05,True
1785949256.226,64657.99,8e-05,True
1785949256.226,64657.99,8e-05,True
1785949256.226,64657.99,8e-05,True
1785949256.226,64657.99,8e-05,True
1785949256.226,64657.99,8e-05,True
1785949256.226,64657.99,8e-05,True
1785949256.226,64657.99,8e-05,True
1785949256.226,64657.99,8e-05,True
1785949256.226,64657.22,0.00019,True
1785949256.226,64656.84,0.00077,True
1785949256.226,64656.7,8e-05,True
1785949256.226,64656.63,0.00429,True
1785949256.226,64656.39,0.00463,True
1785949256.226,64656.36,0.00023,True
1785949256.226,64656.01,9e-05,True
1785949256.226,64656.01,9e-05,True
1785949256.226,64656.01,9e-05,True
1785949257.009,64656.0,0.005,True
1785949257.009,64656.0,0.008,True
1785949257.009,64656.0,0.007,True
1785949257.009,64656.0,0.006,True
1785949257.009,64656.0,8e-05,True
1785949257.009,64656.0,8e-05,True
1785949257.009,64656.0,8e-05,True
1785949257.009,64656.0,8e-05,True
1785949257.009,64656.0,0.00016,True
1785949257.009,64656.0,8e-05,True
1785949257.009,64656.0,8e-05,True
1785949257.009,64656.0,8e-05,True
1785949257.009,64656.0,8e-05,True
1785949257.009,64656.0,8e-05,True
1785949257.009,64656.0,8e-05,True
1785949257.009,64656.0,8e-05,True
1785949257.009,64656.0,9e-05,True
1785949257.009,64656.0,8e-05,True
1785949257.009,64656.0,9e-05,True
1785949257.009,64656.0,9e-05,True
1785949257.009,64656.0,0.00016,True
1785949257.009,64656.0,0.01,True
1785949257.009,64656.0,8e-05,True
1785949257.009,64656.0,8e-05,True
1785949257.009,64656.0,8e-05,True
1785949257.009,64656.0,8e-05,True
1785949257.009,64656.0,8e-05,True
1785949257.009,64656.0,9e-05,True
1785949257.009,64656.0,8e-05,True
1785949257.009,64656.0,8e-05,True
1785949257.009,64656.0,8e-05,True
1785949257.009,64655.99,9e-05,True
1785949257.009,64655.99,9e-05,True
1785949257.009,64655.99,8e-05,True
1785949257.009,64655.99,0.00016,True
1785949257.009,64655.99,8e-05,True
1785949257.009,64655.99,8e-05,True
1785949257.009,64655.99,8e-05,True
1785949257.009,64655.99,8e-05,True
1785949257.009,64655.99,8e-05,True
1785949257.009,64655.99,8e-05,True
1785949257.009,64655.99,8e-05,True
1785949257.009,64655.99,8e-05,True
1785949257.009,64655.99,8e-05,True
1785949257.009,64655.98,0.00016,True
1785949257.009,64655.82,8e-05,True
1785949257.009,64654.91,9e-05,True
1785949257.009,64654.57,0.00426,True
1785949257.009,64654.13,8e-05,True
1785949257.009,64654.13,8e-05,True
1785949257.009,64654.01,9e-05,True
1785949257.009,64654.01,9e-05,True
1785949257.009,64654.01,9e-05,True
1785949257.05,64654.0,0.0001,True
1785949257.161,64654.0,0.0049,True
1785949257.161,64654.0,0.008,True
1785949257.161,64654.0,0.006,True
1785949257.161,64654.0,0.007,True
1785949257.161,64654.0,9e-05,True
1785949257.161,64654.0,9e-05,True
1785949257.161,64654.0,8e-05,True
1785949257.161,64654.0,8e-05,True
1785949257.161,64654.0,8e-05,True
1785949257.161,64654.0,8e-05,True
1785949257.161,64654.0,8e-05,True
1785949257.161,64654.0,8e-05,True
1785949257.161,64654.0,8e-05,True
1785949257.161,64654.0,8e-05,True
1785949257.161,64654.0,0.00016,True
1785949257.161,64654.0,9e-05,True
1785949257.161,64654.0,8e-05,True
1785949257.161,64654.0,8e-05,True
1785949257.161,64654.0,8e-05,True
1785949257.161,64654.0,8e-05,True
1785949257.161,64654.0,8e-05,True
1785949257.161,64653.99,8e-05,True
1785949257.161,64653.99,9e-05,True
1785949257.161,64653.99,9e-05,True
1785949257.161,64653.99,8e-05,True
1785949257.161,64653.99,8e-05,True
1785949257.161,64653.99,8e-05,True
1785949257.161,64653.99,8e-05,True
1785949257.161,64653.99,8e-05,True
1785949257.162,64653.12,9e-05,True
1785949257.162,64652.84,8e-05,True
1785949257.162,64652.61,8e-05,True
1785949257.162,64652.45,0.00023,True
1785949257.162,64652.06,8e-05,True
1785949257.174,64652.0,0.00154,True
1785949257.19,64652.0,0.00093,True
1785949257.296,64652.01,0.05208,False
1785949257.555,64652.01,0.0023,False
1785949257.922,64652.0,0.00137,True
1785949258.989,64652.01,0.00028,False
1785949259.212,64652.0,0.00116,True
1785949259.212,64652.0,0.008,True
1785949259.212,64652.0,0.006,True
1785949259.212,64652.0,0.007,True
1785949259.212,64652.0,8e-05,True
1785949259.212,64652.0,8e-05,True
1785949259.212,64652.0,8e-05,True
1785949259.212,64652.0,8e-05,True
1785949259.212,64652.0,8e-05,True
1785949259.212,64652.0,8e-05,True
1785949259.212,64652.0,8e-05,True
1785949259.212,64652.0,8e-05,True
1785949259.212,64652.0,8e-05,True
1785949259.212,64652.0,8e-05,True
1785949259.212,64652.0,9e-05,True
1785949259.212,64652.0,8e-05,True
1785949259.212,64652.0,9e-05,True
1785949259.212,64652.0,9e-05,True
1785949259.212,64652.0,8e-05,True
1785949259.212,64652.0,8e-05,True
1785949259.212,64652.0,8e-05,True
1785949259.212,64652.0,8e-05,True
1785949259.212,64652.0,8e-05,True
1785949259.212,64652.0,8e-05,True
1785949259.212,64652.0,8e-05,True
1785949259.212,64652.0,0.0001,True
1785949259.212,64652.0,0.01,True
1785949259.212,64652.0,9e-05,True
1785949259.212,64652.0,8e-05,True
1785949259.212,64652.0,0.00016,True
1785949259.212,64652.0,8e-05,True
1785949259.212,64652.0,8e-05,True
1785949259.212,64652.0,8e-05,True
1785949259.212,64652.0,8e-05,True
1785949259.212,64652.0,8e-05,True
1785949259.213,64651.99,9e-05,True
1785949259.213,64651.99,8e-05,True
1785949259.213,64651.99,8e-05,True
1785949259.213,64651.99,9e-05,True
1785949259.213,64651.99,8e-05,True
1785949259.213,64651.99,8e-05,True
1785949259.213,64651.99,8e-05,True
1785949259.213,64651.99,8e-05,True
1785949259.213,64651.99,8e-05,True
1785949259.213,64651.99,8e-05,True
1785949259.213,64651.99,8e-05,True
1785949259.213,64651.99,0.00016,True
1785949259.213,64651.98,0.00016,True
1785949259.213,64651.68,9e-05,True
1785949259.213,64650.76,0.00019,True
1785949259.213,64650.5,0.00423,True
1785949259.213,64650.27,8e-05,True
1785949259.213,64650.01,9e-05,True
1785949259.213,64650.01,9e-05,True
1785949259.213,64650.01,9e-05,True
1785949259.216,64650.0,0.005,True
1785949259.216,64650.0,0.008,True
1785949259.216,64650.0,0.006,True
1785949259.216,64650.0,0.007,True
1785949259.216,64650.0,0.01,True
1785949259.216,64650.0,9e-05,True
1785949259.216,64650.0,9e-05,True
1785949259.216,64650.0,9e-05,True
1785949259.216,64650.0,8e-05,True
1785949259.216,64650.0,8e-05,True
1785949259.216,64650.0,0.2347,True
1785949259.216,64650.0,8e-05,True
1785949259.216,64650.0,8e-05,True
1785949259.216,64650.0,8e-05,True
1785949259.216,64650.0,8e-05,True
1785949259.216,64650.0,8e-05,True
1785949259.216,64650.0,8e-05,True
1785949259.216,64650.0,8e-05,True
1785949259.216,64650.0,8e-05,True
1785949259.216,64650.0,8e-05,True
1785949259.216,64650.0,8e-05,True
1785949259.216,64650.0,8e-05,True
1785949259.216,64649.99,9e-05,True
1785949259.216,64649.99,9e-05,True
1785949259.216,64649.99,8e-05,True
1785949259.216,64649.99,8e-05,True
1785949259.216,64649.99,8e-05,True
1785949259.216,64649.99,8e-05,True
1785949259.216,64649.65,0.0001,True
1785949259.216,64649.4,8e-05,True
1785949259.216,64649.2,0.00352,True
1785949259.216,64648.99,8e-05,True
1785949259.216,64648.81,0.00309,True
1785949259.216,64648.45,9e-05,True
1785949259.216,64648.17,0.00118,True
1785949259.216,64648.01,9e-05,True
1785949259.216,64648.01,9e-05,True
1785949259.216,64648.01,9e-05,True
1785949259.216,64648.0,0.006,True
1785949259.216,64648.0,0.007,True
1785949259.216,64648.0,0.005,True
1785949259.216,64648.0,0.008,True
1785949259.216,64648.0,9e-05,True
1785949259.216,64648.0,9e-05,True
1785949259.216,64647.91,0.00282,True
1785949259.216,64647.44,0.00505,True
1785949259.216,64647.44,9e-05,True
1785949259.216,64647.44,9e-05,True
1785949259.216,64646.65,8e-05,True
1785949259.216,64646.65,8e-05,True
1785949259.216,64646.62,0.00211,True
1785949259.216,64646.4,9e-05,True
1785949259.216,64646.19,8e-05,True
1785949259.216,64646.09,9e-05,True
1785949259.216,64646.09,9e-05,True
1785949259.216,64646.09,9e-05,True
1785949259.216,64646.09,9e-05,True
1785949260.054,64646.08,0.0001,True
1785949260.059,64646.08,0.14017,True
1785949260.059,64646.08,8e-05,True
1785949260.059,64646.08,9e-05,True
1785949260.059,64646.08,9e-05,True
1785949260.059,64646.08,8e-05,True
1785949260.059,64646.08,8e-05,True
1785949260.059,64646.08,8e-05,True
1785949260.059,64646.08,8e-05,True
1785949260.059,64646.08,8e-05,True
1785949260.059,64646.08,8e-05,True
1785949260.059,64646.08,8e-05,True
1785949260.059,64646.08,8e-05,True
1785949260.059,64646.08,8e-05,True
1785949260.059,64646.08,8e-05,True
1785949260.059,64646.08,8e-05,True
1785949260.059,64646.08,8e-05,True
1785949260.059,64646.08,9e-05,True
1785949260.059,64646.08,8e-05,True
1785949260.059,64646.08,8e-05,True
1785949260.059,64646.08,0.00047,True
1785949260.059,64646.08,0.00016,True
1785949260.059,64646.08,8e-05,True
1785949260.059,64646.08,8e-05,True
1785949260.059,64646.08,8e-05,True
1785949260.059,64646.08,8e-05,True
1785949260.059,64646.08,8e-05,True
1785949260.059,64646.08,8e-05,True
1785949260.059,64646.08,8e-05,True
1785949260.059,64646.08,9e-05,True
1785949260.059,64646.08,8e-05,True
1785949260.059,64646.08,8e-05,True
1785949260.059,64646.08,8e-05,True
1785949260.059,64646.08,8e-05,True
1785949260.059,64646.08,8e-05,True
1785949260.059,64646.08,8e-05,True
1785949260.059,64646.07,9e-05,True
1785949260.059,64646.07,9e-05,True
1785949260.059,64646.07,8e-05,True
1785949260.059,64646.07,8e-05,True
1785949260.059,64646.07,8e-05,True
1785949260.059,64646.07,8e-05,True
1785949260.059,64646.07,8e-05,True
1785949260.059,64646.07,8e-05,True
1785949260.059,64646.07,8e-05,True
1785949260.059,64646.07,8e-05,True
1785949260.059,64646.07,8e-05,True
1785949260.059,64646.01,9e-05,True
1785949260.059,64646.01,9e-05,True
1785949260.059,64646.01,9e-05,True
1785949260.059,64646.0,0.005,True
1785949260.059,64646.0,0.008,True
1785949260.059,64646.0,0.006,True
1785949260.059,64646.0,0.0066,True
1785949260.06,64646.0,0.0004,True
1785949260.06,64646.0,9e-05,True
1785949260.06,64646.0,9e-05,True
1785949260.06,64645.79,8e-05,True
1785949260.06,64645.79,8e-05,True
1785949260.06,64645.29,8e-05,True
1785949260.06,64645.29,8e-05,True
1785949260.06,64645.22,9e-05,True
1785949260.06,64645.0,0.0025,True
1785949260.06,64644.49,8e-05,True
1785949260.06,64644.38,0.00413,True
1785949260.06,64644.31,0.00019,True
1785949260.06,64644.01,9e-05,True
1785949260.06,64644.01,9e-05,True
1785949260.06,64644.01,9e-05,True
1785949260.06,64644.01,9e-05,True
1785949260.06,64644.0,0.005,True
1785949260.06,64644.0,0.008,True
1785949260.06,64644.0,0.006,True
1785949260.06,64644.0,0.007,True
1785949260.06,64644.0,9e-05,True
1785949260.06,64644.0,9e-05,True
1785949260.06,64643.21,9e-05,True
1785949260.06,64643.21,9e-05,True
1785949260.06,64643.21,9e-05,True
1785949260.06,64643.2,0.0053,True
1785949260.06,64643.2,0.0114,True
1785949260.06,64643.2,9e-05,True
1785949260.06,64643.2,9e-05,True
1785949260.06,64643.08,0.00344,True
1785949260.06,64642.98,8e-05,True
1785949260.06,64642.02,9e-05,True
1785949260.06,64642.02,9e-05,True
1785949260.06,64642.02,8e-05,True
1785949260.06,64642.02,8e-05,True
1785949260.06,64642.01,9e-05,True
1785949260.06,64642.01,9e-05,True
1785949260.06,64642.01,9e-05,True
1785949260.06,64642.0,0.005,True
1785949260.06,64642.0,0.008,True
1785949260.06,64642.0,0.006,True
1785949260.06,64642.0,0.007,True
1785949260.06,64642.0,9e-05,True
1785949260.06,64642.0,9e-05,True
1785949260.06,64641.99,9e-05,True
1785949260.06,64641.79,0.00276,True
1785949260.06,64641.76,8e-05,True
1785949260.06,64641.72,8e-05,True
1785949260.06,64641.42,8e-05,True
1785949260.06,64641.42,8e-05,True
1785949260.06,64641.24,0.00458,True
1785949260.06,64641.08,8e-05,True
1785949260.06,64641.08,8e-05,True
1785949260.06,64640.73,9e-05,True
1785949260.06,64640.72,0.01502,True
1785949260.06,64640.72,9e-05,True
1785949260.06,64640.72,9e-05,True
1785949260.06,64640.5,0.00207,True
1785949260.06,64640.3,9e-05,True
1785949260.06,64640.3,9e-05,True
1785949260.06,64640.1,8e-05,True
1785949260.06,64640.05,8e-05,True
1785949260.06,64640.0,0.007,True
1785949260.06,64640.0,0.005,True
1785949260.06,64640.0,0.0005,True
1785949260.105,64640.0,0.00107,True
1785949260.295,64640.01,0.00013,False
1785949260.778,64640.0,0.0001,True
1785949260.785,64640.0,0.00272,True
1785949261.123,64640.01,0.00053,False
1785949262.583,64640.0,0.00186,True
1785949262.94,64640.0,0.00077,True
1785949263.206,64640.0,0.00268,True
1785949263.464,64640.0,0.00023,True
1785949264.541,64640.01,8e-05,False
1785949264.541,64640.01,9e-05,False
1785949264.541,64640.01,8e-05,False
1785949264.541,64640.01,8e-05,False
1785949264.541,64640.01,8e-05,False
1785949264.541,64640.01,0.0236,False
1785949264.541,64640.01,8e-05,False
1785949264.541,64640.01,0.01064,False
1785949264.541,64640.01,8e-05,False
1785949264.541,64640.01,0.00773,False
1785949264.541,64640.01,8e-05,False
1785949264.541,64640.01,0.00188,False
1785949264.541,64640.01,0.00015,False
1785949264.541,64640.01,0.00048,False
1785949264.541,64640.01,0.00048,False
1785949264.541,64640.01,0.00048,False
1785949264.541,64640.01,8e-05,False
1785949264.541,64640.01,8e-05,False
1785949264.541,64640.01,0.00523,False
1785949264.541,64640.01,0.0007,False
1785949264.541,64640.01,0.00017,False
1785949264.541,64640.01,9e-05,False
1785949264.541,64640.01,8e-05,False
1785949264.541,64640.01,0.11337,False
1785949264.541,64640.01,8e-05,False
1785949264.541,64640.01,9e-05,False
1785949264.541,64640.01,9e-05,False
1785949264.541,64640.01,9e-05,False
1785949264.541,64640.01,8e-05,False
1785949264.541,64640.01,8e-05,False
1785949264.541,64640.01,8e-05,False
1785949264.541,64640.01,8e-05,False
1785949264.541,64640.01,8e-05,False
1785949264.541,64640.01,8e-05,False
1785949264.541,64640.01,8e-05,False
1785949264.541,64640.01,8e-05,False
1785949264.541,64640.01,8e-05,False
1785949264.541,64640.01,0.001,False
1785949264.541,64640.01,0.00142,False
1785949264.541,64640.01,8e-05,False
1785949264.541,64640.01,8e-05,False
1785949264.541,64640.01,0.00017,False
1785949264.541,64640.01,8e-05,False
1785949264.541,64640.01,8e-05,False
1785949264.541,64640.01,8e-05,False
1785949264.541,64640.01,8e-05,False
1785949264.541,64640.01,8e-05,False
1785949264.541,64640.01,8e-05,False
1785949264.541,64640.01,8e-05,False
1785949264.541,64640.01,8e-05,False
1785949264.541,64640.01,8e-05,False
1785949264.541,64640.01,8e-05,False
1785949264.541,64640.01,8e-05,False
1785949264.541,64640.01,8e-05,False
1785949264.541,64640.01,8e-05,False
1785949264.541,64640.01,8e-05,False
1785949264.541,64640.01,8e-05,False
1785949264.541,64640.01,8e-05,False
1785949264.541,64640.01,8e-05,False
1785949264.541,64640.01,8e-05,False
1785949264.541,64640.01,8e-05,False
1785949264.541,64640.01,8e-05,False
1785949264.541,64640.01,8e-05,False
1785949264.547,64640.02,0.0001,False
1785949264.55,64640.02,6e-05,False
1785949264.55,64640.02,8e-05,False
1785949264.55,64640.02,8e-05,False
1785949264.55,64640.02,8e-05,False
1785949264.55,64640.02,8e-05,False
1785949264.55,64640.02,8e-05,False
1785949264.55,64640.02,8e-05,False
1785949264.55,64640.02,8e-05,False
1785949264.55,64640.02,8e-05,False
1785949264.55,64640.02,9e-05,False
1785949264.55,64640.02,8e-05,False
1785949264.55,64640.02,9e-05,False
1785949264.55,64640.02,8e-05,False
1785949264.55,64640.02,8e-05,False
1785949264.55,64640.02,8e-05,False
1785949264.55,64640.02,8e-05,False
1785949264.55,64640.02,8e-05,False
1785949264.55,64640.02,8e-05,False
1785949264.55,64640.02,8e-05,False
1785949264.55,64640.02,8e-05,False
1785949264.55,64640.02,8e-05,False
1785949264.55,64640.02,8e-05,False
1785949264.55,64640.02,8e-05,False
1785949264.55,64640.02,8e-05,False
1785949264.55,64640.02,8e-05,False
1785949264.55,64640.02,8e-05,False
1785949264.55,64640.03,0.00016,False
1785949264.55,64640.03,9e-05,False
1785949264.55,64640.03,8e-05,False
1785949264.55,64640.03,8e-05,False
1785949264.55,64640.03,8e-05,False
1785949264.55,64640.03,8e-05,False
1785949264.55,64640.03,8e-05,False
1785949264.55,64640.03,8e-05,False
1785949264.55,64640.03,9e-05,False
1785949264.55,64640.08,9e-05,False
1785949264.55,64640.08,9e-05,False
1785949264.55,64640.09,9e-05,False
1785949264.55,64640.09,9e-05,False
1785949264.55,64640.11,8e-05,False
1785949264.55,64640.11,9e-05,False
1785949264.55,64640.11,9e-05,False
1785949264.55,64640.11,8e-05,False
1785949264.55,64640.22,9e-05,False
1785949264.55,64640.22,9e-05,False
1785949264.55,64640.22,9e-05,False
1785949264.55,64640.23,0.0167,False
1785949264.55,64640.23,0.00185,False
1785949264.55,64640.23,9e-05,False
1785949264.55,64640.23,9e-05,False
1785949264.55,64640.26,9e-05,False
1785949264.55,64640.26,9e-05,False
1785949264.55,64640.3,8e-05,False
1785949264.55,64640.3,8e-05,False
1785949264.55,64640.3,9e-05,False
1785949264.55,64640.3,9e-05,False
1785949264.55,64640.3,8e-05,False
1785949264.55,64640.3,8e-05,False
1785949264.55,64640.64,9e-05,False
1785949264.55,64640.64,9e-05,False
1785949264.55,64640.73,8e-05,False
1785949264.55,64640.73,8e-05,False
1785949264.558,64641.31,0.00436,False
1785949264.558,64641.31,8e-05,False
1785949264.558,64641.31,8e-05,False
1785949264.558,64641.31,9e-05,False
1785949264.558,64641.31,9e-05,False
1785949264.558,64641.31,8e-05,False
1785949264.558,64641.31,8e-05,False
1785949264.558,64641.31,8e-05,False
1785949264.558,64641.31,8e-05,False
1785949264.558,64641.31,8e-05,False
1785949264.558,64641.31,8e-05,False
1785949264.558,64641.31,8e-05,False
1785949264.558,64641.31,8e-05,False
1785949264.558,64641.31,8e-05,False
1785949264.558,64641.31,9e-05,False
1785949264.558,64641.31,8e-05,False
1785949264.558,64641.31,8e-05,False
1785949264.558,64641.31,9e-05,False
1785949264.558,64641.31,8e-05,False
1785949264.558,64641.31,8e-05,False
1785949264.558,64641.31,8e-05,False
1785949264.558,64641.31,8e-05,False
1785949264.558,64641.31,8e-05,False
1785949264.558,64641.32,8e-05,False
1785949264.558,64641.32,9e-05,False
1785949264.558,64641.32,8e-05,False
1785949264.558,64641.32,8e-05,False
1785949264.558,64641.32,9e-05,False
1785949264.558,64641.32,8e-05,False
1785949264.558,64641.32,8e-05,False
1785949264.558,64641.32,8e-05,False
1785949264.558,64641.41,9e-05,False
1785949264.558,64641.41,9e-05,False
1785949264.558,64641.88,8e-05,False
1785949264.558,64641.88,8e-05,False
1785949264.558,64641.88,8e-05,False
1785949264.558,64641.88,8e-05,False
1785949264.558,64641.92,8e-05,False
1785949264.558,64641.99,9e-05,False
1785949264.558,64641.99,9e-05,False
1785949264.558,64641.99,9e-05,False
1785949264.573,64642.0,0.007,False
1785949264.573,64642.0,0.005,False
1785949264.573,64642.0,9e-05,False
1785949264.573,64642.0,9e-05,False
1785949264.573,64642.0,9e-05,False
1785949264.573,64642.0,9e-05,False
1785949264.573,64642.0,8e-05,False
1785949264.573,64642.0,8e-05,False
1785949264.573,64642.0,8e-05,False
1785949264.573,64642.0,8e-05,False
1785949264.573,64642.0,8e-05,False
1785949264.573,64642.0,8e-05,False
1785949264.573,64642.0,8e-05,False
1785949264.573,64642.0,8e-05,False
1785949264.573,64642.0,8e-05,False
1785949264.573,64642.0,0.02758,False
1785949264.573,64642.0,8e-05,False
1785949264.573,64642.0,8e-05,False
1785949264.573,64642.0,8e-05,False
1785949264.573,64642.0,8e-05,False
1785949264.573,64642.0,8e-05,False
1785949264.573,64642.0,8e-05,False
1785949264.573,64642.0,9e-05,False
1785949264.573,64642.0,8e-05,False
1785949264.573,64642.0,8e-05,False
1785949264.573,64642.01,8e-05,False
1785949264.573,64642.01,8e-05,False
1785949264.573,64642.01,8e-05,False
1785949264.573,64642.01,8e-05,False
1785949264.573,64642.01,9e-05,False
1785949264.573,64642.01,9e-05,False
1785949264.573,64642.01,8e-05,False
1785949264.573,64642.01,8e-05,False
1785949264.573,64642.01,8e-05,False
1785949264.573,64642.6,0.00348,False
1785949264.573,64642.6,9e-05,False
1785949264.573,64642.6,9e-05,False
1785949264.573,64642.78,9e-05,False
1785949264.573,64642.78,9e-05,False
1785949264.573,64642.98,8e-05,False
1785949264.573,64643.04,9e-05,False
1785949264.573,64643.04,9e-05,False
1785949264.573,64643.18,8e-05,False
1785949264.573,64643.18,8e-05,False
1785949264.573,64643.18,9e-05,False
1785949264.573,64643.18,9e-05,False
1785949264.573,64643.18,8e-05,False
1785949264.573,64643.18,8e-05,False
1785949264.573,64643.18,8e-05,False
1785949264.573,64643.18,8e-05,False
1785949264.573,64643.18,8e-05,False
1785949264.573,64643.18,8e-05,False
1785949264.573,64643.18,8e-05,False
1785949264.573,64643.18,8e-05,False
1785949264.573,64643.19,8e-05,False
1785949264.573,64643.19,9e-05,False
1785949264.573,64643.19,9e-05,False
1785949264.573,64643.19,8e-05,False
1785949264.573,64643.19,9e-05,False
1785949264.573,64643.2,0.03837,False
1785949264.947,64643.19,0.00088,True
1785949265.046,64643.2,8e-05,False
1785949265.046,64643.2,8e-05,False
1785949265.046,64643.2,8e-05,False
1785949265.046,64643.2,8e-05,False
1785949265.046,64643.2,1e-05,False
1785949265.142,64643.19,0.01075,True
1785949265.461,64643.2,7e-05,False
1785949265.461,64643.2,8e-05,False
1785949265.461,64643.2,8e-05,False
1785949265.461,64643.2,8e-05,False
1785949265.461,64643.2,6e-05,False
1785949266.285,64643.2,9e-05,False
1785949266.285,64643.2,8e-05,False
1785949266.285,64643.2,0.00131,False
1785949267.307,64643.2,0.02102,False
1785949268.302,64643.2,8e-05,False
1785949268.302,64643.2,8e-05,False
1785949268.302,64643.2,0.00513,False
1785949268.302,64643.2,8e-05,False
1785949268.302,64643.2,8e-05,False
1785949268.302,64643.2,9e-05,False
1785949268.302,64643.2,9e-05,False
1785949268.302,64643.2,9e-05,False
1785949268.302,64643.2,9e-05,False
1785949268.302,64643.2,6e-05,False
1785949268.308,64643.2,0.00386,False
1785949268.309,64643.2,0.29583,False
1785949268.309,64643.2,8e-05,False
1785949268.309,64643.2,8e-05,False
1785949268.309,64643.2,8e-05,False
1785949268.309,64643.2,8e-05,False
1785949268.309,64643.2,0.00069,False
1785949268.309,64643.2,8e-05,False
1785949268.309,64643.2,8e-05,False
1785949268.309,64643.2,8e-05,False
1785949268.309,64643.2,8e-05,False
1785949268.309,64643.2,9e-05,False
1785949268.309,64643.2,9e-05,False
1785949268.309,64643.2,9e-05,False
1785949268.309,64643.2,8e-05,False
1785949268.309,64643.2,8e-05,False
1785949268.309,64643.2,8e-05,False
1785949268.309,64643.2,0.00017,False
1785949268.309,64643.2,8e-05,False
1785949268.309,64643.2,8e-05,False
1785949268.309,64643.2,8e-05,False
1785949268.309,64643.2,9e-05,False
1785949268.309,64643.2,9e-05,False
1785949268.309,64643.2,8e-05,False
1785949268.309,64643.2,8e-05,False
1785949268.309,64643.2,9e-05,False
1785949268.309,64643.2,9e-05,False
1785949268.309,64643.2,8e-05,False
1785949268.309,64643.2,8e-05,False
1785949268.309,64643.2,8e-05,False
1785949268.309,64643.2,9e-05,False
1785949268.309,64643.2,9e-05,False
1785949268.309,64643.2,8e-05,False
1785949268.309,64643.2,8e-05,False
1785949268.309,64643.2,8e-05,False
1785949268.309,64643.2,9e-05,False
1785949268.309,64643.2,8e-05,False
1785949268.309,64643.2,8e-05,False
1785949268.309,64643.2,8e-05,False
1785949268.309,64643.2,8e-05,False
1785949268.309,64643.2,8e-05,False
1785949268.309,64643.2,8e-05,False
1785949268.309,64643.2,8e-05,False
1785949268.309,64643.2,8e-05,False
1785949268.309,64643.2,8e-05,False
1785949268.309,64643.2,8e-05,False
1785949268.309,64643.2,8e-05,False
1785949268.309,64643.21,8e-05,False
1785949268.309,64643.21,9e-05,False
1785949268.309,64643.21,9e-05,False
1785949268.309,64643.21,8e-05,False
1785949268.309,64643.21,8e-05,False
1785949268.309,64643.21,8e-05,False
1785949268.309,64643.21,8e-05,False
1785949268.309,64643.21,8e-05,False
1785949268.309,64643.21,8e-05,False
1785949268.309,64643.21,8e-05,False
1785949268.309,64643.21,8e-05,False
1785949268.309,64643.21,8e-05,False
1785949268.309,64643.21,8e-05,False
1785949268.309,64643.21,8e-05,False
1785949268.309,64643.21,8e-05,False
1785949268.313,64643.57,8e-05,False
1785949268.313,64643.57,8e-05,False
1785949268.313,64643.57,9e-05,False
1785949268.313,64643.57,9e-05,False
1785949268.313,64643.57,8e-05,False
1785949268.313,64643.57,8e-05,False
1785949268.313,64643.57,8e-05,False
1785949268.313,64643.57,8e-05,False
1785949268.313,64643.57,8e-05,False
1785949268.313,64643.57,8e-05,False
1785949268.313,64643.57,8e-05,False
1785949268.313,64643.57,8e-05,False
1785949268.313,64643.57,8e-05,False
1785949268.313,64643.57,8e-05,False
1785949268.313,64643.57,8e-05,False
1785949268.313,64643.57,8e-05,False
1785949268.313,64643.57,8e-05,False
1785949268.313,64643.57,8e-05,False
1785949268.313,64643.57,8e-05,False
1785949268.313,64643.57,8e-05,False
1785949268.313,64643.57,8e-05,False
1785949268.313,64643.57,8e-05,False
1785949268.313,64643.58,9e-05,False
1785949268.313,64643.58,8e-05,False
1785949268.313,64643.58,8e-05,False
1785949268.313,64643.58,8e-05,False
1785949268.313,64643.58,8e-05,False
1785949268.313,64643.58,8e-05,False
1785949268.313,64643.58,9e-05,False
1785949268.313,64643.58,8e-05,False
1785949268.313,64643.82,9e-05,False
1785949268.313,64643.82,9e-05,False
1785949268.313,64643.82,9e-05,False
1785949268.316,64643.83,9e-05,False
1785949268.316,64643.83,8e-05,False
1785949268.316,64643.83,8e-05,False
1785949268.316,64643.83,8e-05,False
1785949268.316,64643.83,9e-05,False
1785949268.316,64643.83,9e-05,False
1785949268.316,64643.83,8e-05,False
1785949268.316,64643.83,9e-05,False
1785949268.316,64643.83,8e-05,False
1785949268.316,64643.84,9e-05,False
1785949268.316,64643.84,9e-05,False
1785949268.316,64643.84,8e-05,False
1785949268.316,64643.84,8e-05,False
1785949268.316,64643.95,9e-05,False
1785949268.316,64643.95,9e-05,False
1785949268.316,64643.95,9e-05,False
1785949268.316,64643.96,0.00185,False
1785949268.316,64643.96,0.0167,False
1785949268.316,64643.96,9e-05,False
1785949268.316,64643.96,9e-05,False
1785949268.316,64643.99,9e-05,False
1785949268.316,64643.99,9e-05,False
1785949268.316,64643.99,9e-05,False
1785949268.316,64644.0,0.007,False
1785949268.316,64644.0,0.008,False
1785949268.316,64644.0,0.005,False
1785949268.316,64644.0,0.006,False
1785949268.316,64644.0,9e-05,False
1785949268.316,64644.0,9e-05,False
1785949268.316,64644.48,8e-05,False
1785949268.316,64644.5,0.00427,False
1785949268.316,64644.62,8e-05,False
1785949268.316,64644.62,8e-05,False
1785949268.316,64645.13,8e-05,False
1785949268.316,64645.79,0.00342,False
1785949268.316,64645.99,9e-05,False
1785949268.316,64645.99,9e-05,False
1785949268.316,64645.99,9e-05,False
1785949268.316,64646.0,0.007,False
1785949268.316,64646.0,0.008,False
1785949268.316,64646.0,0.005,False
1785949268.316,64646.0,0.006,False
1785949268.316,64646.0,8e-05,False
1785949268.316,64646.0,9e-05,False
1785949268.316,64646.0,8e-05,False
1785949268.316,64646.06,9e-05,False
1785949268.316,64646.07,9e-05,False
1785949268.316,64646.07,9e-05,False
1785949268.316,64646.07,9e-05,False
1785949268.319,64646.08,0.00587,False
1785949268.381,64646.08,0.1344,False
1785949268.381,64646.08,8e-05,False
1785949268.381,64646.08,9e-05,False
1785949268.381,64646.08,9e-05,False
1785949268.381,64646.08,8e-05,False
1785949268.381,64646.08,8e-05,False
1785949268.381,64646.08,9e-05,False
1785949268.381,64646.08,9e-05,False
1785949268.381,64646.08,8e-05,False
1785949268.381,64646.08,8e-05,False
1785949268.381,64646.08,8e-05,False
1785949268.381,64646.08,0.13663,False
1785949268.381,64646.08,8e-05,False
1785949268.381,64646.08,9e-05,False
1785949268.381,64646.08,8e-05,False
1785949268.381,64646.08,8e-05,False
1785949268.381,64646.08,8e-05,False
1785949268.381,64646.08,8e-05,False
1785949268.381,64646.08,8e-05,False
1785949268.381,64646.08,8e-05,False
1785949268.381,64646.08,8e-05,False
1785949268.381,64646.08,8e-05,False
1785949268.381,64646.09,0.00016,False
1785949268.381,64646.09,9e-05,False
1785949268.381,64646.09,9e-05,False
1785949268.381,64646.09,8e-05,False
1785949268.381,64646.09,8e-05,False
1785949268.384,64646.09,8e-05,False
1785949268.384,64646.09,2e-05,False
1785949268.395,64646.09,6e-05,False
1785949268.395,64646.09,8e-05,False
1785949268.395,64646.09,9e-05,False
1785949268.395,64646.09,8e-05,False
1785949268.395,64646.09,9e-05,False
1785949268.395,64646.09,8e-05,False
1785949268.395,64646.09,0.00769,False
1785949268.401,64646.09,8e-05,False
1785949268.401,64646.09,8e-05,False
1785949268.401,64646.09,8e-05,False
1785949268.401,64646.09,8e-05,False
1785949268.401,64646.09,8e-05,False
1785949268.401,64646.09,8e-05,False
1785949268.401,64646.09,8e-05,False
1785949268.401,64646.09,9e-05,False
1785949268.401,64646.09,9e-05,False
1785949268.401,64646.09,8e-05,False
1785949268.401,64646.09,8e-05,False
1785949268.401,64646.09,9e-05,False
1785949268.401,64646.09,9e-05,False
1785949268.401,64646.09,8e-05,False
1785949268.401,64646.1,9e-05,False
1785949268.401,64646.1,9e-05,False
1785949268.401,64646.1,8e-05,False
1785949268.401,64646.1,8e-05,False
1785949268.401,64646.1,8e-05,False
1785949268.401,64646.19,8e-05,False
1785949268.401,64646.41,8e-05,False
1785949268.401,64646.48,8e-05,False
1785949268.401,64646.48,8e-05,False
1785949268.401,64647.49,9e-05,False
1785949268.401,64647.49,9e-05,False
1785949268.401,64647.55,9e-05,False
1785949268.401,64647.55,9e-05,False
1785949268.401,64647.91,8e-05,False
1785949268.401,64647.99,9e-05,False
1785949268.401,64647.99,9e-05,False
1785949268.401,64647.99,9e-05,False
1785949268.802,64648.0,0.007,False
1785949268.802,64648.0,0.008,False
1785949268.802,64648.0,0.005,False
1785949268.802,64648.0,0.006,False
1785949268.802,64648.0,8e-05,False
1785949268.802,64648.0,8e-05,False
1785949268.802,64648.0,8e-05,False
1785949268.802,64648.0,8e-05,False
1785949268.802,64648.0,8e-05,False
1785949268.802,64648.0,8e-05,False
1785949268.802,64648.0,8e-05,False
1785949268.802,64648.0,8e-05,False
1785949268.802,64648.0,8e-05,False
1785949268.802,64648.0,8e-05,False
1785949268.802,64648.0,8e-05,False
1785949268.802,64648.0,8e-05,False
1785949268.802,64648.0,9e-05,False
1785949268.802,64648.0,8e-05,False
1785949268.802,64648.0,9e-05,False
1785949268.802,64648.0,8e-05,False
1785949268.802,64648.0,8e-05,False
1785949268.802,64648.0,0.00503,False
1785949268.802,64648.0,8e-05,False
1785949268.802,64648.0,8e-05,False
1785949268.802,64648.0,8e-05,False
1785949268.802,64648.0,0.00044,False
1785949268.802,64648.0,8e-05,False
1785949268.802,64648.0,8e-05,False
1785949268.802,64648.0,9e-05,False
1785949268.802,64648.0,9e-05,False
1785949268.802,64648.0,9e-05,False
1785949268.802,64648.0,8e-05,False
1785949268.802,64648.0,8e-05,False
1785949268.802,64648.0,8e-05,False
1785949268.802,64648.0,8e-05,False
1785949268.802,64648.0,8e-05,False
1785949268.802,64648.0,8e-05,False
1785949268.802,64648.0,8e-05,False
1785949268.802,64648.01,9e-05,False
1785949268.802,64648.01,9e-05,False
1785949268.802,64648.01,8e-05,False
1785949268.802,64648.01,8e-05,False
1785949268.802,64648.01,8e-05,False
1785949268.802,64648.01,8e-05,False
1785949268.802,64648.01,8e-05,False
1785949268.802,64648.01,8e-05,False
1785949268.802,64648.01,8e-05,False
1785949268.802,64648.01,8e-05,False
1785949268.802,64648.05,0.00264,False
1785949268.803,64648.1,0.00427,False
1785949268.803,64648.24,9e-05,False
1785949268.803,64648.24,9e-05,False
1785949268.803,64648.24,9e-05,False
1785949269.004,64648.25,0.01144,False
1785949269.004,64648.25,9e-05,False
1785949269.004,64648.25,9e-05,False
1785949269.004,64648.25,8e-05,False
1785949269.004,64648.25,8e-05,False
1785949269.004,64648.25,8e-05,False
1785949269.004,64648.25,9e-05,False
1785949269.004,64648.25,8e-05,False
1785949269.004,64648.25,8e-05,False
1785949269.004,64648.25,8e-05,False
1785949269.004,64648.25,8e-05,False
1785949269.004,64648.25,8e-05,False
1785949269.004,64648.25,8e-05,False
1785949269.004,64648.25,8e-05,False
1785949269.004,64648.25,8e-05,False
1785949269.004,64648.25,8e-05,False
1785949269.004,64648.25,8e-05,False
1785949269.004,64648.25,8e-05,False
1785949269.004,64648.25,8e-05,False
1785949269.004,64648.25,8e-05,False
1785949269.004,64648.25,9e-05,False
1785949269.004,64648.25,0.00433,False
1785949269.246,64648.24,0.00303,True
1785949269.547,64648.24,0.01008,True
1785949269.716,64648.24,0.00032,True
1785949270.236,64648.24,0.0013,True
1785949271.61,64648.25,8e-05,False
1785949271.61,64648.25,0.00246,False
1785949272.393,64648.24,0.00511,True
1785949272.501,64648.24,0.0001,True
1785949272.618,64648.25,0.00057,False
1785949273.902,64648.25,0.00032,False
1785949274.886,64648.24,8e-05,True
1785949274.886,64648.24,9e-05,True
1785949276.249,64648.25,0.00047,False
1785949276.274,64648.24,0.00109,True
1785949277.872,64648.25,0.00079,False
1785949277.889,64648.25,0.00222,False
1785949278.438,64648.24,0.0001,True
1785949279.297,64648.25,0.00012,False
1785949279.748,64648.25,0.00013,False
1785949280.019,64648.25,0.00154,False
1785949280.417,64648.25,0.00013,False
1785949280.429,64648.24,0.00032,True
1785949281.123,64648.24,0.00246,True
1785949281.232,64648.25,0.00021,False
1785949281.617,64648.25,0.30764,False
1785949281.617,64648.25,0.125,False
1785949281.617,64648.25,8e-05,False
1785949281.617,64648.25,8e-05,False
1785949281.617,64648.25,8e-05,False
1785949281.617,64648.25,9e-05,False
1785949281.617,64648.25,0.00016,False
1785949281.617,64648.25,8e-05,False
1785949281.617,64648.25,8e-05,False
1785949281.617,64648.25,0.0025,False
1785949281.617,64648.25,0.86467,False
1785949281.617,64648.25,0.00027,False
1785949281.617,64648.25,0.00027,False
1785949281.617,64648.25,0.38997,False
1785949281.617,64648.25,0.20329,False
1785949281.617,64648.25,8e-05,False
1785949281.617,64648.25,8e-05,False
1785949281.617,64648.25,0.02157,False
1785949281.617,64648.25,0.00027,False
1785949281.617,64648.25,8e-05,False
1785949281.617,64648.25,0.00037,False
1785949281.617,64648.25,0.00047,False
1785949281.617,64648.25,0.00037,False
1785949281.617,64648.25,0.00243,False
1785949281.617,64648.25,0.00037,False
1785949281.617,64648.25,0.00037,False
1785949281.617,64648.25,0.00069,False
1785949281.617,64648.25,0.00048,False
1785949281.617,64648.25,0.00188,False
1785949281.617,64648.25,8e-05,False
1785949281.617,64648.25,0.00154,False
1785949281.617,64648.25,0.003,False
1785949281.617,64648.25,0.003,False
1785949281.617,64648.25,0.003,False
1785949281.617,64648.25,0.003,False
1785949281.617,64648.25,0.003,False
1785949281.617,64648.25,0.003,False
1785949281.617,64648.25,0.003,False
1785949281.617,64648.25,0.003,False
1785949281.617,64648.25,0.003,False
1785949281.617,64648.25,0.003,False
1785949281.617,64648.25,0.003,False
1785949281.617,64648.25,0.003,False
1785949281.617,64648.25,0.003,False
1785949281.617,64648.25,0.003,False
1785949281.617,64648.25,0.003,False
1785949281.617,64648.25,0.003,False
1785949281.617,64648.25,0.003,False
1785949281.617,64648.25,0.003,False
1785949281.617,64648.25,0.003,False
1785949281.617,64648.25,0.003,False
1785949281.617,64648.25,0.003,False
1785949281.617,64648.25,0.00018,False
1785949281.617,64648.25,0.00992,False
1785949281.617,64648.25,0.00017,False
1785949281.617,64648.25,0.00048,False
1785949281.617,64648.25,0.00046,False
1785949281.617,64648.25,9e-05,False
1785949281.617,64648.25,9e-05,False
1785949281.617,64648.25,9e-05,False
1785949281.617,64648.25,0.00024,False
1785949281.617,64648.25,0.00044,False
1785949281.617,64648.25,0.00048,False
1785949281.617,64648.25,0.00037,False
1785949281.617,64648.25,0.00068,False
1785949281.617,64648.25,0.00216,False
1785949281.617,64648.25,8e-05,False
1785949281.617,64648.25,8e-05,False
1785949281.617,64648.25,9e-05,False
1785949281.617,64648.25,0.00167,False
1785949281.617,64648.25,8e-05,False
1785949281.617,64648.25,8e-05,False
1785949281.617,64648.25,8e-05,False
1785949281.617,64648.25,8e-05,False
1785949281.617,64648.25,8e-05,False
1785949281.617,64648.25,8e-05,False
1785949281.617,64648.25,8e-05,False
1785949281.617,64648.25,0.11873,False
1785949281.617,64648.25,8e-05,False
1785949281.617,64648.25,0.00017,False
1785949281.617,64648.25,8e-05,False
1785949281.617,64648.25,0.00023,False
1785949281.617,64648.25,0.02,False
1785949281.617,64648.25,8e-05,False
1785949281.617,64648.25,8e-05,False
1785949281.617,64648.25,8e-05,False
1785949281.617,64648.25,8e-05,False
1785949281.617,64648.25,8e-05,False
1785949281.617,64648.25,8e-05,False
1785949281.617,64648.25,8e-05,False
1785949281.617,64648.25,8e-05,False
1785949281.617,64648.25,8e-05,False
1785949281.617,64648.25,8e-05,False
1785949281.617,64648.25,8e-05,False
1785949281.617,64648.25,8e-05,False
1785949281.617,64648.25,8e-05,False
1785949281.617,64648.25,8e-05,False
1785949281.617,64648.25,8e-05,False
1785949281.617,64648.26,9e-05,False
1785949281.617,64648.26,9e-05,False
1785949281.617,64648.26,0.00016,False
1785949281.617,64648.26,8e-05,False
1785949281.617,64648.26,8e-05,False
1785949281.617,64648.26,8e-05,False
1785949281.617,64648.26,8e-05,False
1785949281.617,64648.26,8e-05,False
1785949281.617,64648.26,8e-05,False
1785949281.617,64648.27,0.00016,False
1785949281.617,64648.3,0.00264,False
1785949281.617,64648.45,9e-05,False
1785949281.617,64648.49,9e-05,False
1785949281.617,64648.49,9e-05,False
1785949281.617,64648.49,9e-05,False
1785949281.617,64648.5,0.01144,False
1785949281.617,64648.5,9e-05,False
1785949281.617,64648.5,9e-05,False
1785949281.617,64648.6,9e-05,False
1785949281.617,64648.6,9e-05,False
1785949281.617,64648.6,9e-05,False
1785949281.617,64648.61,9e-05,False
1785949281.617,64648.61,9e-05,False
1785949281.617,64648.87,9e-05,False
1785949281.617,64648.87,9e-05,False
1785949281.617,64648.87,9e-05,False
1785949281.617,64648.88,8e-05,False
1785949281.617,64648.88,9e-05,False
1785949281.617,64648.88,9e-05,False
1785949281.617,64648.88,9e-05,False
1785949281.617,64648.88,9e-05,False
1785949281.617,64648.88,8e-05,False
1785949281.617,64648.88,9e-05,False
1785949281.617,64648.89,0.12336,False
1785949281.617,64648.89,9e-05,False
1785949281.617,64648.89,9e-05,False
1785949281.617,64648.98,8e-05,False
1785949281.617,64649.19,9e-05,False
1785949281.617,64649.19,9e-05,False
1785949281.617,64649.19,9e-05,False
1785949281.617,64649.2,0.27747,False
1785949281.617,64649.2,8e-05,False
1785949281.617,64649.2,8e-05,False
1785949281.617,64649.2,9e-05,False
1785949281.617,64649.2,9e-05,False
1785949281.617,64649.2,8e-05,False
1785949281.617,64649.2,8e-05,False
1785949281.617,64649.3,0.00419,False
1785949281.617,64649.4,8e-05,False
1785949281.617,64649.97,0.00309,False
1785949281.617,64649.98,8e-05,False
1785949281.617,64650.0,0.007,False
1785949281.617,64650.0,0.008,False
1785949281.617,64650.0,0.005,False
1785949281.617,64650.0,0.006,False
1785949281.624,64650.44,0.26339,False
1785949281.624,64650.44,9e-05,False
1785949281.624,64650.44,9e-05,False
1785949281.624,64650.44,8e-05,False
1785949281.624,64650.44,8e-05,False
1785949281.624,64650.44,8e-05,False
1785949281.624,64650.44,8e-05,False
1785949281.624,64650.44,9e-05,False
1785949281.624,64650.44,9e-05,False
1785949281.624,64650.44,8e-05,False
1785949281.624,64650.44,9e-05,False
1785949281.624,64650.44,8e-05,False
1785949281.624,64650.44,8e-05,False
1785949281.624,64650.45,9e-05,False
1785949281.624,64650.45,9e-05,False
1785949281.624,64650.59,0.00336,False
1785949281.624,64650.59,8e-05,False
1785949281.624,64650.59,8e-05,False
1785949281.624,64650.77,0.00019,False
1785949281.624,64651.26,0.0001,False
1785949281.624,64651.49,9e-05,False
1785949281.624,64651.49,9e-05,False
1785949281.624,64651.49,9e-05,False
1785949281.624,64651.5,0.00185,False
1785949281.624,64651.5,0.0167,False
1785949281.624,64651.5,9e-05,False
1785949281.624,64651.5,9e-05,False
1785949281.624,64651.68,9e-05,False
1785949281.626,64651.85,8e-05,False
1785949281.626,64651.85,8e-05,False
1785949281.753,64651.88,8e-05,False
1785949281.753,64651.88,8e-05,False
1785949281.753,64651.88,8e-05,False
1785949281.753,64651.88,9e-05,False
1785949281.753,64651.88,8e-05,False
1785949281.753,64651.88,9e-05,False
1785949281.753,64651.88,0.003,False
1785949281.753,64651.88,0.003,False
1785949281.753,64651.88,0.003,False
1785949281.753,64651.88,0.003,False
1785949281.753,64651.88,8e-05,False
1785949281.753,64651.88,8e-05,False
1785949281.753,64651.88,8e-05,False
1785949281.753,64651.88,9e-05,False
1785949281.753,64651.88,0.003,False
1785949281.753,64651.88,0.003,False
1785949281.753,64651.88,0.003,False
1785949281.753,64651.88,8e-05,False
1785949281.753,64651.88,0.003,False
1785949281.753,64651.88,0.003,False
1785949281.753,64651.88,0.003,False
1785949281.753,64651.88,0.003,False
1785949281.753,64651.88,8e-05,False
1785949281.753,64651.88,0.003,False
1785949281.753,64651.88,0.003,False
1785949281.753,64651.88,0.003,False
1785949281.753,64651.88,8e-05,False
1785949281.753,64651.88,0.003,False
1785949281.753,64651.88,9e-05,False
1785949281.753,64651.88,0.003,False
1785949281.753,64651.88,0.003,False
1785949281.753,64651.88,0.003,False
1785949281.753,64651.88,0.003,False
1785949281.753,64651.88,8e-05,False
1785949281.753,64651.88,8e-05,False
1785949281.753,64651.88,8e-05,False
1785949281.753,64651.88,8e-05,False
1785949281.753,64651.88,8e-05,False
1785949281.753,64651.88,8e-05,False
1785949281.753,64651.88,8e-05,False
1785949281.753,64651.88,9e-05,False
1785949281.753,64651.88,8e-05,False
1785949281.753,64651.88,8e-05,False
1785949281.753,64651.88,8e-05,False
1785949281.753,64651.88,0.003,False
1785949281.753,64651.88,0.003,False
1785949281.753,64651.88,8e-05,False
1785949281.753,64651.88,8e-05,False
1785949281.753,64651.88,8e-05,False
1785949281.753,64651.88,8e-05,False
1785949281.753,64651.88,8e-05,False
1785949281.753,64651.88,8e-05,False
1785949281.753,64651.88,8e-05,False
1785949281.753,64651.88,8e-05,False
1785949281.753,64651.88,8e-05,False
1785949281.753,64651.88,8e-05,False
1785949281.753,64651.88,8e-05,False
1785949281.753,64651.88,8e-05,False
1785949281.753,64651.88,8e-05,False
1785949281.753,64651.88,8e-05,False
1785949281.753,64651.88,8e-05,False
1785949281.753,64651.88,8e-05,False
1785949281.753,64651.88,8e-05,False
1785949281.753,64651.88,8e-05,False
1785949281.753,64651.88,8e-05,False
1785949281.753,64651.88,8e-05,False
1785949281.753,64651.89,9e-05,False
1785949281.753,64651.89,8e-05,False
1785949281.753,64651.89,9e-05,False
1785949281.753,64651.89,8e-05,False
1785949281.753,64651.89,8e-05,False
1785949281.753,64651.89,8e-05,False
1785949281.753,64651.89,8e-05,False
1785949281.753,64651.89,8e-05,False
1785949281.753,64651.94,8e-05,False
1785949281.753,64651.94,8e-05,False
1785949281.753,64651.99,9e-05,False
1785949281.753,64651.99,9e-05,False
1785949281.753,64651.99,9e-05,False
1785949281.753,64652.0,0.007,False
1785949281.753,64652.0,0.01769,False
1785949281.753,64652.0,0.008,False
1785949281.753,64652.0,0.005,False
1785949281.753,64652.0,0.006,False
1785949281.753,64652.0,9e-05,False
1785949281.753,64652.0,9e-05,False
1785949281.753,64652.01,0.00102,False
1785949281.753,64652.01,0.00521,False
1785949281.784,64652.01,0.00143,False
1785949281.784,64652.01,8e-05,False
1785949281.784,64652.01,8e-05,False
1785949281.784,64652.01,9e-05,False
1785949281.784,64652.01,9e-05,False
1785949281.784,64652.01,8e-05,False
1785949281.784,64652.01,8e-05,False
1785949281.784,64652.01,8e-05,False
1785949281.784,64652.01,8e-05,False
1785949281.784,64652.01,8e-05,False
1785949281.784,64652.01,9e-05,False
1785949281.784,64652.01,8e-05,False
1785949281.784,64652.01,9e-05,False
1785949281.784,64652.01,8e-05,False
1785949281.784,64652.01,8e-05,False
1785949281.784,64652.01,8e-05,False
1785949281.784,64652.01,9e-05,False
1785949281.784,64652.01,8e-05,False
1785949281.784,64652.01,8e-05,False
1785949281.784,64652.01,8e-05,False
1785949281.784,64652.01,8e-05,False
1785949281.784,64652.01,8e-05,False
1785949281.784,64652.01,8e-05,False
1785949281.784,64652.01,8e-05,False
1785949281.784,64652.02,8e-05,False
1785949281.784,64652.02,9e-05,False
1785949281.784,64652.02,8e-05,False
1785949281.784,64652.02,9e-05,False
1785949281.784,64652.02,8e-05,False
1785949281.815,64652.02,8e-05,False
1785949281.815,64652.02,8e-05,False
1785949281.815,64652.02,8e-05,False
1785949281.815,64652.02,8e-05,False
1785949281.815,64652.02,9e-05,False
1785949281.815,64652.02,8e-05,False
1785949281.815,64652.02,8e-05,False
1785949281.815,64652.02,8e-05,False
1785949281.815,64652.02,8e-05,False
1785949281.815,64652.02,8e-05,False
1785949281.815,64652.02,8e-05,False
1785949281.815,64652.02,8e-05,False
1785949281.815,64652.02,8e-05,False
1785949281.815,64652.02,8e-05,False
1785949281.815,64652.02,8e-05,False
1785949281.815,64652.02,8e-05,False
1785949281.815,64652.03,8e-05,False
1785949281.815,64652.03,9e-05,False
1785949281.815,64652.03,8e-05,False
1785949281.815,64652.03,8e-05,False
1785949281.815,64652.03,8e-05,False
1785949281.815,64652.03,9e-05,False
1785949281.815,64652.03,8e-05,False
1785949281.815,64652.31,1e-05,False
1785949281.818,64652.31,7e-05,False
1785949281.818,64652.31,9e-05,False
1785949281.818,64652.31,9e-05,False
1785949281.818,64652.31,8e-05,False
1785949281.818,64652.31,8e-05,False
1785949281.818,64652.31,8e-05,False
1785949281.818,64652.31,8e-05,False
1785949281.818,64652.31,8e-05,False
1785949281.818,64652.31,8e-05,False
1785949281.818,64652.31,8e-05,False
1785949281.818,64652.32,9e-05,False
1785949281.818,64652.32,9e-05,False
1785949281.818,64652.38,8e-05,False
1785949281.818,64652.38,8e-05,False
1785949281.818,64652.61,7e-05,False
1785949281.841,64652.82,0.03469,True
1785949281.846,64652.83,8e-05,False
1785949281.846,64652.83,8e-05,False
1785949281.846,64652.83,8e-05,False
1785949281.846,64652.83,9e-05,False
1785949281.846,64652.83,8e-05,False
1785949281.846,64652.83,8e-05,False
1785949281.846,64652.83,9e-05,False
1785949281.846,64652.83,8e-05,False
1785949281.846,64652.83,8e-05,False
1785949281.846,64652.83,8e-05,False
1785949281.846,64652.83,8e-05,False
1785949281.846,64652.83,8e-05,False
1785949281.846,64652.83,8e-05,False
1785949281.846,64652.83,8e-05,False
1785949281.846,64652.83,8e-05,False
1785949281.846,64652.83,8e-05,False
1785949281.846,64652.83,8e-05,False
1785949281.846,64652.83,8e-05,False
1785949281.846,64652.83,8e-05,False
1785949281.846,64652.83,8e-05,False
1785949281.846,64652.83,8e-05,False
1785949281.846,64652.83,8e-05,False
1785949281.846,64652.83,8e-05,False
1785949281.846,64652.83,8e-05,False
1785949281.846,64652.83,8e-05,False
1785949281.846,64652.83,8e-05,False
1785949281.846,64652.83,8e-05,False
1785949281.846,64652.83,8e-05,False
1785949281.846,64652.83,8e-05,False
1785949281.846,64652.83,8e-05,False
1785949281.846,64652.83,8e-05,False
1785949281.846,64652.84,8e-05,False
1785949281.846,64652.84,8e-05,False
1785949281.846,64652.84,8e-05,False
1785949281.846,64652.84,8e-05,False
1785949281.846,64652.84,8e-05,False
1785949281.846,64652.84,9e-05,False
1785949281.846,64652.84,9e-05,False
1785949281.846,64652.84,8e-05,False
1785949281.846,64653.16,8e-05,False
1785949281.846,64653.16,8e-05,False
1785949281.846,64653.16,8e-05,False
1785949281.846,64653.16,8e-05,False
1785949281.846,64653.16,8e-05,False
1785949281.846,64653.19,0.003,False
1785949281.883,64653.19,8e-05,False
1785949281.883,64653.19,9e-05,False
1785949281.883,64653.19,8e-05,False
1785949281.883,64653.19,9e-05,False
1785949281.883,64653.19,8e-05,False
1785949281.883,64653.19,8e-05,False
1785949281.883,64653.19,8e-05,False
1785949281.883,64653.19,8e-05,False
1785949281.883,64653.19,8e-05,False
1785949281.883,64653.19,8e-05,False
1785949281.883,64653.19,8e-05,False
1785949281.883,64653.19,8e-05,False
1785949281.883,64653.19,8e-05,False
1785949281.883,64653.19,8e-05,False
1785949281.883,64653.19,9e-05,False
1785949281.883,64653.19,8e-05,False
1785949281.883,64653.19,8e-05,False
1785949281.883,64653.19,8e-05,False
1785949281.883,64653.19,8e-05,False
1785949281.883,64653.19,8e-05,False
1785949281.883,64653.19,8e-05,False
1785949281.883,64653.19,8e-05,False
1785949281.883,64653.2,8e-05,False
1785949281.883,64653.2,8e-05,False
1785949281.883,64653.2,8e-05,False
1785949281.883,64653.2,8e-05,False
1785949281.883,64653.2,2e-05,False
1785949281.906,64653.2,7e-05,False
1785949281.906,64653.2,9e-05,False
1785949281.906,64653.2,8e-05,False
1785949281.906,64653.2,9e-05,False
1785949281.906,64653.2,9e-05,False
1785949281.906,64653.2,8e-05,False
1785949281.906,64653.2,8e-05,False
1785949281.906,64653.2,0.22578,False
1785949281.906,64653.2,8e-05,False
1785949281.906,64653.2,8e-05,False
1785949281.906,64653.2,8e-05,False
1785949281.906,64653.2,8e-05,False
1785949281.906,64653.2,8e-05,False
1785949281.906,64653.2,8e-05,False
1785949281.906,64653.2,8e-05,False
1785949281.906,64653.2,8e-05,False
1785949281.906,64653.2,8e-05,False
1785949281.906,64653.2,8e-05,False
1785949281.906,64653.2,8e-05,False
1785949281.906,64653.2,9e-05,False
1785949281.906,64653.2,8e-05,False
1785949281.906,64653.2,8e-05,False
1785949281.908,64653.2,8e-05,False
1785949281.908,64653.2,8e-05,False
1785949281.908,64653.2,8e-05,False
1785949281.908,64653.2,0.00125,False
1785949281.908,64653.2,9e-05,False
1785949281.908,64653.2,8e-05,False
1785949281.908,64653.2,8e-05,False
1785949281.908,64653.2,8e-05,False
1785949281.908,64653.2,9e-05,False
1785949281.908,64653.2,9e-05,False
1785949281.908,64653.21,9e-05,False
1785949281.908,64653.21,8e-05,False
1785949281.908,64653.21,8e-05,False
1785949281.908,64653.21,8e-05,False
1785949281.908,64653.21,8e-05,False
1785949281.908,64653.21,8e-05,False
1785949281.908,64653.21,9e-05,False
1785949281.908,64653.39,8e-05,False
1785949281.908,64653.39,8e-05,False
1785949281.908,64653.99,9e-05,False
1785949281.908,64653.99,9e-05,False
1785949281.908,64653.99,9e-05,False
1785949281.918,64654.0,0.007,False
1785949281.918,64654.0,0.008,False
1785949281.918,64654.0,0.005,False
1785949281.918,64654.0,0.006,False
1785949281.918,64654.0,9e-05,False
1785949281.918,64654.0,9e-05,False
1785949281.918,64654.0,9e-05,False
1785949281.918,64654.0,8e-05,False
1785949281.918,64654.0,8e-05,False
1785949281.918,64654.0,8e-05,False
1785949281.918,64654.0,8e-05,False
1785949281.918,64654.0,8e-05,False
1785949281.918,64654.0,8e-05,False
1785949281.918,64654.0,8e-05,False
1785949281.918,64654.0,8e-05,False
1785949281.918,64654.0,8e-05,False
1785949281.918,64654.0,8e-05,False
1785949281.918,64654.0,9e-05,False
1785949281.918,64654.0,8e-05,False
1785949281.918,64654.0,8e-05,False
1785949281.918,64654.0,8e-05,False
1785949281.918,64654.01,8e-05,False
1785949281.918,64654.01,8e-05,False
1785949281.918,64654.01,9e-05,False
1785949281.918,64654.01,8e-05,False
1785949281.918,64654.01,8e-05,False
1785949281.921,64654.01,1e-05,False
1785949281.921,64654.01,8e-05,False
1785949281.921,64654.01,8e-05,False
1785949281.921,64654.01,8e-05,False
1785949281.921,64654.01,8e-05,False
1785949281.921,64654.01,9e-05,False
1785949281.921,64654.01,9e-05,False
1785949281.921,64654.01,8e-05,False
1785949281.921,64654.01,8e-05,False
1785949281.921,64654.01,8e-05,False
1785949281.921,64654.01,8e-05,False
1785949281.921,64654.01,8e-05,False
1785949281.921,64654.01,8e-05,False
1785949281.921,64654.01,8e-05,False
1785949281.921,64654.02,8e-05,False
1785949281.921,64654.02,9e-05,False
1785949281.921,64654.02,8e-05,False
1785949281.921,64654.02,9e-05,False
1785949281.921,64654.02,8e-05,False
1785949281.922,64654.26,8e-05,False
1785949281.922,64654.26,8e-05,False
1785949281.922,64654.91,9e-05,False
1785949281.922,64655.0,8e-05,False
1785949281.922,64655.0,8e-05,False
1785949281.922,64655.3,0.00012,False
1785949281.922,64655.82,8e-05,False
1785949281.922,64655.99,9e-05,False
1785949281.922,64655.99,9e-05,False
1785949281.922,64655.99,9e-05,False
1785949281.926,64656.0,0.008,False
1785949281.926,64656.0,0.005,False
1785949281.926,64656.0,0.006,False
1785949281.926,64656.0,0.007,False
1785949281.926,64656.0,9e-05,False
1785949281.926,64656.0,9e-05,False
1785949281.933,64656.0,9e-05,False
1785949281.933,64656.0,9e-05,False
1785949281.933,64656.0,8e-05,False
1785949281.933,64656.0,8e-05,False
1785949281.933,64656.0,8e-05,False
1785949281.933,64656.0,8e-05,False
1785949281.933,64656.0,8e-05,False
1785949281.933,64656.0,8e-05,False
1785949281.933,64656.0,8e-05,False
1785949281.933,64656.0,8e-05,False
1785949281.933,64656.0,8e-05,False
1785949281.933,64656.0,8e-05,False
1785949281.933,64656.0,8e-05,False
1785949281.933,64656.0,8e-05,False
1785949281.933,64656.0,8e-05,False
1785949281.933,64656.0,9e-05,False
1785949281.933,64656.0,9e-05,False
1785949281.939,64656.0,8e-05,False
1785949281.939,64656.0,8e-05,False
1785949281.939,64656.0,9e-05,False
1785949281.939,64656.0,9e-05,False
1785949281.939,64656.0,8e-05,False
1785949281.939,64656.0,8e-05,False
1785949281.939,64656.0,8e-05,False
1785949281.939,64656.0,8e-05,False
1785949281.939,64656.0,8e-05,False
1785949281.939,64656.0,8e-05,False
1785949281.939,64656.0,8e-05,False
1785949281.939,64656.01,9e-05,False
1785949281.939,64656.01,9e-05,False
1785949281.939,64656.01,8e-05,False
1785949281.939,64656.01,8e-05,False
1785949281.939,64656.01,8e-05,False
1785949281.943,64656.18,0.0009,False
1785949281.949,64656.18,0.00764,False
1785949281.949,64656.18,9e-05,False
1785949281.949,64656.18,9e-05,False
1785949281.949,64656.18,8e-05,False
1785949281.949,64656.18,8e-05,False
1785949281.949,64656.18,9e-05,False
1785949281.949,64656.18,8e-05,False
1785949281.949,64656.18,9e-05,False
1785949281.949,64656.18,8e-05,False
1785949281.949,64656.18,8e-05,False
1785949281.949,64656.18,8e-05,False
1785949281.949,64656.18,8e-05,False
1785949281.949,64656.18,8e-05,False
1785949281.949,64656.18,8e-05,False
1785949281.949,64656.19,8e-05,False
1785949281.949,64656.19,9e-05,False
1785949281.949,64656.19,8e-05,False
1785949281.949,64656.19,8e-05,False
1785949281.949,64656.62,9e-05,False
1785949281.949,64656.62,9e-05,False
1785949281.949,64656.62,9e-05,False
1785949281.949,64656.63,0.15579,False
1785949281.95,64656.63,0.00014,False
1785949281.95,64656.63,8e-05,False
1785949281.95,64656.63,9e-05,False
1785949281.95,64656.63,9e-05,False
1785949281.95,64656.63,8e-05,False
1785949281.95,64656.72,9e-05,False
1785949281.95,64656.72,9e-05,False
1785949281.95,64657.06,9e-05,False
1785949281.95,64657.22,0.00019,False
1785949281.95,64657.99,9e-05,False
1785949281.95,64657.99,9e-05,False
1785949281.95,64657.99,9e-05,False
1785949281.95,64658.0,0.00735,False
1785949282.298,64658.0,0.00065,False
1785949282.298,64658.0,0.005,False
1785949282.298,64658.0,0.006,False
1785949282.298,64658.0,0.007,False
1785949282.298,64658.0,9e-05,False
1785949282.298,64658.0,9e-05,False
1785949282.298,64658.0,8e-05,False
1785949282.298,64658.0,8e-05,False
1785949282.298,64658.0,8e-05,False
1785949282.298,64658.0,8e-05,False
1785949282.298,64658.0,8e-05,False
1785949282.298,64658.0,8e-05,False
1785949282.298,64658.0,8e-05,False
1785949282.298,64658.0,8e-05,False
1785949282.298,64658.0,8e-05,False
1785949282.298,64658.0,9e-05,False
1785949282.298,64658.0,9e-05,False
1785949282.298,64658.0,9e-05,False
1785949282.298,64658.0,0.01035,False
1785949282.298,64658.0,8e-05,False
1785949282.298,64658.0,8e-05,False
1785949282.298,64658.0,8e-05,False
1785949282.298,64658.0,8e-05,False
1785949282.298,64658.0,9e-05,False
1785949282.298,64658.0,8e-05,False
1785949282.298,64658.0,8e-05,False
1785949282.298,64658.0,8e-05,False
1785949282.298,64658.0,8e-05,False
1785949282.298,64658.01,9e-05,False
1785949282.298,64658.01,8e-05,False
1785949282.298,64658.01,8e-05,False
1785949282.298,64658.01,8e-05,False
1785949282.298,64658.01,8e-05,False
1785949282.298,64658.01,8e-05,False
1785949282.298,64658.01,9e-05,False
1785949282.298,64658.01,8e-05,False
1785949282.298,64658.01,8e-05,False
1785949282.298,64658.06,0.00491,False
1785949282.298,64658.14,9e-05,False
1785949282.298,64658.34,8e-05,False
1785949282.298,64658.34,8e-05,False
1785949282.298,64658.35,8e-05,False
1785949282.298,64658.35,8e-05,False
1785949282.298,64658.71,8e-05,False
1785949282.298,64658.71,8e-05,False
1785949282.298,64659.03,6e-05,False
1785949282.299,64659.03,2e-05,False
1785949282.299,64659.03,0.003,False
1785949282.299,64659.03,0.003,False
1785949282.299,64659.03,0.003,False
1785949282.299,64659.03,0.003,False
1785949282.299,64659.03,0.003,False
1785949282.299,64659.3,8e-05,False
1785949282.299,64659.3,8e-05,False
1785949282.299,64659.36,0.0041,False
1785949282.299,64659.84,9e-05,False
1785949282.299,64659.99,9e-05,False
1785949282.299,64659.99,9e-05,False
1785949282.299,64659.99,9e-05,False
1785949282.404,64660.0,0.0003,False
1785949282.412,64660.0,0.00029,False
1785949282.533,64659.99,0.2,True
1785949282.939,64660.0,0.0001,False
1785949285.518,64659.99,0.00092,True
1785949285.786,64660.0,0.00032,False
1785949286.029,64659.99,0.00604,True
1785949287.367,64659.99,0.0049,True
1785949288.285,64660.0,0.00046,False
1785949288.438,64660.0,0.00134,False
1785949288.855,64660.0,0.00419,False
1785949288.855,64660.0,0.008,False
1785949288.855,64660.0,0.01,False
1785949288.855,64660.0,0.005,False
1785949288.855,64660.0,0.006,False
1785949288.855,64660.0,0.00014,False
1785949288.855,64660.0,0.0025,False
1785949288.855,64660.0,8e-05,False
1785949288.855,64660.0,8e-05,False
1785949288.855,64660.0,8e-05,False
1785949288.855,64660.0,8e-05,False
1785949288.855,64660.0,8e-05,False
1785949288.855,64660.0,8e-05,False
1785949288.855,64660.0,8e-05,False
1785949288.855,64660.0,8e-05,False
1785949288.855,64660.0,8e-05,False
1785949288.855,64660.0,0.00017,False
1785949288.855,64660.0,8e-05,False
1785949288.855,64660.0,8e-05,False
1785949288.855,64660.0,8e-05,False
1785949288.855,64660.0,8e-05,False
1785949288.855,64660.0,8e-05,False
1785949288.855,64660.0,8e-05,False
1785949288.855,64660.0,8e-05,False
1785949288.855,64660.0,8e-05,False
1785949288.855,64660.0,8e-05,False
1785949288.855,64660.0,8e-05,False
1785949288.855,64660.0,8e-05,False
1785949288.855,64660.0,8e-05,False
1785949288.855,64660.0,8e-05,False
1785949288.855,64660.0,8e-05,False
1785949288.855,64660.0,8e-05,False
1785949288.855,64660.0,9e-05,False
1785949288.855,64660.0,9e-05,False
1785949288.855,64660.0,8e-05,False
1785949288.855,64660.0,9e-05,False
1785949288.855,64660.0,9e-05,False
1785949288.855,64660.0,9e-05,False
1785949288.855,64660.0,9e-05,False
1785949288.855,64660.0,8e-05,False
1785949288.855,64660.0,8e-05,False
1785949288.855,64660.0,8e-05,False
1785949288.855,64660.0,8e-05,False
1785949288.855,64660.0,8e-05,False
1785949288.855,64660.0,8e-05,False
1785949288.855,64660.0,8e-05,False
1785949288.855,64660.0,8e-05,False
1785949288.855,64660.0,8e-05,False
1785949288.855,64660.0,8e-05,False
1785949288.855,64660.0,8e-05,False
1785949288.855,64660.0,8e-05,False
1785949288.855,64660.0,8e-05,False
1785949288.855,64660.01,9e-05,False
1785949288.855,64660.01,8e-05,False
1785949288.855,64660.01,1e-05,False
1785949288.889,64660.01,8e-05,False
1785949288.889,64660.01,8e-05,False
1785949288.889,64660.01,8e-05,False
1785949288.889,64660.01,8e-05,False
1785949288.889,64660.01,8e-05,False
1785949288.889,64660.01,8e-05,False
1785949288.889,64660.01,8e-05,False
1785949288.889,64660.01,8e-05,False
1785949288.889,64660.01,9e-05,False
1785949288.889,64660.01,8e-05,False
1785949288.889,64660.01,9e-05,False
1785949288.889,64660.01,8e-05,False
1785949288.889,64660.01,8e-05,False
1785949288.889,64660.01,8e-05,False
1785949288.889,64660.01,8e-05,False
1785949288.889,64660.01,8e-05,False
1785949288.889,64660.01,8e-05,False
1785949288.889,64660.01,8e-05,False
1785949288.889,64660.01,8e-05,False
1785949288.889,64660.01,8e-05,False
1785949288.889,64660.01,8e-05,False
1785949288.889,64660.01,8e-05,False
1785949288.889,64660.02,8e-05,False
1785949288.889,64660.02,8e-05,False
1785949288.889,64660.02,8e-05,False
1785949288.889,64660.02,8e-05,False
1785949288.889,64660.02,9e-05,False
1785949288.889,64660.02,8e-05,False
1785949288.889,64660.02,8e-05,False
1785949288.889,64660.02,8e-05,False
1785949288.889,64660.02,9e-05,False
1785949288.912,64660.2,0.00485,False
1785949288.912,64660.2,8e-05,False
1785949288.912,64660.2,8e-05,False
1785949288.912,64660.2,8e-05,False
1785949288.912,64660.2,8e-05,False
1785949288.912,64660.2,8e-05,False
1785949288.912,64660.2,9e-05,False
1785949288.912,64660.2,9e-05,False
1785949288.912,64660.2,8e-05,False
1785949288.912,64660.2,8e-05,False
1785949288.912,64660.2,8e-05,False
1785949288.912,64660.2,8e-05,False
1785949288.912,64660.2,8e-05,False
1785949288.912,64660.2,9e-05,False
1785949288.912,64660.2,8e-05,False
1785949288.912,64660.2,8e-05,False
1785949288.912,64660.2,8e-05,False
1785949288.912,64660.21,8e-05,False
1785949288.912,64660.21,8e-05,False
1785949288.912,64660.21,8e-05,False
1785949288.912,64660.21,8e-05,False
1785949288.912,64660.21,8e-05,False
1785949288.912,64660.21,8e-05,False
1785949288.912,64660.21,8e-05,False
1785949288.912,64660.21,9e-05,False
1785949288.912,64660.21,9e-05,False
1785949288.912,64660.35,8e-05,False
1785949288.912,64660.35,8e-05,False
1785949288.912,64660.54,8e-05,False
1785949288.912,64660.65,8e-05,False
1785949288.912,64660.65,8e-05,False
1785949288.912,64661.37,9e-05,False
1785949288.912,64661.4,8e-05,False
1785949288.912,64661.4,8e-05,False
1785949288.912,64661.5,0.00404,False
1785949288.912,64661.82,8e-05,False
1785949288.912,64661.99,9e-05,False
1785949288.912,64661.99,9e-05,False
1785949288.912,64661.99,9e-05,False
1785949288.966,64662.0,0.00022,False
1785949289.351,64662.0,0.00015,False
1785949289.724,64662.0,0.00386,False
1785949289.726,64662.0,0.0001,False
1785949289.735,64662.0,0.00067,False
1785949289.735,64662.0,0.007,False
1785949289.735,64662.0,0.008,False
1785949289.735,64662.0,0.006,False
1785949289.735,64662.0,9e-05,False
1785949289.735,64662.0,9e-05,False
1785949289.735,64662.0,8e-05,False
1785949289.735,64662.0,9e-05,False
1785949289.735,64662.0,8e-05,False
1785949289.735,64662.0,8e-05,False
1785949289.735,64662.0,9e-05,False
1785949289.735,64662.0,8e-05,False
1785949289.735,64662.0,8e-05,False
1785949289.735,64662.0,8e-05,False
1785949289.735,64662.0,8e-05,False
1785949289.735,64662.0,8e-05,False
1785949289.735,64662.0,8e-05,False
1785949289.735,64662.0,8e-05,False
1785949289.735,64662.0,8e-05,False
1785949289.735,64662.0,8e-05,False
1785949289.735,64662.0,8e-05,False
1785949289.735,64662.0,8e-05,False
1785949289.735,64662.0,8e-05,False
1785949289.735,64662.0,8e-05,False
1785949289.735,64662.0,8e-05,False
1785949289.735,64662.0,8e-05,False
1785949289.735,64662.0,8e-05,False
1785949289.735,64662.0,8e-05,False
1785949289.735,64662.01,8e-05,False
1785949289.735,64662.01,9e-05,False
1785949289.735,64662.01,9e-05,False
1785949289.735,64662.01,8e-05,False
1785949289.735,64662.01,8e-05,False
1785949289.735,64662.01,8e-05,False
1785949289.735,64662.01,8e-05,False
1785949289.735,64662.01,8e-05,False
1785949289.739,64662.01,8e-05,False
1785949289.739,64662.01,8e-05,False
1785949289.739,64662.01,8e-05,False
1785949289.739,64662.01,8e-05,False
1785949289.739,64662.01,9e-05,False
1785949289.739,64662.01,9e-05,False
1785949289.739,64662.01,8e-05,False
1785949289.739,64662.01,8e-05,False
1785949289.739,64662.01,8e-05,False
1785949289.739,64662.01,8e-05,False
1785949289.739,64662.01,8e-05,False
1785949289.739,64662.01,8e-05,False
1785949289.739,64662.01,8e-05,False
1785949289.739,64662.01,8e-05,False
1785949289.739,64662.01,8e-05,False
1785949289.739,64662.01,0.00016,False
1785949289.739,64662.01,8e-05,False
1785949289.739,64662.01,8e-05,False
1785949289.739,64662.02,9e-05,False
1785949289.739,64662.02,8e-05,False
1785949289.739,64662.02,8e-05,False
1785949289.739,64662.02,8e-05,False
1785949289.739,64662.02,8e-05,False
1785949289.739,64662.02,8e-05,False
1785949289.739,64662.02,9e-05,False
1785949289.739,64662.02,8e-05,False
1785949289.739,64662.02,0.00016,False
1785949289.739,64662.14,8e-05,False
1785949289.739,64662.14,8e-05,False
1785949289.739,64662.24,8e-05,False
1785949289.739,64662.34,0.00478,False
1785949289.766,64662.78,0.00531,False
1785949289.766,64662.78,0.00531,False
1785949289.766,64662.78,0.00029,False
1785949289.766,64662.78,9e-05,False
1785949289.766,64662.78,9e-05,False
1785949289.766,64662.78,8e-05,False
1785949289.766,64662.78,8e-05,False
1785949289.766,64662.78,8e-05,False
1785949289.766,64662.78,9e-05,False
1785949289.766,64662.78,9e-05,False
1785949289.766,64662.78,8e-05,False
1785949289.766,64662.78,8e-05,False
1785949289.766,64662.78,8e-05,False
1785949289.766,64662.78,8e-05,False
1785949289.766,64662.78,8e-05,False
1785949289.766,64662.78,9e-05,False
1785949289.766,64662.78,9e-05,False
1785949289.766,64662.78,0.00531,False
1785949289.766,64662.78,0.00531,False
1785949289.766,64662.78,8e-05,False
1785949289.766,64662.78,9e-05,False
1785949289.766,64662.78,0.00091,False
1785949289.776,64662.78,0.0044,False
1785949289.776,64662.78,0.00531,False
1785949289.776,64662.78,8e-05,False
1785949289.776,64662.78,9e-05,False
1785949289.776,64662.78,8e-05,False
1785949289.776,64662.78,9e-05,False
1785949289.776,64662.78,9e-05,False
1785949289.776,64662.78,9e-05,False
1785949289.776,64662.78,8e-05,False
1785949289.776,64662.78,9e-05,False
1785949289.776,64662.78,8e-05,False
1785949289.776,64662.78,8e-05,False
1785949289.776,64662.78,8e-05,False
1785949289.776,64662.78,9e-05,False
1785949289.776,64662.78,8e-05,False
1785949289.776,64662.78,8e-05,False
1785949289.776,64662.78,8e-05,False
1785949289.776,64662.78,0.00531,False
1785949289.776,64662.78,0.00531,False
1785949289.776,64662.78,8e-05,False
1785949289.776,64662.78,9e-05,False
1785949289.776,64662.78,8e-05,False
1785949289.776,64662.78,0.00531,False
1785949289.776,64662.78,0.00531,False
1785949289.776,64662.78,0.00531,False
1785949289.776,64662.78,0.00531,False
1785949289.776,64662.78,0.00531,False
1785949289.776,64662.78,0.00531,False
1785949289.776,64662.78,0.00531,False
1785949289.776,64662.78,0.00531,False
1785949289.776,64662.78,0.00531,False
1785949289.776,64662.78,0.00531,False
1785949289.776,64662.78,0.00531,False
1785949289.776,64662.78,0.00531,False
1785949289.776,64662.78,0.00531,False
1785949289.776,64662.78,0.00531,False
1785949289.776,64662.78,0.00531,False
1785949289.776,64662.78,0.00531,False
1785949289.776,64662.78,0.00531,False
1785949289.776,64662.78,0.00531,False
1785949289.776,64662.78,0.00531,False
1785949289.776,64662.78,0.00531,False
1785949289.776,64662.78,0.00531,False
1785949289.776,64662.78,0.00531,False
1785949289.776,64662.78,0.00293,False
1785949289.776,64662.78,0.00531,False
1785949289.776,64662.78,0.00531,False
1785949289.776,64662.78,0.00531,False
1785949289.776,64662.78,0.00315,False
1785949289.797,64662.79,0.00531,False
1785949289.797,64662.79,0.00531,False
1785949289.797,64662.79,9e-05,False
1785949289.797,64662.79,9e-05,False
1785949289.797,64662.79,8e-05,False
1785949289.797,64662.79,8e-05,False
1785949289.797,64662.79,8e-05,False
1785949289.797,64662.79,8e-05,False
1785949289.797,64662.79,8e-05,False
1785949289.797,64662.79,9e-05,False
1785949289.797,64662.79,8e-05,False
1785949289.797,64662.79,9e-05,False
1785949289.797,64662.79,8e-05,False
1785949289.797,64662.79,8e-05,False
1785949289.797,64662.79,8e-05,False
1785949289.797,64662.79,8e-05,False
1785949289.797,64662.79,8e-05,False
1785949289.797,64662.79,8e-05,False
1785949289.797,64662.79,0.00042,False
1785949289.829,64662.79,0.00489,False
1785949289.829,64662.79,0.00531,False
1785949289.829,64662.79,8e-05,False
1785949289.829,64662.79,8e-05,False
1785949289.829,64662.79,8e-05,False
1785949289.829,64662.79,9e-05,False
1785949289.829,64662.79,8e-05,False
1785949289.829,64662.79,9e-05,False
1785949289.829,64662.79,9e-05,False
1785949289.829,64662.79,8e-05,False
1785949289.829,64662.79,8e-05,False
1785949289.829,64662.79,8e-05,False
1785949289.829,64662.79,8e-05,False
1785949289.829,64662.79,9e-05,False
1785949289.829,64662.79,0.00042,False
1785949289.848,64662.79,0.00489,False
1785949289.848,64662.79,0.00531,False
1785949289.848,64662.79,8e-05,False
1785949289.848,64662.79,9e-05,False
1785949289.848,64662.79,9e-05,False
1785949289.848,64662.79,9e-05,False
1785949289.848,64662.79,9e-05,False
1785949289.848,64662.79,8e-05,False
1785949289.848,64662.79,8e-05,False
1785949289.848,64662.79,8e-05,False
1785949289.848,64662.79,8e-05,False
1785949289.848,64662.79,8e-05,False
1785949289.848,64662.79,0.00531,False
1785949289.848,64662.79,0.00531,False
1785949289.848,64662.79,8e-05,False
1785949289.848,64662.79,0.00531,False
1785949289.848,64662.79,0.00531,False
1785949289.848,64662.79,0.00531,False
1785949289.848,64662.79,0.00531,False
1785949289.848,64662.79,0.00531,False
1785949289.848,64662.79,0.00531,False
1785949289.848,64662.79,0.00531,False
1785949289.848,64662.79,0.00531,False
1785949289.848,64662.79,0.00531,False
1785949289.848,64662.79,0.00531,False
1785949289.848,64662.79,0.00531,False
1785949289.848,64662.79,0.00531,False
1785949289.848,64662.79,0.00531,False
1785949289.848,64662.79,0.00531,False
1785949289.848,64662.79,0.00531,False
1785949289.848,64662.79,0.00531,False
1785949289.848,64662.79,0.00531,False
1785949289.848,64662.79,0.00531,False
1785949289.848,64662.79,0.00531,False
1785949289.848,64662.79,0.0036,False
1785949289.848,64662.79,0.00531,False
1785949289.848,64662.79,0.00531,False
1785949289.848,64662.79,0.00531,False
1785949289.848,64662.79,0.00531,False
1785949289.848,64662.79,0.00531,False
1785949289.848,64662.79,0.0014,False
1785949289.848,64662.8,8e-05,False
1785949289.848,64662.8,8e-05,False
1785949289.848,64662.8,8e-05,False
1785949289.848,64662.8,9e-05,False
1785949289.848,64662.8,9e-05,False
1785949289.848,64662.8,8e-05,False
1785949289.848,64662.8,8e-05,False
1785949289.848,64662.8,8e-05,False
1785949289.848,64662.8,8e-05,False
1785949289.848,64663.68,0.00019,False
1785949289.848,64663.99,9e-05,False
1785949289.848,64663.99,9e-05,False
1785949289.848,64663.99,9e-05,False
1785949289.866,64664.0,0.006,False
1785949289.866,64664.0,0.005,False
1785949289.866,64664.0,0.007,False
1785949289.866,64664.0,0.008,False
1785949289.866,64664.0,9e-05,False
1785949289.866,64664.0,9e-05,False
1785949289.866,64664.0,8e-05,False
1785949289.866,64664.0,8e-05,False
1785949289.866,64664.0,9e-05,False
1785949289.866,64664.0,9e-05,False
1785949289.866,64664.0,8e-05,False
1785949289.866,64664.0,8e-05,False
1785949289.866,64664.0,8e-05,False
1785949289.866,64664.0,8e-05,False
1785949289.866,64664.0,8e-05,False
1785949289.866,64664.0,8e-05,False
1785949289.866,64664.0,8e-05,False
1785949289.866,64664.0,8e-05,False
1785949289.866,64664.0,8e-05,False
1785949289.866,64664.0,8e-05,False
1785949289.866,64664.0,8e-05,False
1785949289.866,64664.0,8e-05,False
1785949289.866,64664.01,8e-05,False
1785949289.866,64664.01,8e-05,False
1785949289.866,64664.01,9e-05,False
1785949289.866,64664.01,8e-05,False
1785949289.866,64664.01,9e-05,False
1785949289.866,64664.26,0.00411,False
1785949289.87,64664.26,0.00016,False
1785949289.87,64664.26,8e-05,False
1785949289.87,64664.26,8e-05,False
1785949289.87,64664.26,9e-05,False
1785949289.87,64664.26,9e-05,False
1785949289.87,64664.26,8e-05,False
1785949289.87,64664.26,8e-05,False
1785949289.87,64664.26,8e-05,False
1785949289.87,64664.26,8e-05,False
1785949289.87,64664.26,8e-05,False
1785949289.87,64664.26,8e-05,False
1785949289.87,64664.27,8e-05,False
1785949289.87,64664.27,9e-05,False
1785949289.87,64664.27,9e-05,False
1785949289.87,64664.27,8e-05,False
1785949289.87,64664.42,0.00475,False
1785949289.87,64664.6,9e-05,False
1785949289.87,64664.78,9e-05,False
1785949289.87,64665.45,8e-05,False
1785949289.87,64665.72,0.00395,False
1785949289.87,64665.99,9e-05,False
1785949289.87,64665.99,9e-05,False
1785949289.87,64665.99,9e-05,False
1785949290.047,64666.0,0.00244,False
1785949290.068,64666.0,0.00356,False
1785949290.068,64666.0,0.005,False
1785949290.068,64666.0,0.008,False
1785949290.068,64666.0,0.007,False
1785949290.068,64666.0,9e-05,False
1785949290.068,64666.0,9e-05,False
1785949290.068,64666.0,8e-05,False
1785949290.068,64666.0,8e-05,False
1785949290.068,64666.0,9e-05,False
1785949290.068,64666.0,9e-05,False
1785949290.068,64666.0,8e-05,False
1785949290.068,64666.0,8e-05,False
1785949290.068,64666.0,8e-05,False
1785949290.068,64666.0,8e-05,False
1785949290.068,64666.0,8e-05,False
1785949290.068,64666.0,8e-05,False
1785949290.068,64666.0,8e-05,False
1785949290.068,64666.0,8e-05,False
1785949290.068,64666.0,8e-05,False
1785949290.068,64666.0,8e-05,False
1785949290.068,64666.0,8e-05,False
1785949290.068,64666.0,8e-05,False
1785949290.068,64666.0,8e-05,False
1785949290.068,64666.0,8e-05,False
1785949290.068,64666.01,9e-05,False
1785949290.068,64666.01,8e-05,False
1785949290.068,64666.01,9e-05,False
1785949290.068,64666.01,8e-05,False
1785949290.068,64666.01,8e-05,False
1785949290.068,64666.01,8e-05,False
1785949290.068,64666.01,8e-05,False
1785949290.085,64666.55,0.00468,False
1785949290.085,64666.55,8e-05,False
1785949290.085,64666.55,9e-05,False
1785949290.085,64666.55,9e-05,False
1785949290.085,64666.55,8e-05,False
1785949290.085,64666.55,8e-05,False
1785949290.085,64666.55,8e-05,False
1785949290.085,64666.55,8e-05,False
1785949290.085,64666.55,8e-05,False
1785949290.085,64666.55,8e-05,False
1785949290.085,64666.55,8e-05,False
1785949290.085,64666.55,8e-05,False
1785949290.085,64666.55,9e-05,False
1785949290.085,64666.55,9e-05,False
1785949290.085,64666.55,8e-05,False
1785949290.085,64666.55,8e-05,False
1785949290.085,64666.56,9e-05,False
1785949290.085,64666.56,8e-05,False
1785949290.085,64666.56,9e-05,False
1785949290.085,64666.56,8e-05,False
1785949290.085,64666.56,8e-05,False
1785949290.085,64666.56,8e-05,False
1785949290.085,64666.56,8e-05,False
1785949290.085,64666.56,9e-05,False
1785949290.085,64667.83,9e-05,False
1785949290.124,64667.85,0.0039,False
1785949290.124,64667.85,8e-05,False
1785949290.124,64667.85,8e-05,False
1785949290.124,64667.85,8e-05,False
1785949290.124,64667.85,9e-05,False
1785949290.124,64667.85,9e-05,False
1785949290.124,64667.85,8e-05,False
1785949290.124,64667.85,8e-05,False
1785949290.124,64667.85,8e-05,False
1785949290.124,64667.85,8e-05,False
1785949290.124,64667.85,8e-05,False
1785949290.124,64667.85,8e-05,False
1785949290.124,64667.85,8e-05,False
1785949290.124,64667.85,8e-05,False
1785949290.124,64667.85,0.00016,False
1785949290.124,64667.85,9e-05,False
1785949290.124,64667.85,9e-05,False
1785949290.124,64667.85,8e-05,False
1785949290.124,64667.85,8e-05,False
1785949290.124,64667.85,8e-05,False
1785949290.124,64667.86,8e-05,False
1785949290.124,64667.86,8e-05,False
1785949290.124,64667.86,8e-05,False
1785949290.124,64667.86,9e-05,False
1785949290.124,64667.86,8e-05,False
1785949290.124,64667.86,8e-05,False
1785949290.124,64667.86,8e-05,False
1785949290.124,64667.86,9e-05,False
1785949290.124,64667.99,9e-05,False
1785949290.124,64667.99,9e-05,False
1785949290.124,64667.99,9e-05,False
1785949290.124,64668.0,0.006,False
1785949290.124,64668.0,0.005,False
1785949290.124,64668.0,0.008,False
1785949290.124,64668.0,0.00694,False
1785949290.151,64668.0,6e-05,False
1785949290.151,64668.0,9e-05,False
1785949290.151,64668.0,9e-05,False
1785949290.151,64668.0,8e-05,False
1785949290.151,64668.0,8e-05,False
1785949290.151,64668.0,9e-05,False
1785949290.151,64668.0,9e-05,False
1785949290.151,64668.0,8e-05,False
1785949290.151,64668.0,8e-05,False
1785949290.151,64668.0,8e-05,False
1785949290.151,64668.0,8e-05,False
1785949290.151,64668.0,8e-05,False
1785949290.151,64668.0,8e-05,False
1785949290.151,64668.0,8e-05,False
1785949290.151,64668.0,8e-05,False
1785949290.151,64668.0,8e-05,False
1785949290.151,64668.0,8e-05,False
1785949290.151,64668.0,8e-05,False
1785949290.151,64668.0,8e-05,False
1785949290.151,64668.0,8e-05,False
1785949290.151,64668.01,8e-05,False
1785949290.151,64668.01,8e-05,False
1785949290.151,64668.01,8e-05,False
1785949290.151,64668.01,8e-05,False
1785949290.151,64668.01,9e-05,False
1785949290.151,64668.01,9e-05,False
1785949290.151,64668.01,8e-05,False
1785949290.151,64668.04,9e-05,False
1785949290.151,64668.12,0.00012,False
1785949290.151,64668.25,8e-05,False
1785949290.151,64668.27,8e-05,False
1785949290.151,64668.66,8e-05,False
1785949290.151,64669.14,0.00012,False
1785949290.183,64669.14,9e-05,False
1785949290.183,64669.14,9e-05,False
1785949290.183,64669.14,0.00018,False
1785949290.234,64669.13,0.00078,True
1785949290.362,64669.14,0.00014,False
1785949290.59,64669.14,0.00268,False
1785949290.59,64669.14,8e-05,False
1785949290.59,64669.14,8e-05,False
1785949290.59,64669.14,8e-05,False
1785949290.59,64669.14,8e-05,False
1785949290.59,64669.14,8e-05,False
1785949290.59,64669.14,8e-05,False
1785949290.59,64669.14,8e-05,False
1785949290.59,64669.14,8e-05,False
1785949290.59,64669.14,8e-05,False
1785949290.59,64669.14,8e-05,False
1785949290.59,64669.14,0.003,False
1785949290.59,64669.14,8e-05,False
1785949290.59,64669.14,9e-05,False
1785949290.59,64669.14,0.00044,False
1785949290.59,64669.14,8e-05,False
1785949290.59,64669.14,8e-05,False
1785949290.59,64669.14,8e-05,False
1785949290.59,64669.14,8e-05,False
1785949290.59,64669.14,8e-05,False
1785949290.59,64669.14,0.00016,False
1785949290.59,64669.14,8e-05,False
1785949290.59,64669.14,8e-05,False
1785949290.59,64669.14,8e-05,False
1785949290.59,64669.14,8e-05,False
1785949290.59,64669.14,8e-05,False
1785949290.59,64669.14,8e-05,False
1785949290.59,64669.14,8e-05,False
1785949290.59,64669.14,9e-05,False
1785949290.59,64669.14,9e-05,False
1785949290.59,64669.14,8e-05,False
1785949290.59,64669.14,8e-05,False
1785949290.59,64669.14,9e-05,False
1785949290.59,64669.14,9e-05,False
1785949290.59,64669.14,9e-05,False
1785949290.59,64669.14,8e-05,False
1785949290.59,64669.14,8e-05,False
1785949290.59,64669.14,8e-05,False
1785949290.59,64669.14,8e-05,False
1785949290.59,64669.14,8e-05,False
1785949290.59,64669.14,8e-05,False
1785949290.59,64669.14,8e-05,False
1785949290.59,64669.14,8e-05,False
1785949290.59,64669.14,8e-05,False
1785949290.59,64669.14,8e-05,False
1785949290.59,64669.14,8e-05,False
1785949290.59,64669.14,8e-05,False
1785949290.59,64669.15,8e-05,False
1785949290.59,64669.15,8e-05,False
1785949290.59,64669.15,8e-05,False
1785949290.59,64669.15,9e-05,False
1785949290.59,64669.15,8e-05,False
1785949290.59,64669.15,8e-05,False
1785949290.59,64669.15,9e-05,False
1785949290.59,64669.15,8e-05,False
1785949290.59,64669.15,8e-05,False
1785949290.59,64669.15,8e-05,False
1785949290.59,64669.15,8e-05,False
1785949290.59,64669.15,8e-05,False
1785949290.59,64669.15,8e-05,False
1785949290.59,64669.15,8e-05,False
1785949290.59,64669.15,8e-05,False
1785949290.59,64669.19,0.00264,False
1785949290.59,64669.38,9e-05,False
1785949290.59,64669.38,9e-05,False
1785949290.59,64669.38,9e-05,False
1785949290.59,64669.39,0.01144,False
1785949290.59,64669.39,9e-05,False
1785949290.59,64669.39,9e-05,False
1785949290.594,64669.83,0.00461,False
1785949290.594,64669.83,9e-05,False
1785949290.594,64669.83,9e-05,False
1785949290.594,64669.83,8e-05,False
1785949290.594,64669.83,8e-05,False
1785949290.594,64669.83,8e-05,False
1785949290.594,64669.83,8e-05,False
1785949290.594,64669.83,8e-05,False
1785949290.594,64669.84,8e-05,False
1785949290.594,64669.99,9e-05,False
1785949290.594,64669.99,9e-05,False
1785949290.594,64669.99,9e-05,False
1785949290.604,64670.0,0.0001,False
1785949290.615,64670.0,0.00209,False
1785949290.617,64670.0,0.00281,False
1785949290.617,64670.0,0.00195,False
1785949290.62,64670.0,0.00605,False
1785949290.62,64670.0,0.007,False
1785949290.62,64670.0,0.006,False
1785949290.62,64670.0,0.01,False
1785949290.62,64670.0,9e-05,False
1785949290.62,64670.0,9e-05,False
1785949290.62,64670.0,8e-05,False
1785949290.62,64670.0,8e-05,False
1785949290.62,64670.0,9e-05,False
1785949290.62,64670.0,8e-05,False
1785949290.62,64670.0,8e-05,False
1785949290.62,64670.0,8e-05,False
1785949290.62,64670.0,8e-05,False
1785949290.62,64670.0,8e-05,False
1785949290.62,64670.0,8e-05,False
1785949290.62,64670.0,8e-05,False
1785949290.62,64670.0,8e-05,False
1785949290.62,64670.0,8e-05,False
1785949290.62,64670.0,8e-05,False
1785949290.62,64670.0,8e-05,False
1785949290.62,64670.0,8e-05,False
1785949290.62,64670.0,8e-05,False
1785949290.62,64670.0,8e-05,False
1785949290.62,64670.0,8e-05,False
1785949290.62,64670.0,8e-05,False
1785949290.62,64670.0,8e-05,False
1785949290.62,64670.0,8e-05,False
1785949290.62,64670.0,8e-05,False
1785949290.62,64670.0,9e-05,False
1785949290.62,64670.0,9e-05,False
1785949290.62,64670.0,9e-05,False
1785949290.62,64670.0,8e-05,False
1785949290.62,64670.0,8e-05,False
1785949290.62,64670.01,9e-05,False
1785949290.62,64670.01,9e-05,False
1785949290.62,64670.01,8e-05,False
1785949290.62,64670.01,8e-05,False
1785949290.62,64670.01,8e-05,False
1785949290.62,64670.01,8e-05,False
1785949290.62,64670.01,8e-05,False
1785949290.62,64670.01,8e-05,False
1785949290.62,64670.14,3e-05,False
1785949290.622,64670.14,0.00016,False
1785949290.653,64671.0,0.011,False
1785949290.653,64671.0,9e-05,False
1785949290.653,64671.0,9e-05,False
1785949290.653,64671.0,8e-05,False
1785949290.653,64671.0,8e-05,False
1785949290.653,64671.0,8e-05,False
1785949290.653,64671.0,9e-05,False
1785949290.653,64671.0,8e-05,False
1785949290.653,64671.0,9e-05,False
1785949290.653,64671.0,8e-05,False
1785949290.653,64671.0,8e-05,False
1785949290.653,64671.0,8e-05,False
1785949290.653,64671.0,8e-05,False
1785949290.653,64671.0,8e-05,False
1785949290.653,64671.0,8e-05,False
1785949290.653,64671.0,8e-05,False
1785949290.653,64671.0,8e-05,False
1785949290.653,64671.0,8e-05,False
1785949290.653,64671.0,0.01436,False
1785949290.653,64671.0,8e-05,False
1785949290.653,64671.0,8e-05,False
1785949290.653,64671.0,8e-05,False
1785949290.653,64671.0,8e-05,False
1785949290.653,64671.0,8e-05,False
1785949290.653,64671.0,8e-05,False
1785949290.653,64671.01,9e-05,False
1785949290.653,64671.01,8e-05,False
1785949290.653,64671.01,8e-05,False
1785949290.653,64671.01,8e-05,False
1785949290.653,64671.01,9e-05,False
1785949290.653,64671.01,8e-05,False
1785949290.653,64671.01,8e-05,False
1785949290.653,64671.01,8e-05,False
1785949290.653,64671.06,9e-05,False
1785949290.653,64671.28,9e-05,False
1785949290.658,64671.87,9e-05,False
1785949290.658,64671.87,9e-05,False
1785949290.658,64671.87,8e-05,False
1785949290.658,64671.87,8e-05,False
1785949290.658,64671.87,8e-05,False
1785949290.658,64671.87,8e-05,False
1785949290.658,64671.87,8e-05,False
1785949290.658,64671.87,8e-05,False
1785949290.658,64671.87,8e-05,False
1785949290.658,64671.87,8e-05,False
1785949290.658,64671.87,8e-05,False
1785949290.658,64671.87,8e-05,False
1785949290.658,64671.87,8e-05,False
1785949290.658,64671.87,8e-05,False
1785949290.658,64671.87,8e-05,False
1785949290.658,64671.88,9e-05,False
1785949290.658,64671.88,9e-05,False
1785949290.658,64671.88,8e-05,False
1785949290.658,64671.88,8e-05,False
1785949290.658,64671.88,8e-05,False
1785949290.658,64671.88,8e-05,False
1785949290.658,64671.99,9e-05,False
1785949290.658,64671.99,9e-05,False
1785949290.658,64671.99,9e-05,False
1785949290.675,64671.99,0.00032,True
1785949290.699,64672.0,0.00555,False
1785949290.722,64671.99,9e-05,True
1785949290.871,64672.0,0.00046,False
1785949291.029,64672.0,0.0001,False
1785949291.227,64672.0,0.00089,False
1785949291.227,64672.0,0.006,False
1785949291.227,64672.0,0.0007,False
1785949291.307,64672.0,0.00015,False
1785949291.493,64672.0,0.00415,False
1785949291.493,64672.0,0.008,False
1785949291.493,64672.0,9e-05,False
1785949291.493,64672.0,9e-05,False
1785949291.493,64672.0,8e-05,False
1785949291.493,64672.0,8e-05,False
1785949291.493,64672.0,9e-05,False
1785949291.493,64672.0,8e-05,False
1785949291.493,64672.0,8e-05,False
1785949291.493,64672.0,8e-05,False
1785949291.493,64672.0,8e-05,False
1785949291.493,64672.0,8e-05,False
1785949291.493,64672.0,8e-05,False
1785949291.493,64672.0,8e-05,False
1785949291.493,64672.0,8e-05,False
1785949291.493,64672.0,8e-05,False
1785949291.493,64672.0,9e-05,False
1785949291.493,64672.0,8e-05,False
1785949291.493,64672.0,8e-05,False
1785949291.493,64672.0,8e-05,False
1785949291.493,64672.0,8e-05,False
1785949291.493,64672.0,8e-05,False
1785949291.493,64672.0,8e-05,False
1785949291.493,64672.0,8e-05,False
1785949291.493,64672.0,8e-05,False
1785949291.493,64672.01,8e-05,False
1785949291.493,64672.01,8e-05,False
1785949291.493,64672.01,8e-05,False
1785949291.493,64672.01,8e-05,False
1785949291.493,64672.01,9e-05,False
1785949291.493,64672.01,8e-05,False
1785949291.493,64672.01,9e-05,False
1785949291.493,64672.01,8e-05,False
1785949291.493,64672.01,8e-05,False
1785949291.493,64672.01,8e-05,False
1785949291.493,64672.01,8e-05,False
1785949291.493,64672.01,8e-05,False
1785949291.493,64672.01,1e-05,False
1785949291.495,64672.01,7e-05,False
1785949291.495,64672.01,8e-05,False
1785949291.495,64672.01,8e-05,False
1785949291.495,64672.01,8e-05,False
1785949291.495,64672.01,8e-05,False
1785949291.495,64672.01,8e-05,False
1785949291.499,64672.35,0.00284,False
1785949291.499,64672.35,8e-05,False
1785949291.499,64672.35,9e-05,False
1785949291.499,64672.35,9e-05,False
1785949291.499,64672.35,8e-05,False
1785949291.499,64672.35,8e-05,False
1785949291.499,64672.35,8e-05,False
1785949291.499,64672.35,8e-05,False
1785949291.499,64672.35,8e-05,False
1785949291.499,64672.35,8e-05,False
1785949291.499,64672.35,8e-05,False
1785949291.499,64672.35,8e-05,False
1785949291.499,64672.35,8e-05,False
1785949291.499,64672.35,8e-05,False
1785949291.499,64672.35,8e-05,False
1785949291.499,64672.35,8e-05,False
1785949291.499,64672.35,8e-05,False
1785949291.499,64672.35,8e-05,False
1785949291.499,64672.35,8e-05,False
1785949291.499,64672.36,9e-05,False
1785949291.499,64672.36,8e-05,False
1785949291.499,64672.36,8e-05,False
1785949291.499,64672.36,8e-05,False
1785949291.499,64672.36,8e-05,False
1785949291.499,64672.36,9e-05,False
1785949291.499,64672.36,8e-05,False
1785949291.499,64672.36,8e-05,False
1785949291.499,64672.74,8e-05,False
1785949291.499,64672.76,0.00458,False
1785949291.499,64673.28,9e-05,False
1785949291.499,64673.96,8e-05,False
1785949291.499,64673.99,9e-05,False
1785949291.499,64673.99,9e-05,False
1785949291.499,64673.99,9e-05,False
1785949291.607,64674.0,0.0001,False
1785949291.882,64673.99,0.00134,True
1785949293.228,64674.0,0.0069,False
1785949293.228,64674.0,0.006,False
1785949293.228,64674.0,0.005,False
1785949293.228,64674.0,0.008,False
1785949293.228,64674.0,9e-05,False
1785949293.228,64674.0,8e-05,False
1785949293.228,64674.0,8e-05,False
1785949293.228,64674.0,8e-05,False
1785949293.228,64674.0,8e-05,False
1785949293.228,64674.0,8e-05,False
1785949293.228,64674.0,8e-05,False
1785949293.228,64674.0,8e-05,False
1785949293.228,64674.0,8e-05,False
1785949293.228,64674.0,8e-05,False
1785949293.228,64674.0,8e-05,False
1785949293.228,64674.0,8e-05,False
1785949293.228,64674.0,0.00016,False
1785949293.228,64674.0,8e-05,False
1785949293.228,64674.0,8e-05,False
1785949293.228,64674.0,8e-05,False
1785949293.228,64674.0,8e-05,False
1785949293.228,64674.0,8e-05,False
1785949293.228,64674.0,8e-05,False
1785949293.228,64674.0,8e-05,False
1785949293.228,64674.0,0.0004,False
1785949293.228,64674.0,8e-05,False
1785949293.228,64674.0,8e-05,False
1785949293.228,64674.0,9e-05,False
1785949293.228,64674.0,9e-05,False
1785949293.228,64674.0,8e-05,False
1785949293.228,64674.0,0.00016,False
1785949293.228,64674.0,9e-05,False
1785949293.228,64674.0,8e-05,False
1785949293.228,64674.0,0.00017,False
1785949293.228,64674.0,8e-05,False
1785949293.228,64674.0,8e-05,False
1785949293.228,64674.0,8e-05,False
1785949293.228,64674.0,8e-05,False
1785949293.228,64674.0,8e-05,False
1785949293.228,64674.0,8e-05,False
1785949293.228,64674.01,9e-05,False
1785949293.228,64674.01,8e-05,False
1785949293.228,64674.01,8e-05,False
1785949293.228,64674.01,8e-05,False
1785949293.228,64674.01,8e-05,False
1785949293.228,64674.01,9e-05,False
1785949293.228,64674.01,8e-05,False
1785949293.228,64674.01,8e-05,False
1785949293.228,64674.01,8e-05,False
1785949293.228,64674.01,8e-05,False
1785949293.228,64674.01,8e-05,False
1785949293.228,64674.01,8e-05,False
1785949293.228,64674.01,0.00016,False
1785949293.228,64674.02,0.00016,False
1785949293.228,64674.05,0.0024,False
1785949293.228,64674.25,0.0104,False
1785949293.228,64674.25,9e-05,False
1785949293.228,64674.25,9e-05,False
1785949293.228,64674.29,9e-05,False
1785949293.228,64674.51,9e-05,False
1785949293.228,64674.83,0.00455,False
1785949293.228,64675.07,0.0025,False
1785949293.228,64675.08,8e-05,False
1785949293.233,64675.99,9e-05,False
1785949293.233,64675.99,9e-05,False
1785949293.233,64675.99,8e-05,False
1785949293.233,64675.99,9e-05,False
1785949293.233,64675.99,9e-05,False
1785949293.233,64675.99,8e-05,False
1785949293.233,64675.99,8e-05,False
1785949293.233,64675.99,8e-05,False
1785949293.233,64675.99,8e-05,False
1785949293.233,64675.99,8e-05,False
1785949293.233,64675.99,8e-05,False
1785949293.233,64675.99,8e-05,False
1785949293.233,64675.99,8e-05,False
1785949293.233,64675.99,9e-05,False
1785949293.233,64675.99,8e-05,False
1785949293.233,64675.99,8e-05,False
1785949293.233,64675.99,8e-05,False
1785949293.235,64676.0,0.00018,False
1785949293.236,64676.0,0.00782,False
1785949293.236,64676.0,0.007,False
1785949293.236,64676.0,0.006,False
1785949293.236,64676.0,0.005,False
1785949293.236,64676.0,9e-05,False
1785949293.236,64676.0,9e-05,False
1785949293.236,64676.0,8e-05,False
1785949293.236,64676.0,8e-05,False
1785949293.236,64676.0,8e-05,False
1785949293.236,64676.0,8e-05,False
1785949293.236,64676.0,8e-05,False
1785949293.236,64676.0,8e-05,False
1785949293.236,64676.0,8e-05,False
1785949293.236,64676.0,8e-05,False
1785949293.236,64676.0,8e-05,False
1785949293.236,64676.0,8e-05,False
1785949293.236,64676.0,8e-05,False
1785949293.236,64676.0,8e-05,False
1785949293.236,64676.0,8e-05,False
1785949293.236,64676.01,8e-05,False
1785949293.236,64676.01,8e-05,False
1785949293.236,64676.01,9e-05,False
1785949293.236,64676.04,0.00466,False
1785949293.236,64676.13,0.00379,False
1785949293.236,64676.59,0.00019,False
1785949293.236,64677.42,0.00303,False
1785949293.238,64677.52,9e-05,False
1785949293.238,64677.74,9e-05,False
1785949293.238,64677.99,9e-05,False
1785949293.238,64677.99,9e-05,False
1785949293.238,64677.99,9e-05,False
1785949293.238,64678.0,0.008,False
1785949293.238,64678.0,0.007,False
1785949293.238,64678.0,0.006,False
1785949293.238,64678.0,0.005,False
1785949293.238,64678.0,9e-05,False
1785949293.238,64678.0,9e-05,False
1785949293.238,64678.01,9e-05,False
1785949293.238,64678.01,9e-05,False
1785949293.238,64678.01,9e-05,False
1785949293.238,64678.01,9e-05,False
1785949293.238,64678.01,9e-05,False
1785949293.238,64678.02,0.00185,False
1785949293.238,64678.02,0.01669,False
1785949293.238,64678.02,9e-05,False
1785949293.238,64678.02,9e-05,False
1785949293.238,64678.19,9e-05,False
1785949293.238,64678.19,8e-05,False
1785949293.238,64678.19,9e-05,False
1785949293.238,64678.19,8e-05,False
1785949293.238,64678.29,8e-05,False
1785949293.238,64678.42,0.0001,False
1785949293.238,64678.6,9e-05,False
1785949293.238,64678.6,9e-05,False
1785949293.238,64678.6,9e-05,False
1785949293.238,64678.61,0.02778,False
1785949293.238,64678.61,9e-05,False
1785949293.238,64678.61,9e-05,False
1785949293.238,64678.72,0.00227,False
1785949293.238,64678.95,8e-05,False
1785949293.238,64679.25,0.00032,False
1785949293.238,64679.32,8e-05,False
1785949293.244,64679.99,9e-05,False
1785949293.244,64679.99,9e-05,False
1785949293.244,64679.99,9e-05,False
1785949293.244,64679.99,9e-05,False
1785949293.244,64679.99,8e-05,False
1785949293.244,64679.99,8e-05,False
1785949293.244,64679.99,8e-05,False
1785949293.244,64679.99,8e-05,False
1785949293.244,64679.99,8e-05,False
1785949293.244,64679.99,9e-05,False
1785949293.244,64679.99,8e-05,False
1785949293.295,64680.0,0.005,False
1785949293.295,64680.0,0.01,False
1785949293.295,64680.0,0.008,False
1785949293.295,64680.0,0.007,False
1785949293.295,64680.0,0.006,False
1785949293.295,64680.0,9e-05,False
1785949293.295,64680.0,9e-05,False
1785949293.295,64680.0,9e-05,False
1785949293.295,64680.0,8e-05,False
1785949293.295,64680.0,9e-05,False
1785949293.295,64680.0,8e-05,False
1785949293.295,64680.0,8e-05,False
1785949293.295,64680.0,9e-05,False
1785949293.295,64680.0,8e-05,False
1785949293.295,64680.0,8e-05,False
1785949293.295,64680.0,8e-05,False
1785949293.295,64680.0,8e-05,False
1785949293.295,64680.0,0.10483,False
1785949293.295,64680.0,8e-05,False
1785949293.295,64680.0,8e-05,False
1785949293.295,64680.0,8e-05,False
1785949293.295,64680.0,8e-05,False
1785949293.295,64680.0,8e-05,False
1785949293.295,64680.01,9e-05,False
1785949293.295,64680.01,8e-05,False
1785949293.295,64680.01,9e-05,False
1785949293.295,64680.01,8e-05,False
1785949293.295,64680.01,8e-05,False
1785949293.301,64680.01,8e-05,False
1785949293.301,64680.01,8e-05,False
1785949293.301,64680.01,8e-05,False
1785949293.301,64680.01,9e-05,False
1785949293.301,64680.01,8e-05,False
1785949293.301,64680.01,8e-05,False
1785949293.301,64680.01,9e-05,False
1785949293.301,64680.01,8e-05,False
1785949293.301,64680.01,8e-05,False
1785949293.301,64680.01,8e-05,False
1785949293.301,64680.01,8e-05,False
1785949293.301,64680.01,8e-05,False
1785949293.301,64680.01,8e-05,False
1785949293.315,64680.01,9e-05,False
1785949293.315,64680.01,8e-05,False
1785949293.315,64680.01,9e-05,False
1785949293.315,64680.01,8e-05,False
1785949293.315,64680.01,8e-05,False
1785949293.315,64680.01,8e-05,False
1785949293.315,64680.01,8e-05,False
1785949293.315,64680.01,8e-05,False
1785949293.315,64680.01,8e-05,False
1785949293.315,64680.01,8e-05,False
1785949293.315,64680.01,8e-05,False
1785949293.315,64680.01,8e-05,False
1785949293.315,64680.01,8e-05,False
1785949293.315,64680.01,8e-05,False
1785949293.315,64680.01,8e-05,False
1785949293.315,64680.01,0.00144,False
1785949293.329,64680.01,0.09373,False
1785949293.329,64680.01,9e-05,False
1785949293.329,64680.01,9e-05,False
1785949293.329,64680.01,8e-05,False
1785949293.329,64680.01,9e-05,False
1785949293.329,64680.01,9e-05,False
1785949293.329,64680.01,9e-05,False
1785949293.329,64680.01,8e-05,False
1785949293.329,64680.01,8e-05,False
1785949293.329,64680.01,8e-05,False
1785949293.329,64680.01,9e-05,False
1785949293.329,64680.01,8e-05,False
1785949293.329,64680.01,8e-05,False
1785949293.329,64680.01,8e-05,False
1785949293.329,64680.01,8e-05,False
1785949293.329,64680.01,8e-05,False
1785949293.329,64680.02,9e-05,False
1785949293.329,64680.02,9e-05,False
1785949293.329,64680.02,8e-05,False
1785949293.329,64680.02,8e-05,False
1785949293.329,64680.02,8e-05,False
1785949293.329,64680.02,8e-05,False
1785949293.329,64680.02,8e-05,False
1785949293.329,64680.02,8e-05,False
1785949293.329,64680.02,8e-05,False
1785949293.329,64680.02,8e-05,False
1785949293.329,64680.02,8e-05,False
1785949293.329,64680.02,8e-05,False
1785949293.335,64680.75,9e-05,False
1785949293.335,64680.75,8e-05,False
1785949293.335,64680.75,8e-05,False
1785949293.335,64680.75,9e-05,False
1785949293.335,64680.75,9e-05,False
1785949293.335,64680.75,8e-05,False
1785949293.335,64680.75,8e-05,False
1785949293.335,64680.75,8e-05,False
1785949293.335,64680.75,8e-05,False
1785949293.335,64680.75,8e-05,False
1785949293.335,64680.75,8e-05,False
1785949293.335,64680.75,8e-05,False
1785949293.335,64680.75,8e-05,False
1785949293.335,64680.76,9e-05,False
1785949293.335,64680.76,8e-05,False
1785949293.335,64680.76,9e-05,False
1785949293.335,64680.76,8e-05,False
1785949293.335,64680.76,8e-05,False
1785949293.335,64680.76,8e-05,False
1785949293.335,64680.97,9e-05,False
1785949293.335,64681.13,8e-05,False
1785949293.335,64681.13,8e-05,False
1785949293.335,64681.13,8e-05,False
1785949293.335,64681.13,8e-05,False
1785949293.335,64681.13,8e-05,False
1785949293.335,64681.24,8e-05,False
1785949293.335,64681.5,8e-05,False
1785949293.335,64681.99,9e-05,False
1785949293.335,64681.99,9e-05,False
1785949293.335,64681.99,9e-05,False
1785949293.335,64682.0,0.00011,False
1785949293.335,64682.0,0.00255,False
1785949293.342,64682.0,0.00234,False
1785949293.342,64682.0,0.00034,False
1785949293.517,64681.99,0.00085,True
1785949293.581,64682.0,0.00114,False
1785949293.751,64682.0,0.00038,False
1785949293.764,64682.0,0.00033,False
1785949294.592,64681.99,0.00259,True
1785949295.593,64682.0,0.00014,False
1785949295.747,64682.0,0.00027,False
1785949296.046,64682.0,0.00331,False
1785949297.479,64682.0,0.00209,False
1785949297.479,64682.0,0.007,False
1785949297.479,64682.0,0.006,False
1785949297.479,64682.0,9e-05,False
1785949297.479,64682.0,9e-05,False
1785949297.479,64682.0,8e-05,False
1785949297.479,64682.0,8e-05,False
1785949297.479,64682.0,9e-05,False
1785949297.479,64682.0,8e-05,False
1785949297.479,64682.0,8e-05,False
1785949297.479,64682.0,8e-05,False
1785949297.479,64682.0,8e-05,False
1785949297.479,64682.0,8e-05,False
1785949297.479,64682.0,8e-05,False
1785949297.479,64682.0,8e-05,False
1785949297.479,64682.0,8e-05,False
1785949297.479,64682.0,0.00016,False
1785949297.479,64682.0,8e-05,False
1785949297.479,64682.0,8e-05,False
1785949297.479,64682.0,8e-05,False
1785949297.479,64682.0,8e-05,False
1785949297.479,64682.0,8e-05,False
1785949297.479,64682.0,8e-05,False
1785949297.479,64682.0,0.007,False
1785949297.479,64682.0,8e-05,False
1785949297.479,64682.0,8e-05,False
1785949297.479,64682.0,9e-05,False
1785949297.479,64682.0,9e-05,False
1785949297.479,64682.0,8e-05,False
1785949297.479,64682.0,8e-05,False
1785949297.479,64682.0,8e-05,False
1785949297.479,64682.0,8e-05,False
1785949297.479,64682.01,8e-05,False
1785949297.479,64682.01,8e-05,False
1785949297.479,64682.01,8e-05,False
1785949297.479,64682.01,8e-05,False
1785949297.479,64682.01,8e-05,False
1785949297.479,64682.01,9e-05,False
1785949297.479,64682.01,8e-05,False
1785949297.479,64682.01,8e-05,False
1785949297.479,64682.01,8e-05,False
1785949297.479,64682.01,8e-05,False
1785949297.479,64682.01,9e-05,False
1785949297.479,64682.01,8e-05,False
1785949297.484,64683.05,0.00019,False
1785949297.484,64683.05,0.00444,False
1785949297.484,64683.05,9e-05,False
1785949297.484,64683.05,9e-05,False
1785949297.484,64683.05,8e-05,False
1785949297.484,64683.05,8e-05,False
1785949297.484,64683.05,8e-05,False
1785949297.484,64683.05,8e-05,False
1785949297.484,64683.05,8e-05,False
1785949297.484,64683.05,8e-05,False
1785949297.484,64683.05,8e-05,False
1785949297.484,64683.05,8e-05,False
1785949297.484,64683.05,8e-05,False
1785949297.484,64683.05,8e-05,False
1785949297.484,64683.05,8e-05,False
1785949297.484,64683.06,8e-05,False
1785949297.484,64683.06,9e-05,False
1785949297.484,64683.06,9e-05,False
1785949297.484,64683.66,8e-05,False
1785949297.484,64683.98,9e-05,False
1785949297.484,64683.99,9e-05,False
1785949297.484,64683.99,9e-05,False
1785949297.484,64683.99,9e-05,False
1785949297.489,64684.0,0.0001,False
1785949297.516,64684.0,0.0049,False
1785949297.516,64684.0,0.008,False
1785949297.516,64684.0,0.007,False
1785949297.516,64684.0,0.006,False
1785949297.516,64684.0,9e-05,False
1785949297.516,64684.0,9e-05,False
1785949297.516,64684.0,8e-05,False
1785949297.516,64684.0,9e-05,False
1785949297.516,64684.0,8e-05,False
1785949297.516,64684.0,8e-05,False
1785949297.516,64684.0,8e-05,False
1785949297.516,64684.0,8e-05,False
1785949297.516,64684.0,8e-05,False
1785949297.516,64684.0,8e-05,False
1785949297.516,64684.0,8e-05,False
1785949297.516,64684.0,8e-05,False
1785949297.516,64684.0,8e-05,False
1785949297.516,64684.0,8e-05,False
1785949297.516,64684.0,8e-05,False
1785949297.516,64684.0,8e-05,False
1785949297.516,64684.0,8e-05,False
1785949297.516,64684.0,8e-05,False
1785949297.516,64684.0,8e-05,False
1785949297.516,64684.0,8e-05,False
1785949297.516,64684.0,8e-05,False
1785949297.516,64684.0,8e-05,False
1785949297.516,64684.0,8e-05,False
1785949297.516,64684.0,8e-05,False
1785949297.516,64684.0,8e-05,False
1785949297.516,64684.01,8e-05,False
1785949297.516,64684.01,9e-05,False
1785949297.516,64684.01,9e-05,False
1785949297.516,64684.01,8e-05,False
1785949297.516,64684.01,8e-05,False
1785949297.516,64684.01,8e-05,False
1785949297.516,64684.01,2e-05,False
1785949297.549,64684.01,6e-05,False
1785949297.549,64684.01,8e-05,False
1785949297.549,64684.01,8e-05,False
1785949297.549,64684.01,9e-05,False
1785949297.549,64684.01,8e-05,False
1785949297.549,64684.01,8e-05,False
1785949297.549,64684.01,8e-05,False
1785949297.549,64684.01,8e-05,False
1785949297.549,64684.01,9e-05,False
1785949297.549,64684.01,8e-05,False
1785949297.549,64684.01,8e-05,False
1785949297.549,64684.01,8e-05,False
1785949297.549,64684.01,8e-05,False
1785949297.549,64684.01,8e-05,False
1785949297.549,64684.01,8e-05,False
1785949297.549,64684.01,8e-05,False
1785949297.582,64684.01,8e-05,False
1785949297.582,64684.01,8e-05,False
1785949297.582,64684.01,8e-05,False
1785949297.582,64684.01,8e-05,False
1785949297.582,64684.01,8e-05,False
1785949297.582,64684.01,8e-05,False
1785949297.582,64684.01,8e-05,False
1785949297.582,64684.01,9e-05,False
1785949297.582,64684.01,9e-05,False
1785949297.582,64684.01,8e-05,False
1785949297.582,64684.01,8e-05,False
1785949297.582,64684.01,8e-05,False
1785949297.596,64684.02,8e-05,False
1785949297.596,64684.02,8e-05,False
1785949297.596,64684.02,8e-05,False
1785949297.596,64684.02,8e-05,False
1785949297.596,64684.02,8e-05,False
1785949297.596,64684.02,8e-05,False
1785949297.596,64684.02,8e-05,False
1785949297.596,64684.02,9e-05,False
1785949297.596,64684.02,9e-05,False
1785949297.596,64684.02,8e-05,False
1785949297.596,64684.02,8e-05,False
1785949297.596,64684.02,8e-05,False
1785949297.596,64684.02,8e-05,False
1785949297.596,64684.02,8e-05,False
1785949297.596,64684.02,8e-05,False
1785949297.596,64684.02,8e-05,False
1785949297.596,64684.03,8e-05,False
1785949297.596,64684.03,9e-05,False
1785949297.596,64684.03,8e-05,False
1785949297.596,64684.03,8e-05,False
1785949297.596,64684.03,9e-05,False
1785949297.596,64684.03,8e-05,False
1785949297.596,64684.21,9e-05,False
1785949297.596,64684.71,8e-05,False
1785949297.596,64685.16,8e-05,False
1785949297.596,64685.99,9e-05,False
1785949297.596,64685.99,9e-05,False
1785949297.596,64685.99,9e-05,False
1785949298.145,64686.0,0.00078,False
1785949298.375,64686.0,0.00051,False
1785949298.636,64686.0,0.0001,False
1785949299.006,64686.0,0.00561,False
1785949299.006,64686.0,0.006,False
1785949299.006,64686.0,0.005,False
1785949299.006,64686.0,0.008,False
1785949299.006,64686.0,9e-05,False
1785949299.006,64686.0,9e-05,False
1785949299.006,64686.0,9e-05,False
1785949299.006,64686.0,8e-05,False
1785949299.006,64686.0,8e-05,False
1785949299.006,64686.0,8e-05,False
1785949299.006,64686.0,8e-05,False
1785949299.006,64686.0,8e-05,False
1785949299.006,64686.0,8e-05,False
1785949299.006,64686.0,8e-05,False
1785949299.006,64686.0,8e-05,False
1785949299.006,64686.0,0.00017,False
1785949299.006,64686.0,8e-05,False
1785949299.006,64686.0,8e-05,False
1785949299.006,64686.0,8e-05,False
1785949299.006,64686.0,8e-05,False
1785949299.006,64686.0,8e-05,False
1785949299.006,64686.0,8e-05,False
1785949299.006,64686.0,8e-05,False
1785949299.006,64686.0,8e-05,False
1785949299.006,64686.0,8e-05,False
1785949299.006,64686.0,8e-05,False
1785949299.006,64686.0,8e-05,False
1785949299.006,64686.0,9e-05,False
1785949299.006,64686.0,9e-05,False
1785949299.006,64686.0,9e-05,False
1785949299.006,64686.0,8e-05,False
1785949299.006,64686.0,8e-05,False
1785949299.006,64686.0,8e-05,False
1785949299.006,64686.0,8e-05,False
1785949299.006,64686.0,8e-05,False
1785949299.006,64686.0,8e-05,False
1785949299.006,64686.0,8e-05,False
1785949299.006,64686.0,8e-05,False
1785949299.006,64686.0,8e-05,False
1785949299.006,64686.0,8e-05,False
1785949299.006,64686.0,8e-05,False
1785949299.006,64686.01,8e-05,False
1785949299.006,64686.01,9e-05,False
1785949299.006,64686.01,8e-05,False
1785949299.006,64686.01,8e-05,False
1785949299.006,64686.01,9e-05,False
1785949299.006,64686.01,8e-05,False
1785949299.006,64686.01,8e-05,False
1785949299.01,64686.01,8e-05,False
1785949299.01,64686.01,8e-05,False
1785949299.01,64686.01,8e-05,False
1785949299.01,64686.01,8e-05,False
1785949299.01,64686.01,0.00016,False
1785949299.01,64686.01,8e-05,False
1785949299.01,64686.01,9e-05,False
1785949299.01,64686.01,9e-05,False
1785949299.01,64686.01,8e-05,False
1785949299.01,64686.01,8e-05,False
1785949299.01,64686.01,8e-05,False
1785949299.01,64686.01,8e-05,False
1785949299.01,64686.01,8e-05,False
1785949299.01,64686.01,8e-05,False
1785949299.01,64686.01,8e-05,False
1785949299.01,64686.01,8e-05,False
1785949299.01,64686.01,8e-05,False
1785949299.01,64686.01,8e-05,False
1785949299.01,64686.02,0.00016,False
1785949299.01,64686.02,9e-05,False
1785949299.01,64686.02,8e-05,False
1785949299.01,64686.02,8e-05,False
1785949299.01,64686.02,8e-05,False
1785949299.01,64686.02,8e-05,False
1785949299.01,64686.02,8e-05,False
1785949299.01,64686.02,8e-05,False
1785949299.01,64686.72,9e-05,False
1785949299.01,64687.06,9e-05,False
1785949299.01,64687.06,9e-05,False
1785949299.01,64687.06,9e-05,False
1785949299.037,64687.07,0.03434,False
1785949299.037,64687.07,9e-05,False
1785949299.037,64687.07,9e-05,False
1785949299.037,64687.07,8e-05,False
1785949299.037,64687.07,9e-05,False
1785949299.037,64687.07,8e-05,False
1785949299.037,64687.07,8e-05,False
1785949299.037,64687.07,8e-05,False
1785949299.037,64687.07,8e-05,False
1785949299.037,64687.07,8e-05,False
1785949299.037,64687.07,8e-05,False
1785949299.037,64687.07,8e-05,False
1785949299.037,64687.07,8e-05,False
1785949299.037,64687.07,8e-05,False
1785949299.037,64687.07,8e-05,False
1785949299.037,64687.07,8e-05,False
1785949299.037,64687.07,8e-05,False
1785949299.037,64687.07,8e-05,False
1785949299.037,64687.07,8e-05,False
1785949299.037,64687.07,8e-05,False
1785949299.037,64687.07,9e-05,False
1785949299.037,64687.07,8e-05,False
1785949299.037,64687.07,0.00017,False
1785949299.037,64687.07,8e-05,False
1785949299.037,64687.07,8e-05,False
1785949299.037,64687.08,9e-05,False
1785949299.037,64687.08,8e-05,False
1785949299.037,64687.08,8e-05,False
1785949299.037,64687.08,9e-05,False
1785949299.037,64687.08,8e-05,False
1785949299.037,64687.08,8e-05,False
1785949299.037,64687.08,8e-05,False
1785949299.037,64687.12,0.00441,False
1785949299.037,64687.21,9e-05,False
1785949299.037,64687.35,0.00012,False
1785949299.04,64687.51,8e-05,False
1785949299.04,64687.51,2e-05,False
1785949299.1,64687.51,6e-05,False
1785949299.1,64687.51,9e-05,False
1785949299.1,64687.51,9e-05,False
1785949299.1,64687.51,8e-05,False
1785949299.1,64687.51,8e-05,False
1785949299.1,64687.51,8e-05,False
1785949299.1,64687.51,8e-05,False
1785949299.1,64687.51,8e-05,False
1785949299.1,64687.51,8e-05,False
1785949299.1,64687.51,8e-05,False
1785949299.1,64687.51,8e-05,False
1785949299.1,64687.51,8e-05,False
1785949299.1,64687.51,8e-05,False
1785949299.1,64687.51,8e-05,False
1785949299.1,64687.51,8e-05,False
1785949299.1,64687.51,8e-05,False
1785949299.1,64687.51,8e-05,False
1785949299.1,64687.51,8e-05,False
1785949299.1,64687.51,8e-05,False
1785949299.1,64687.52,8e-05,False
1785949299.1,64687.52,8e-05,False
1785949299.1,64687.52,8e-05,False
1785949299.1,64687.52,8e-05,False
1785949299.1,64687.52,8e-05,False
1785949299.1,64687.52,9e-05,False
1785949299.1,64687.52,9e-05,False
1785949299.1,64687.92,8e-05,False
1785949299.1,64687.99,9e-05,False
1785949299.1,64687.99,9e-05,False
1785949299.1,64687.99,9e-05,False
1785949299.32,64687.99,8e-05,True
1785949299.32,64687.99,9e-05,True
1785949299.32,64687.99,8e-05,True
1785949299.32,64687.99,9e-05,True
1785949299.32,64687.99,9e-05,True
1785949299.32,64687.99,8e-05,True
1785949299.32,64687.99,0.00016,True
1785949299.32,64687.99,8e-05,True
1785949299.32,64687.99,8e-05,True
1785949299.32,64687.99,8e-05,True
1785949299.32,64687.99,8e-05,True
1785949299.32,64687.99,8e-05,True
1785949299.32,64687.99,9e-05,True
1785949299.32,64687.99,9e-05,True
1785949299.32,64687.99,0.00772,True
1785949299.32,64687.99,0.00047,True
1785949299.32,64687.99,8e-05,True
1785949299.32,64687.99,8e-05,True
1785949299.32,64687.99,8e-05,True
1785949299.32,64687.99,8e-05,True
1785949299.32,64687.99,8e-05,True
1785949299.32,64687.99,8e-05,True
1785949299.32,64687.99,8e-05,True
1785949299.32,64687.99,8e-05,True
1785949299.32,64687.99,8e-05,True
1785949299.32,64687.98,9e-05,True
1785949299.32,64687.98,9e-05,True
1785949299.32,64687.98,0.00016,True
1785949299.32,64687.97,0.00016,True
1785949299.32,64687.92,8e-05,True
1785949299.32,64687.87,0.00489,True
1785949299.32,64687.51,9e-05,True
1785949299.32,64687.51,9e-05,True
1785949299.32,64687.51,9e-05,True
1785949299.774,64687.5,8e-05,True
1785949299.774,64687.5,9e-05,True
1785949299.774,64687.5,9e-05,True
1785949299.774,64687.5,4e-05,True
1785949299.848,64687.51,0.001,False
1785949300.164,64687.51,0.00022,False
1785949300.525,64687.51,0.00456,False
1785949301.183,64687.51,0.00108,False
1785949302.135,64687.5,4e-05,True
1785949302.135,64687.5,8e-05,True
1785949302.135,64687.5,8e-05,True
1785949302.135,64687.5,8e-05,True
1785949302.135,64687.5,8e-05,True
1785949302.135,64687.5,8e-05,True
1785949302.135,64687.5,8e-05,True
1785949302.135,64687.5,8e-05,True
1785949302.135,64687.5,8e-05,True
1785949302.135,64687.5,8e-05,True
1785949302.135,64687.5,9e-05,True
1785949302.135,64687.5,8e-05,True
1785949302.135,64687.5,8e-05,True
1785949302.135,64687.5,8e-05,True
1785949302.135,64687.5,8e-05,True
1785949302.135,64687.5,0.0007,True
1785949302.135,64687.5,0.01,True
1785949302.135,64687.5,0.00507,True
1785949302.135,64687.5,8e-05,True
1785949302.135,64687.5,8e-05,True
1785949302.135,64687.5,9e-05,True
1785949302.135,64687.5,9e-05,True
1785949302.135,64687.5,8e-05,True
1785949302.135,64687.5,8e-05,True
1785949302.135,64687.5,0.00016,True
1785949302.135,64687.5,8e-05,True
1785949302.135,64687.5,0.02349,True
1785949302.135,64687.5,0.0001,True
1785949302.135,64687.5,9e-05,True
1785949302.135,64687.5,8e-05,True
1785949302.135,64687.5,8e-05,True
1785949302.135,64687.5,8e-05,True
1785949302.135,64687.5,8e-05,True
1785949302.135,64687.49,9e-05,True
1785949302.135,64687.49,9e-05,True
1785949302.135,64687.49,8e-05,True
1785949302.135,64687.49,8e-05,True
1785949302.135,64687.49,8e-05,True
1785949302.135,64687.49,8e-05,True
1785949302.135,64687.49,8e-05,True
1785949302.135,64687.49,8e-05,True
1785949302.135,64687.49,8e-05,True
1785949302.135,64687.49,8e-05,True
1785949302.135,64687.49,8e-05,True
1785949302.135,64687.49,0.00016,True
1785949302.135,64687.49,8e-05,True
1785949302.135,64687.48,0.00016,True
1785949302.135,64687.12,0.00023,True
1785949302.135,64687.11,8e-05,True
1785949302.135,64687.11,8e-05,True
1785949302.135,64687.11,8e-05,True
1785949302.135,64687.11,8e-05,True
1785949302.135,64687.11,8e-05,True
1785949302.135,64687.06,8e-05,True
1785949302.135,64687.06,8e-05,True
1785949302.135,64687.06,8e-05,True
1785949302.135,64687.06,8e-05,True
1785949302.135,64687.06,8e-05,True
1785949302.135,64686.57,0.00407,True
1785949302.135,64686.24,8e-05,True
1785949302.138,64686.2,9e-05,True
1785949302.138,64686.2,9e-05,True
1785949302.138,64686.2,0.1589,True
1785949302.138,64686.2,8e-05,True
1785949302.138,64686.2,0.2443,True
1785949302.138,64686.2,8e-05,True
1785949302.138,64686.2,8e-05,True
1785949302.138,64686.2,8e-05,True
1785949302.138,64686.2,8e-05,True
1785949302.138,64686.2,8e-05,True
1785949302.138,64686.2,8e-05,True
1785949302.138,64686.2,8e-05,True
1785949302.138,64686.19,8e-05,True
1785949302.138,64686.19,8e-05,True
1785949302.138,64686.0,8e-05,True
1785949302.138,64686.0,8e-05,True
1785949302.138,64686.0,8e-05,True
1785949302.138,64686.0,8e-05,True
1785949302.138,64686.0,8e-05,True
1785949302.138,64685.99,8e-05,True
1785949302.138,64685.99,8e-05,True
1785949302.138,64685.99,8e-05,True
1785949302.138,64685.99,8e-05,True
1785949302.138,64685.99,8e-05,True
1785949302.138,64685.76,0.00081,True
1785949302.138,64685.59,8e-05,True
1785949302.138,64685.28,0.00326,True
1785949302.436,64684.92,0.0001,False
1785949302.522,64684.91,8e-05,True
1785949302.522,64684.91,0.00038,True
1785949303.004,64684.92,0.00012,False
1785949303.164,64684.91,8e-05,True
1785949303.164,64684.91,8e-05,True
1785949303.164,64684.91,8e-05,True
1785949303.164,64684.91,8e-05,True
1785949303.164,64684.91,8e-05,True
1785949303.164,64684.91,8e-05,True
1785949303.164,64684.91,8e-05,True
1785949303.164,64684.91,8e-05,True
1785949303.164,64684.91,8e-05,True
1785949303.164,64684.91,8e-05,True
1785949303.164,64684.91,8e-05,True
1785949303.164,64684.91,9e-05,True
1785949303.164,64684.91,8e-05,True
1785949303.164,64684.91,8e-05,True
1785949303.164,64684.91,0.00048,True
1785949303.164,64684.91,8e-05,True
1785949303.164,64684.91,8e-05,True
1785949303.164,64684.91,8e-05,True
1785949303.164,64684.91,8e-05,True
1785949303.164,64684.91,8e-05,True
1785949303.164,64684.91,8e-05,True
1785949303.164,64684.91,8e-05,True
1785949303.164,64684.91,9e-05,True
1785949303.164,64684.91,8e-05,True
1785949303.164,64684.91,8e-05,True
1785949303.164,64684.91,8e-05,True
1785949303.164,64684.91,8e-05,True
1785949303.164,64684.91,8e-05,True
1785949303.164,64684.9,9e-05,True
1785949303.164,64684.9,9e-05,True
1785949303.164,64684.9,8e-05,True
1785949303.164,64684.9,8e-05,True
1785949303.164,64684.9,8e-05,True
1785949303.164,64684.9,8e-05,True
1785949303.164,64684.9,8e-05,True
1785949303.164,64684.9,8e-05,True
1785949303.164,64684.9,8e-05,True
1785949303.164,64684.9,8e-05,True
1785949303.164,64684.9,8e-05,True
1785949303.164,64684.9,8e-05,True
1785949303.164,64684.9,8e-05,True
1785949303.164,64684.71,8e-05,True
1785949303.164,64684.6,0.0048,True
1785949303.164,64684.01,8e-05,True
1785949303.164,64684.01,9e-05,True
1785949303.164,64684.01,9e-05,True
1785949303.164,64684.01,8e-05,True
1785949303.164,64684.01,9e-05,True
1785949303.164,64684.01,8e-05,True
1785949303.164,64684.01,8e-05,True
1785949303.164,64684.01,8e-05,True
1785949303.229,64684.0,8e-05,True
1785949303.229,64684.0,0.00023,True
1785949303.229,64684.0,0.00047,True
1785949303.703,64684.0,0.0001,True
1785949303.946,64684.0,0.00018,True
1785949304.114,64684.0,0.00075,True
1785949304.114,64684.0,0.00046,True
1785949304.169,64684.0,0.00067,True
1785949305.015,64684.0,0.00337,True
1785949305.015,64684.0,0.007,True
1785949305.015,64684.0,0.00366,True
1785949305.08,64684.0,0.00076,True
1785949305.749,64684.01,0.0024,False
1785949305.81,64684.01,0.0001,False
1785949306.919,64684.01,0.00134,False
1785949307.444,64684.01,0.38341,False
1785949307.444,64684.01,0.00388,False
1785949307.481,64684.01,0.15087,False
1785949307.485,64684.01,8e-05,False
1785949307.485,64684.01,2e-05,False
1785949307.512,64684.01,6e-05,False
1785949307.512,64684.01,8e-05,False
1785949307.512,64684.01,8e-05,False
1785949307.512,64684.01,0.00772,False
1785949307.512,64684.01,8e-05,False
1785949307.512,64684.01,9e-05,False
1785949307.512,64684.01,9e-05,False
1785949307.512,64684.01,8e-05,False
1785949307.512,64684.01,0.08,False
1785949307.512,64684.01,8e-05,False
1785949307.512,64684.01,8e-05,False
1785949307.512,64684.01,8e-05,False
1785949307.512,64684.01,0.03014,False
1785949307.605,64684.0,0.0001,True
1785949307.628,64684.01,0.04986,False
1785949307.628,64684.01,0.08,False
1785949307.628,64684.01,0.08,False
1785949307.628,64684.01,0.00535,False
1785949307.628,64684.01,8e-05,False
1785949307.628,64684.01,8e-05,False
1785949307.628,64684.01,8e-05,False
1785949307.628,64684.01,8e-05,False
1785949307.628,64684.01,0.001,False
1785949307.628,64684.01,8e-05,False
1785949307.628,64684.01,8e-05,False
1785949307.628,64684.01,8e-05,False
1785949307.628,64684.01,8e-05,False
1785949307.628,64684.01,8e-05,False
1785949307.628,64684.01,8e-05,False
1785949307.628,64684.01,8e-05,False
1785949307.628,64684.01,9e-05,False
1785949307.628,64684.01,8e-05,False
1785949307.628,64684.01,9e-05,False
1785949307.628,64684.01,9e-05,False
1785949307.628,64684.01,8e-05,False
1785949307.628,64684.01,8e-05,False
1785949307.628,64684.01,9e-05,False
1785949307.628,64684.01,9e-05,False
1785949307.628,64684.01,0.00122,False
1785949307.63,64684.01,0.00413,False
1785949307.63,64684.01,8e-05,False
1785949307.63,64684.01,8e-05,False
1785949307.63,64684.01,8e-05,False
1785949307.63,64684.01,8e-05,False
1785949307.63,64684.01,8e-05,False
1785949307.63,64684.01,0.00535,False
1785949307.63,64684.01,8e-05,False
1785949307.63,64684.01,0.00535,False
1785949307.63,64684.01,8e-05,False
1785949307.63,64684.01,0.00535,False
1785949307.63,64684.01,0.00535,False
1785949307.63,64684.01,0.00535,False
1785949307.63,64684.01,0.00535,False
1785949307.63,64684.01,0.00535,False
1785949307.63,64684.01,0.00535,False
1785949307.63,64684.01,0.00535,False
1785949307.63,64684.01,0.00535,False
1785949307.63,64684.01,0.00535,False
1785949307.63,64684.01,0.00535,False
1785949307.63,64684.01,0.00535,False
1785949307.63,64684.01,0.00535,False
1785949307.63,64684.01,0.00535,False
1785949307.63,64684.01,0.00319,False
1785949307.63,64684.02,9e-05,False
1785949307.63,64684.02,9e-05,False
1785949307.63,64684.02,0.00016,False
1785949307.63,64684.02,8e-05,False
1785949307.63,64684.02,8e-05,False
1785949307.63,64684.02,8e-05,False
1785949307.63,64684.02,8e-05,False
1785949307.63,64684.02,8e-05,False
1785949307.63,64684.02,8e-05,False
1785949307.63,64684.02,8e-05,False
1785949307.63,64684.03,0.00016,False
1785949307.63,64684.71,8e-05,False
1785949307.636,64684.92,0.00535,False
1785949307.636,64684.92,9e-05,False
1785949307.636,64684.92,9e-05,False
1785949307.636,64684.92,8e-05,False
1785949307.636,64684.92,8e-05,False
1785949307.636,64684.92,8e-05,False
1785949307.636,64684.92,8e-05,False
1785949307.636,64684.92,8e-05,False
1785949307.636,64684.92,8e-05,False
1785949307.636,64684.92,8e-05,False
1785949307.636,64684.92,9e-05,False
1785949307.636,64684.92,9e-05,False
1785949307.636,64684.92,8e-05,False
1785949307.636,64684.92,8e-05,False
1785949307.636,64684.92,8e-05,False
1785949307.636,64684.92,8e-05,False
1785949307.636,64684.92,8e-05,False
1785949307.636,64684.92,8e-05,False
1785949307.636,64684.92,0.00535,False
1785949307.636,64684.92,8e-05,False
1785949307.636,64684.92,0.00535,False
1785949307.636,64684.92,0.00535,False
1785949307.636,64684.92,0.00535,False
1785949307.636,64684.92,0.00535,False
1785949307.636,64684.92,0.00535,False
1785949307.636,64684.92,0.00535,False
1785949307.636,64684.92,0.00535,False
1785949307.636,64684.92,0.00535,False
1785949307.636,64684.92,0.00535,False
1785949307.636,64684.92,0.00535,False
1785949307.636,64684.92,0.00535,False
1785949307.636,64684.92,0.00535,False
1785949307.636,64684.92,0.00535,False
1785949307.636,64684.92,0.00535,False
1785949307.636,64684.92,0.00038,False
1785949307.641,64684.93,0.0045,False
1785949307.641,64684.93,8e-05,False
1785949307.641,64684.93,8e-05,False
1785949307.641,64684.93,8e-05,False
1785949307.641,64684.93,8e-05,False
1785949307.641,64684.93,8e-05,False
1785949307.641,64684.93,8e-05,False
1785949307.641,64684.93,8e-05,False
1785949307.641,64684.93,8e-05,False
1785949307.641,64684.93,9e-05,False
1785949307.641,64684.93,9e-05,False
1785949307.641,64684.93,8e-05,False
1785949307.641,64684.93,8e-05,False
1785949307.641,64684.93,8e-05,False
1785949307.641,64684.93,8e-05,False
1785949307.641,64684.93,8e-05,False
1785949307.641,64684.93,8e-05,False
1785949307.641,64684.93,8e-05,False
1785949307.641,64684.93,8e-05,False
1785949307.641,64684.93,9e-05,False
1785949307.641,64684.93,9e-05,False
1785949307.641,64684.93,8e-05,False
1785949307.641,64684.93,8e-05,False
1785949307.641,64684.93,8e-05,False
1785949307.641,64684.94,8e-05,False
1785949307.641,64684.94,8e-05,False
1785949307.641,64684.94,8e-05,False
1785949307.641,64684.94,8e-05,False
1785949307.641,64684.94,8e-05,False
1785949307.641,64684.94,9e-05,False
1785949307.641,64684.94,9e-05,False
1785949307.641,64684.94,8e-05,False
1785949307.641,64685.99,9e-05,False
1785949307.641,64685.99,9e-05,False
1785949307.641,64685.99,9e-05,False
1785949307.67,64686.0,0.00057,False
1785949307.67,64686.0,0.007,False
1785949307.67,64686.0,0.00442,False
1785949307.67,64686.0,9e-05,False
1785949307.67,64686.0,9e-05,False
1785949307.67,64686.0,8e-05,False
1785949307.67,64686.0,8e-05,False
1785949307.67,64686.0,9e-05,False
1785949307.67,64686.0,8e-05,False
1785949307.67,64686.0,9e-05,False
1785949307.67,64686.0,8e-05,False
1785949307.67,64686.0,8e-05,False
1785949307.67,64686.0,8e-05,False
1785949307.67,64686.0,8e-05,False
1785949307.67,64686.0,8e-05,False
1785949307.67,64686.0,8e-05,False
1785949307.67,64686.0,0.1589,False
1785949307.67,64686.0,8e-05,False
1785949307.67,64686.0,8e-05,False
1785949307.67,64686.01,8e-05,False
1785949307.67,64686.01,8e-05,False
1785949307.67,64686.01,8e-05,False
1785949307.67,64686.01,8e-05,False
1785949307.67,64686.01,9e-05,False
1785949307.67,64686.01,9e-05,False
1785949307.67,64686.01,8e-05,False
1785949307.924,64686.01,8e-05,False
1785949307.924,64686.01,8e-05,False
1785949307.924,64686.01,8e-05,False
1785949307.924,64686.01,8e-05,False
1785949307.924,64686.01,8e-05,False
1785949307.924,64686.01,9e-05,False
1785949307.924,64686.01,8e-05,False
1785949307.924,64686.01,8e-05,False
1785949307.924,64686.01,8e-05,False
1785949307.924,64686.01,8e-05,False
1785949307.924,64686.01,8e-05,False
1785949307.924,64686.01,8e-05,False
1785949307.924,64686.01,9e-05,False
1785949307.924,64686.01,8e-05,False
1785949307.924,64686.01,8e-05,False
1785949307.924,64686.01,8e-05,False
1785949307.924,64686.01,8e-05,False
1785949307.924,64686.01,8e-05,False
1785949307.925,64686.01,8e-05,False
1785949307.925,64686.01,8e-05,False
1785949307.925,64686.02,9e-05,False
1785949307.925,64686.02,8e-05,False
1785949307.925,64686.02,8e-05,False
1785949307.925,64686.02,8e-05,False
1785949307.925,64686.02,8e-05,False
1785949307.925,64686.02,9e-05,False
1785949307.925,64686.02,8e-05,False
1785949307.955,64686.02,8e-05,False
1785949307.955,64686.02,8e-05,False
1785949307.955,64686.02,8e-05,False
1785949307.955,64686.02,8e-05,False
1785949307.955,64686.02,9e-05,False
1785949307.955,64686.02,9e-05,False
1785949307.955,64686.02,8e-05,False
1785949307.955,64686.02,8e-05,False
1785949307.955,64686.02,8e-05,False
1785949307.955,64686.02,8e-05,False
1785949307.955,64686.02,8e-05,False
1785949307.955,64686.02,8e-05,False
1785949307.955,64686.02,8e-05,False
1785949307.955,64686.02,8e-05,False
1785949307.955,64686.02,8e-05,False
1785949307.955,64686.02,8e-05,False
1785949307.955,64686.02,8e-05,False
1785949307.955,64686.02,8e-05,False
1785949307.955,64686.02,8e-05,False
1785949307.955,64686.02,8e-05,False
1785949307.955,64686.02,8e-05,False
1785949307.955,64686.02,8e-05,False
1785949307.955,64686.02,8e-05,False
1785949307.955,64686.02,8e-05,False
1785949307.955,64686.02,8e-05,False
1785949307.955,64686.02,8e-05,False
1785949307.955,64686.02,8e-05,False
1785949307.955,64686.03,9e-05,False
1785949307.955,64686.03,8e-05,False
1785949307.955,64686.03,9e-05,False
1785949307.955,64686.03,8e-05,False
1785949307.955,64686.03,8e-05,False
1785949307.955,64686.03,8e-05,False
1785949307.955,64686.03,8e-05,False
1785949307.955,64686.03,8e-05,False
1785949307.955,64686.03,8e-05,False
1785949307.955,64687.0,0.00415,False
1785949307.957,64687.0,0.00032,False
1785949307.957,64687.0,8e-05,False
1785949307.957,64687.0,8e-05,False
1785949307.957,64687.0,8e-05,False
1785949307.957,64687.0,9e-05,False
1785949307.957,64687.0,8e-05,False
1785949307.957,64687.0,8e-05,False
1785949307.957,64687.0,8e-05,False
1785949307.957,64687.0,8e-05,False
1785949307.985,64687.07,8e-05,False
1785949307.985,64687.07,8e-05,False
1785949307.985,64687.07,9e-05,False
1785949307.985,64687.07,9e-05,False
1785949307.985,64687.07,8e-05,False
1785949307.985,64687.07,8e-05,False
1785949307.985,64687.07,8e-05,False
1785949307.985,64687.07,8e-05,False
1785949307.985,64687.07,8e-05,False
1785949307.985,64687.07,8e-05,False
1785949307.985,64687.07,8e-05,False
1785949307.985,64687.07,8e-05,False
1785949307.985,64687.07,8e-05,False
1785949307.985,64687.07,8e-05,False
1785949307.985,64687.07,8e-05,False
1785949307.985,64687.07,8e-05,False
1785949307.985,64687.07,8e-05,False
1785949307.985,64687.08,9e-05,False
1785949307.985,64687.08,8e-05,False
1785949307.985,64687.08,8e-05,False
1785949307.985,64687.08,9e-05,False
1785949307.985,64687.08,8e-05,False
1785949307.985,64687.08,8e-05,False
1785949308.018,64687.08,8e-05,False
1785949308.018,64687.08,8e-05,False
1785949308.018,64687.08,8e-05,False
1785949308.018,64687.08,8e-05,False
1785949308.018,64687.08,8e-05,False
1785949308.018,64687.08,8e-05,False
1785949308.018,64687.08,8e-05,False
1785949308.018,64687.08,8e-05,False
1785949308.018,64687.08,9e-05,False
1785949308.018,64687.08,9e-05,False
1785949308.018,64687.08,8e-05,False
1785949308.018,64687.08,8e-05,False
1785949308.018,64687.08,8e-05,False
1785949308.018,64687.08,8e-05,False
1785949308.018,64687.08,8e-05,False
1785949308.018,64687.08,8e-05,False
1785949308.018,64687.08,8e-05,False
1785949308.018,64687.08,8e-05,False
1785949308.018,64687.09,9e-05,False
1785949308.018,64687.09,8e-05,False
1785949308.018,64687.09,8e-05,False
1785949308.018,64687.09,8e-05,False
1785949308.018,64687.09,8e-05,False
1785949308.018,64687.09,8e-05,False
1785949308.018,64687.09,8e-05,False
1785949308.018,64687.09,1e-05,False
1785949308.044,64687.09,8e-05,False
1785949308.044,64687.09,8e-05,False
1785949308.044,64687.09,8e-05,False
1785949308.044,64687.09,8e-05,False
1785949308.044,64687.09,8e-05,False
1785949308.044,64687.09,8e-05,False
1785949308.044,64687.09,8e-05,False
1785949308.044,64687.09,8e-05,False
1785949308.044,64687.09,8e-05,False
1785949308.044,64687.09,9e-05,False
1785949308.044,64687.09,9e-05,False
1785949308.044,64687.09,8e-05,False
1785949308.044,64687.09,8e-05,False
1785949308.044,64687.09,8e-05,False
1785949308.044,64687.09,8e-05,False
1785949308.044,64687.09,8e-05,False
1785949308.044,64687.09,8e-05,False
1785949308.044,64687.1,9e-05,False
1785949308.044,64687.1,8e-05,False
1785949308.044,64687.1,8e-05,False
1785949308.044,64687.1,8e-05,False
1785949308.044,64687.1,8e-05,False
1785949308.044,64687.1,8e-05,False
1785949308.044,64687.1,8e-05,False
1785949308.044,64687.1,8e-05,False
1785949308.044,64687.1,9e-05,False
1785949308.044,64687.51,8e-05,False
1785949308.044,64687.51,8e-05,False
1785949308.044,64687.51,8e-05,False
1785949308.044,64687.51,8e-05,False
1785949308.044,64687.51,8e-05,False
1785949308.044,64687.51,8e-05,False
1785949308.044,64687.51,8e-05,False
1785949308.044,64687.51,8e-05,False
1785949308.044,64687.51,8e-05,False
1785949308.044,64687.51,8e-05,False
1785949308.044,64687.73,8e-05,False
1785949308.044,64687.73,8e-05,False
1785949308.044,64687.92,8e-05,False
1785949308.044,64687.99,9e-05,False
1785949308.044,64687.99,9e-05,False
1785949308.044,64687.99,9e-05,False
1785949309.79,64688.0,0.00029,False
1785949309.989,64688.0,0.0001,False
1785949310.298,64688.0,0.00661,False
1785949310.298,64688.0,0.00149,False
1785949310.587,64687.99,0.00134,True
1785949310.677,64688.0,0.00351,False
1785949310.677,64688.0,0.008,False
1785949310.677,64688.0,0.00017,False
1785949310.677,64688.0,8e-05,False
1785949310.677,64688.0,9e-05,False
1785949310.677,64688.0,8e-05,False
1785949310.677,64688.0,8e-05,False
1785949310.677,64688.0,8e-05,False
1785949310.677,64688.0,8e-05,False
1785949310.677,64688.0,8e-05,False
1785949310.677,64688.0,8e-05,False
1785949310.677,64688.0,8e-05,False
1785949310.677,64688.0,8e-05,False
1785949310.677,64688.0,8e-05,False
1785949310.677,64688.0,8e-05,False
1785949310.677,64688.0,8e-05,False
1785949310.677,64688.0,9e-05,False
1785949310.677,64688.0,0.01143,False
1785949310.677,64688.0,0.00044,False
1785949310.677,64688.0,9e-05,False
1785949310.677,64688.0,9e-05,False
1785949310.677,64688.0,8e-05,False
1785949310.677,64688.0,8e-05,False
1785949310.677,64688.0,8e-05,False
1785949310.677,64688.0,8e-05,False
1785949310.677,64688.0,8e-05,False
1785949310.677,64688.0,9e-05,False
1785949310.677,64688.0,8e-05,False
1785949310.677,64688.0,8e-05,False
1785949310.677,64688.0,8e-05,False
1785949310.677,64688.0,8e-05,False
1785949310.677,64688.0,8e-05,False
1785949310.677,64688.0,8e-05,False
1785949310.677,64688.0,8e-05,False
1785949310.677,64688.0,8e-05,False
1785949310.677,64688.0,8e-05,False
1785949310.677,64688.01,8e-05,False
1785949310.677,64688.01,9e-05,False
1785949310.677,64688.01,8e-05,False
1785949310.677,64688.01,9e-05,False
1785949310.677,64688.01,8e-05,False
1785949310.677,64688.01,8e-05,False
1785949310.678,64688.01,8e-05,False
1785949310.678,64688.01,8e-05,False
1785949310.678,64688.01,8e-05,False
1785949310.678,64688.01,0.00016,False
1785949310.678,64688.01,8e-05,False
1785949310.678,64688.01,8e-05,False
1785949310.678,64688.02,0.00016,False
1785949310.679,64688.05,0.00264,False
1785949310.679,64688.05,8e-05,False
1785949310.679,64688.05,8e-05,False
1785949310.679,64688.24,9e-05,False
1785949310.679,64688.24,9e-05,False
1785949310.679,64688.24,9e-05,False
1785949310.707,64688.25,8e-05,False
1785949310.707,64688.25,9e-05,False
1785949310.707,64688.25,9e-05,False
1785949310.707,64688.25,8e-05,False
1785949310.707,64688.25,8e-05,False
1785949310.707,64688.25,8e-05,False
1785949310.707,64688.25,8e-05,False
1785949310.707,64688.25,8e-05,False
1785949310.707,64688.25,8e-05,False
1785949310.707,64688.25,8e-05,False
1785949310.707,64688.25,8e-05,False
1785949310.707,64688.25,8e-05,False
1785949310.707,64688.25,8e-05,False
1785949310.707,64688.25,8e-05,False
1785949310.707,64688.25,8e-05,False
1785949310.707,64688.26,9e-05,False
1785949310.707,64688.26,8e-05,False
1785949310.707,64688.26,9e-05,False
1785949310.707,64688.26,8e-05,False
1785949310.707,64688.26,8e-05,False
1785949310.707,64688.26,8e-05,False
1785949310.707,64688.26,8e-05,False
1785949310.707,64688.26,8e-05,False
1785949310.707,64688.8,8e-05,False
1785949310.707,64689.06,0.00428,False
1785949310.711,64689.06,0.00016,False
1785949310.711,64689.06,8e-05,False
1785949310.711,64689.06,9e-05,False
1785949310.711,64689.06,9e-05,False
1785949310.711,64689.06,8e-05,False
1785949310.711,64689.06,8e-05,False
1785949310.711,64689.06,8e-05,False
1785949310.711,64689.06,8e-05,False
1785949310.711,64689.06,8e-05,False
1785949310.711,64689.06,8e-05,False
1785949310.711,64689.06,8e-05,False
1785949310.711,64689.06,8e-05,False
1785949310.711,64689.06,8e-05,False
1785949310.711,64689.06,8e-05,False
1785949310.711,64689.07,8e-05,False
1785949310.711,64689.07,8e-05,False
1785949310.711,64689.07,8e-05,False
1785949310.711,64689.07,9e-05,False
1785949310.711,64689.07,8e-05,False
1785949310.711,64689.07,8e-05,False
1785949310.711,64689.51,0.00019,False
1785949310.711,64689.99,9e-05,False
1785949310.711,64689.99,9e-05,False
1785949310.711,64689.99,9e-05,False
1785949310.711,64689.99,9e-05,False
1785949310.711,64689.99,9e-05,False
1785949310.714,64690.0,0.0001,False
1785949310.745,64690.0,0.0069,False
1785949310.745,64690.0,0.006,False
1785949310.745,64690.0,0.01,False
1785949310.745,64690.0,0.005,False
1785949310.745,64690.0,9e-05,False
1785949310.745,64690.0,9e-05,False
1785949310.745,64690.0,9e-05,False
1785949310.745,64690.0,8e-05,False
1785949310.745,64690.0,8e-05,False
1785949310.745,64690.0,8e-05,False
1785949310.745,64690.0,8e-05,False
1785949310.745,64690.0,8e-05,False
1785949310.745,64690.0,8e-05,False
1785949310.745,64690.0,8e-05,False
1785949310.745,64690.0,8e-05,False
1785949310.745,64690.0,8e-05,False
1785949310.745,64690.0,8e-05,False
1785949310.745,64690.0,8e-05,False
1785949310.745,64690.0,8e-05,False
1785949310.745,64690.0,8e-05,False
1785949310.745,64690.0,8e-05,False
1785949310.745,64690.0,8e-05,False
1785949310.745,64690.0,9e-05,False
1785949310.745,64690.0,8e-05,False
1785949310.745,64690.0,8e-05,False
1785949310.745,64690.0,0.0081,False
1785949310.745,64690.0,8e-05,False
1785949310.745,64690.0,8e-05,False
1785949310.745,64690.01,8e-05,False
1785949310.745,64690.01,9e-05,False
1785949310.745,64690.01,8e-05,False
1785949310.745,64690.01,9e-05,False
1785949310.745,64690.01,8e-05,False
1785949310.745,64690.01,8e-05,False
1785949310.763,64690.01,8e-05,False
1785949310.763,64690.01,8e-05,False
1785949310.763,64690.01,8e-05,False
1785949310.763,64690.01,8e-05,False
1785949310.763,64690.01,8e-05,False
1785949310.763,64690.01,9e-05,False
1785949310.763,64690.01,9e-05,False
1785949310.763,64690.01,8e-05,False
1785949310.763,64690.01,8e-05,False
1785949310.763,64690.01,8e-05,False
1785949310.763,64690.01,8e-05,False
1785949310.763,64690.01,8e-05,False
1785949310.763,64690.01,8e-05,False
1785949310.763,64690.01,8e-05,False
1785949310.763,64690.01,8e-05,False
1785949310.763,64690.01,8e-05,False
1785949310.763,64690.01,8e-05,False
1785949310.763,64690.01,8e-05,False
1785949310.763,64690.01,8e-05,False
1785949310.763,64690.02,9e-05,False
1785949310.763,64690.02,9e-05,False
1785949310.763,64690.02,8e-05,False
1785949310.763,64690.02,8e-05,False
1785949310.763,64690.02,8e-05,False
1785949310.763,64690.02,8e-05,False
1785949310.763,64690.02,8e-05,False
1785949310.763,64690.02,8e-05,False
1785949310.763,64690.29,9e-05,False
1785949310.763,64690.29,9e-05,False
1785949310.763,64690.29,9e-05,False
1785949311.008,64690.3,0.03909,False
1785949311.008,64690.3,9e-05,False
1785949311.008,64690.3,9e-05,False
1785949311.008,64690.3,8e-05,False
1785949311.008,64690.3,8e-05,False
1785949311.008,64690.3,9e-05,False
1785949311.008,64690.3,8e-05,False
1785949311.008,64690.3,8e-05,False
1785949311.008,64690.3,8e-05,False
1785949311.008,64690.3,8e-05,False
1785949311.008,64690.3,8e-05,False
1785949311.008,64690.3,8e-05,False
1785949311.008,64690.3,8e-05,False
1785949311.008,64690.3,8e-05,False
1785949311.008,64690.3,8e-05,False
1785949311.008,64690.3,8e-05,False
1785949311.008,64690.3,9e-05,False
1785949311.008,64690.3,8e-05,False
1785949311.008,64690.3,8e-05,False
1785949311.008,64690.3,8e-05,False
1785949311.008,64690.3,8e-05,False
1785949311.008,64690.3,0.00536,False
1785949311.008,64690.3,8e-05,False
1785949311.008,64690.3,8e-05,False
1785949311.008,64690.3,8e-05,False
1785949311.008,64690.3,8e-05,False
1785949311.008,64690.3,0.00042,False
1785949311.047,64690.3,0.00494,False
1785949311.047,64690.3,8e-05,False
1785949311.047,64690.3,8e-05,False
1785949311.047,64690.3,8e-05,False
1785949311.047,64690.3,8e-05,False
1785949311.047,64690.3,9e-05,False
1785949311.047,64690.3,9e-05,False
1785949311.047,64690.3,8e-05,False
1785949311.047,64690.3,9e-05,False
1785949311.047,64690.3,8e-05,False
1785949311.047,64690.3,8e-05,False
1785949311.047,64690.3,8e-05,False
1785949311.047,64690.3,8e-05,False
1785949311.047,64690.3,0.00082,False
1785949311.136,64690.3,0.00454,False
1785949311.136,64690.3,8e-05,False
1785949311.136,64690.3,8e-05,False
1785949311.136,64690.3,8e-05,False
1785949311.136,64690.3,9e-05,False
1785949311.136,64690.3,9e-05,False
1785949311.136,64690.3,8e-05,False
1785949311.136,64690.3,8e-05,False
1785949311.136,64690.3,8e-05,False
1785949311.136,64690.3,9e-05,False
1785949311.136,64690.3,8e-05,False
1785949311.136,64690.3,8e-05,False
1785949311.136,64690.3,8e-05,False
1785949311.136,64690.3,8e-05,False
1785949311.136,64690.3,8e-05,False
1785949311.136,64690.3,0.00082,False
1785949311.167,64690.3,0.00454,False
1785949311.167,64690.3,8e-05,False
1785949311.167,64690.3,8e-05,False
1785949311.167,64690.3,8e-05,False
1785949311.167,64690.3,9e-05,False
1785949311.167,64690.3,8e-05,False
1785949311.167,64690.3,9e-05,False
1785949311.167,64690.3,9e-05,False
1785949311.167,64690.3,8e-05,False
1785949311.167,64690.3,8e-05,False
1785949311.167,64690.3,8e-05,False
1785949311.167,64690.3,8e-05,False
1785949311.167,64690.3,8e-05,False
1785949311.167,64690.3,8e-05,False
1785949311.167,64690.3,0.00131,False
1785949311.216,64690.3,0.00405,False
1785949311.216,64690.3,8e-05,False
1785949311.216,64690.3,8e-05,False
1785949311.216,64690.3,9e-05,False
1785949311.216,64690.3,8e-05,False
1785949311.216,64690.3,8e-05,False
1785949311.216,64690.3,8e-05,False
1785949311.216,64690.3,8e-05,False
1785949311.216,64690.3,9e-05,False
1785949311.216,64690.3,9e-05,False
1785949311.216,64690.3,8e-05,False
1785949311.216,64690.3,8e-05,False
1785949311.216,64690.3,8e-05,False
1785949311.216,64690.3,8e-05,False
1785949311.216,64690.3,0.00044,False
1785949311.216,64690.3,8e-05,False
1785949311.216,64690.3,8e-05,False
1785949311.216,64690.3,0.00536,False
1785949311.216,64690.3,0.00536,False
1785949311.216,64690.3,0.00536,False
1785949311.216,64690.3,0.00536,False
1785949311.216,64690.3,0.00536,False
1785949311.216,64690.3,0.00536,False
1785949311.216,64690.3,0.00536,False
1785949311.216,64690.3,0.00536,False
1785949311.216,64690.3,0.00536,False
1785949311.216,64690.3,0.00536,False
1785949311.216,64690.3,0.00536,False
1785949311.216,64690.3,0.00536,False
1785949311.216,64690.3,0.00536,False
1785949311.216,64690.3,0.00536,False
1785949311.216,64690.3,0.00536,False
1785949311.216,64690.3,0.00536,False
1785949311.216,64690.3,0.00311,False
1785949311.216,64690.31,9e-05,False
1785949311.216,64690.31,8e-05,False
1785949311.216,64690.31,8e-05,False
1785949311.216,64690.31,8e-05,False
1785949311.216,64690.31,9e-05,False
1785949311.216,64690.31,8e-05,False
1785949311.216,64690.31,8e-05,False
1785949311.216,64690.31,8e-05,False
1785949311.216,64690.31,8e-05,False
1785949311.216,64690.31,8e-05,False
1785949311.216,64690.31,8e-05,False
1785949311.216,64690.31,8e-05,False
1785949311.216,64690.31,8e-05,False
1785949311.216,64690.35,0.00264,False
1785949311.216,64690.44,9e-05,False
1785949311.224,64690.55,0.0001,False
1785949311.246,64690.55,0.01134,False
1785949311.246,64690.55,8e-05,False
1785949311.246,64690.55,9e-05,False
1785949311.246,64690.55,9e-05,False
1785949311.246,64690.55,8e-05,False
1785949311.246,64690.55,8e-05,False
1785949311.246,64690.55,9e-05,False
1785949311.246,64690.55,8e-05,False
1785949311.246,64690.55,8e-05,False
1785949311.246,64690.55,8e-05,False
1785949311.246,64690.55,8e-05,False
1785949311.246,64690.55,8e-05,False
1785949311.246,64690.55,8e-05,False
1785949311.246,64690.55,9e-05,False
1785949311.246,64690.55,8e-05,False
1785949311.246,64690.55,8e-05,False
1785949311.246,64690.55,8e-05,False
1785949311.246,64690.55,8e-05,False
1785949311.246,64690.56,9e-05,False
1785949311.246,64690.56,8e-05,False
1785949311.246,64690.56,9e-05,False
1785949311.246,64690.56,8e-05,False
1785949311.246,64690.56,8e-05,False
1785949311.246,64690.56,8e-05,False
1785949311.246,64690.56,8e-05,False
1785949311.246,64690.56,8e-05,False
1785949311.246,64690.72,8e-05,False
1785949311.246,64690.94,8e-05,False
1785949311.246,64690.94,8e-05,False
1785949311.246,64691.11,8e-05,False
1785949311.246,64691.11,8e-05,False
1785949311.246,64691.13,8e-05,False
1785949311.246,64691.39,9e-05,False
1785949311.246,64691.43,0.0044,False
1785949311.308,64691.43,8e-05,False
1785949311.308,64691.43,8e-05,False
1785949311.308,64691.43,8e-05,False
1785949311.308,64691.43,8e-05,False
1785949311.308,64691.43,8e-05,False
1785949311.308,64691.43,8e-05,False
1785949311.308,64691.43,9e-05,False
1785949311.308,64691.43,9e-05,False
1785949311.308,64691.43,8e-05,False
1785949311.308,64691.43,8e-05,False
1785949311.308,64691.43,8e-05,False
1785949311.308,64691.43,8e-05,False
1785949311.308,64691.43,8e-05,False
1785949311.308,64691.43,8e-05,False
1785949311.308,64691.43,8e-05,False
1785949311.308,64691.43,8e-05,False
1785949311.308,64691.44,8e-05,False
1785949311.308,64691.44,8e-05,False
1785949311.308,64691.44,8e-05,False
1785949311.308,64691.44,8e-05,False
1785949311.308,64691.44,9e-05,False
1785949311.308,64691.44,9e-05,False
1785949311.308,64691.44,8e-05,False
1785949311.308,64691.44,8e-05,False
1785949311.308,64691.44,8e-05,False
1785949311.308,64691.44,8e-05,False
1785949311.308,64691.99,9e-05,False
1785949311.308,64691.99,9e-05,False
1785949311.308,64691.99,8e-05,False
1785949311.308,64691.99,8e-05,False
1785949311.308,64691.99,9e-05,False
1785949311.308,64691.99,8e-05,False
1785949311.308,64691.99,8e-05,False
1785949312.486,64692.0,0.00237,False
1785949312.817,64691.99,8e-05,True
1785949314.647,64692.0,0.00463,False
1785949314.647,64692.0,0.006,False
1785949314.647,64692.0,0.005,False
1785949314.647,64692.0,0.00567,False
1785949315.395,64691.99,9e-05,True
1785949316.087,64691.99,0.01547,True
1785949317.212,64691.99,0.00019,True
1785949317.346,64691.99,0.00774,True
1785949317.999,64691.99,0.00163,True
1785949318.228,64691.99,0.0001,True
1785949318.268,64691.99,0.01545,True
1785949318.512,64692.0,0.00233,False
1785949318.512,64692.0,8e-05,False
1785949318.512,64692.0,8e-05,False
1785949318.512,64692.0,8e-05,False
1785949318.512,64692.0,8e-05,False
1785949318.512,64692.0,8e-05,False
1785949318.512,64692.0,8e-05,False
1785949318.512,64692.0,8e-05,False
1785949318.512,64692.0,8e-05,False
1785949318.512,64692.0,8e-05,False
1785949318.512,64692.0,8e-05,False
1785949318.512,64692.0,8e-05,False
1785949318.512,64692.0,0.00537,False
1785949318.512,64692.0,8e-05,False
1785949318.512,64692.0,8e-05,False
1785949318.512,64692.0,8e-05,False
1785949318.512,64692.0,9e-05,False
1785949318.512,64692.0,8e-05,False
1785949318.512,64692.0,8e-05,False
1785949318.512,64692.0,9e-05,False
1785949318.512,64692.0,9e-05,False
1785949318.512,64692.0,9e-05,False
1785949318.512,64692.0,8e-05,False
1785949318.512,64692.0,8e-05,False
1785949318.512,64692.0,8e-05,False
1785949318.512,64692.0,0.00074,False
1785949318.667,64691.99,0.00013,True
1785949319.083,64691.99,0.00315,True
1785949319.283,64692.0,0.00463,False
1785949319.283,64692.0,8e-05,False
1785949319.283,64692.0,8e-05,False
1785949319.283,64692.0,8e-05,False
1785949319.283,64692.0,8e-05,False
1785949319.283,64692.0,8e-05,False
1785949319.283,64692.0,9e-05,False
1785949319.283,64692.0,9e-05,False
1785949319.283,64692.0,8e-05,False
1785949319.283,64692.0,8e-05,False
1785949319.283,64692.0,8e-05,False
1785949319.283,64692.0,9e-05,False
1785949319.283,64692.0,8e-05,False
1785949319.283,64692.0,9e-05,False
1785949319.283,64692.0,8e-05,False
1785949319.283,64692.0,0.00103,False
1785949319.283,64692.0,0.00114,False
1785949320.894,64691.99,0.01545,True
1785949321.311,64692.0,0.00423,False
1785949321.311,64692.0,8e-05,False
1785949321.311,64692.0,8e-05,False
1785949321.311,64692.0,8e-05,False
1785949321.311,64692.0,8e-05,False
1785949321.311,64692.0,0.00016,False
1785949321.311,64692.0,8e-05,False
1785949321.311,64692.0,8e-05,False
1785949321.311,64692.0,9e-05,False
1785949321.311,64692.0,9e-05,False
1785949321.311,64692.0,9e-05,False
1785949321.311,64692.0,8e-05,False
1785949321.311,64692.0,8e-05,False
1785949321.311,64692.0,8e-05,False
1785949321.311,64692.0,9e-05,False
1785949321.311,64692.0,8e-05,False
1785949321.311,64692.0,8e-05,False
1785949321.311,64692.0,8e-05,False
1785949321.311,64692.0,8e-05,False
1785949321.311,64692.0,8e-05,False
1785949321.311,64692.0,0.00273,False
1785949321.311,64692.0,0.00264,False
1785949321.311,64692.0,8e-05,False
1785949321.311,64692.0,8e-05,False
1785949321.311,64692.0,8e-05,False
1785949321.311,64692.0,8e-05,False
1785949321.311,64692.0,8e-05,False
1785949321.311,64692.0,0.00537,False
1785949321.311,64692.0,8e-05,False
1785949321.311,64692.0,8e-05,False
1785949321.311,64692.0,0.00537,False
1785949321.311,64692.0,0.00537,False
1785949321.311,64692.0,0.00537,False
1785949321.311,64692.0,0.00537,False
1785949321.311,64692.0,0.00537,False
1785949321.311,64692.0,0.00537,False
1785949321.311,64692.0,0.00537,False
1785949321.311,64692.0,0.00537,False
1785949321.311,64692.0,0.00537,False
1785949321.311,64692.0,0.00537,False
1785949321.311,64692.0,0.00537,False
1785949321.311,64692.0,0.00537,False
1785949321.311,64692.0,0.00537,False
1785949321.311,64692.0,0.00537,False
1785949321.311,64692.0,0.00537,False
1785949321.311,64692.0,0.00537,False
1785949321.311,64692.0,0.00537,False
1785949321.311,64692.0,0.00174,False
1785949321.311,64692.01,9e-05,False
1785949321.311,64692.01,8e-05,False
1785949321.311,64692.01,8e-05,False
1785949321.311,64692.01,9e-05,False
1785949321.311,64692.01,8e-05,False
1785949321.311,64692.01,8e-05,False
1785949321.311,64692.01,0.00016,False
1785949321.311,64692.01,8e-05,False
1785949321.311,64692.01,8e-05,False
1785949321.311,64692.01,8e-05,False
1785949321.311,64692.01,8e-05,False
1785949321.311,64692.02,0.00016,False
1785949321.315,64693.2,0.00437,False
1785949321.315,64693.2,9e-05,False
1785949321.315,64693.2,8e-05,False
1785949321.315,64693.2,9e-05,False
1785949321.315,64693.2,8e-05,False
1785949321.315,64693.2,8e-05,False
1785949321.315,64693.2,8e-05,False
1785949321.315,64693.2,8e-05,False
1785949321.315,64693.2,8e-05,False
1785949321.315,64693.2,8e-05,False
1785949321.315,64693.2,8e-05,False
1785949321.315,64693.2,8e-05,False
1785949321.315,64693.2,8e-05,False
1785949321.315,64693.2,8e-05,False
1785949321.315,64693.21,8e-05,False
1785949321.315,64693.21,8e-05,False
1785949321.315,64693.21,8e-05,False
1785949321.315,64693.21,8e-05,False
1785949321.315,64693.21,9e-05,False
1785949321.315,64693.29,8e-05,False
1785949321.315,64693.44,9e-05,False
1785949321.315,64693.67,9e-05,False
1785949321.315,64693.99,9e-05,False
1785949321.315,64693.99,9e-05,False
1785949321.315,64693.99,9e-05,False
1785949321.316,64694.0,0.007,False
1785949321.316,64694.0,0.006,False
1785949321.316,64694.0,0.005,False
1785949321.316,64694.0,0.008,False
1785949321.316,64694.0,9e-05,False
1785949321.316,64694.0,9e-05,False
1785949321.316,64694.34,8e-05,False
1785949321.316,64694.5,0.00364,False
1785949321.316,64694.5,8e-05,False
1785949321.316,64695.22,8e-05,False
1785949321.316,64695.51,8e-05,False
1785949321.316,64695.65,0.00025,False
1785949321.316,64695.79,0.00291,False
1785949321.316,64695.96,0.00019,False
1785949321.316,64695.99,9e-05,False
1785949321.316,64695.99,9e-05,False
1785949321.316,64695.99,9e-05,False
1785949321.316,64696.0,0.005,False
1785949321.316,64696.0,0.007,False
1785949321.316,64696.0,0.008,False
1785949321.316,64696.0,0.006,False
1785949321.316,64696.0,9e-05,False
1785949321.316,64696.0,9e-05,False
1785949321.316,64696.9,9e-05,False
1785949321.316,64696.92,9e-05,False
1785949321.316,64696.92,9e-05,False
1785949321.316,64696.92,9e-05,False
1785949321.515,64696.92,0.00159,True
1785949321.983,64696.92,0.00527,True
1785949322.972,64696.93,8e-05,False
1785949322.972,64696.93,0.00039,False
1785949323.007,64696.92,0.004,True
1785949323.644,64696.92,0.0003,True
1785949324.148,64696.92,0.0003,True
1785949324.289,64696.93,0.00012,False
1785949324.548,64696.93,0.00249,False
1785949324.548,64696.93,0.003,False
1785949324.548,64696.93,8e-05,False
1785949324.548,64696.93,0.003,False
1785949324.548,64696.93,0.003,False
1785949324.548,64696.93,0.00276,False
1785949324.693,64696.93,7e-05,False
1785949324.849,64696.93,0.00017,False
1785949324.849,64696.93,0.00083,False
1785949325.183,64696.93,0.0017,False
1785949325.544,64696.92,9e-05,True
1785949326.099,64696.93,0.00047,False
1785949326.099,64696.93,0.00177,False
1785949326.683,64696.93,0.00093,False
1785949326.702,64696.93,0.0003,False
1785949326.702,64696.93,0.00279,False
1785949327.307,64696.93,0.00021,False
1785949327.307,64696.93,0.003,False
1785949327.307,64696.93,0.003,False
1785949327.307,64696.93,0.003,False
1785949327.307,64696.93,0.003,False
1785949327.307,64696.93,0.003,False
1785949327.307,64696.93,0.003,False
1785949327.307,64696.93,0.003,False
1785949327.307,64696.93,0.003,False
1785949327.307,64696.93,0.003,False
1785949327.307,64696.93,0.003,False
1785949327.307,64696.93,0.003,False
1785949327.307,64696.93,0.003,False
1785949327.307,64696.93,8e-05,False
1785949327.307,64696.93,0.003,False
1785949327.307,64696.93,0.00016,False
1785949327.307,64696.93,8e-05,False
1785949327.307,64696.93,3e-05,False
1785949327.787,64696.93,5e-05,False
1785949327.787,64696.93,0.00028,False
1785949327.894,64696.93,0.00148,False
1785949328.706,64696.92,0.00088,True
1785949328.908,64696.92,0.0695,True
1785949329.138,64696.92,0.00183,True
1785949330.03,64696.93,0.00011,False
1785949330.287,64696.92,0.00027,True
1785949330.364,64696.93,0.00118,False
1785949331.889,64696.92,0.00077,True
1785949333.374,64696.93,0.00154,False
1785949333.487,64696.93,0.01741,False
1785949333.487,64696.93,0.0043,False
1785949333.487,64696.93,8e-05,False
1785949333.487,64696.93,8e-05,False
1785949333.487,64696.93,8e-05,False
1785949333.487,64696.93,8e-05,False
1785949333.487,64696.93,8e-05,False
1785949333.487,64696.93,8e-05,False
1785949333.487,64696.93,0.00016,False
1785949333.487,64696.93,8e-05,False
1785949333.487,64696.93,0.00087,False
1785949333.487,64696.93,8e-05,False
1785949333.487,64696.93,0.003,False
1785949333.487,64696.93,0.003,False
1785949333.487,64696.93,0.003,False
1785949333.487,64696.93,0.003,False
1785949333.487,64696.93,0.003,False
1785949333.487,64696.93,8e-05,False
1785949333.487,64696.93,8e-05,False
1785949333.487,64696.93,0.003,False
1785949333.487,64696.93,0.003,False
1785949333.487,64696.93,8e-05,False
1785949333.487,64696.93,8e-05,False
1785949333.487,64696.93,0.003,False
1785949333.487,64696.93,0.003,False
1785949333.487,64696.93,0.003,False
1785949333.487,64696.93,0.003,False
1785949333.487,64696.93,0.003,False
1785949333.487,64696.93,0.003,False
1785949333.487,64696.93,0.003,False
1785949333.487,64696.93,0.003,False
1785949333.487,64696.93,0.003,False
1785949333.487,64696.93,0.003,False
1785949333.487,64696.93,0.00258,False
1785949334.132,64696.93,0.0001,False
1785949335.287,64696.93,9e-05,False
1785949338.053,64696.93,0.00014,False
1785949338.136,64696.92,0.00139,True
1785949338.454,64696.92,0.00016,True
1785949338.548,64696.93,9e-05,False
1785949338.548,64696.93,0.00015,False
1785949338.574,64696.93,0.00013,False
1785949338.993,64696.93,0.00024,False
1785949339.074,64696.93,0.00031,False
1785949339.146,64696.93,0.0005,False
1785949339.157,64696.92,0.00127,True
1785949339.347,64696.92,0.00026,True
1785949339.547,64696.93,0.00155,False
1785949339.614,64696.93,0.0001,False
1785949339.674,64696.93,2e-05,False
1785949339.674,64696.93,0.00076,False
1785949339.848,64696.93,0.00224,False
1785949339.848,64696.93,0.00016,False
1785949339.848,64696.93,0.003,False
1785949339.848,64696.93,8e-05,False
1785949339.848,64696.93,8e-05,False
1785949339.848,64696.93,8e-05,False
1785949339.848,64696.93,8e-05,False
1785949339.848,64696.93,8e-05,False
1785949339.848,64696.93,0.00016,False
1785949339.848,64696.93,0.003,False
1785949339.848,64696.93,0.003,False
1785949339.848,64696.93,0.003,False
1785949339.848,64696.93,0.00251,False
1785949339.983,64696.93,0.00016,False
1785949340.087,64696.93,0.00033,False
1785949340.087,64696.93,0.003,False
1785949340.087,64696.93,0.00132,False
1785949340.134,64696.93,7e-05,False
1785949340.214,64696.93,0.00078,False
1785949340.238,64696.92,8e-05,True
1785949340.238,64696.92,2e-05,True
1785949340.239,64696.92,6e-05,True
1785949340.239,64696.92,9e-05,True
1785949340.239,64696.92,8e-05,True
1785949340.239,64696.92,8e-05,True
1785949340.239,64696.92,8e-05,True
1785949340.239,64696.92,0.00016,True
1785949340.239,64696.92,8e-05,True
1785949340.239,64696.92,8e-05,True
1785949340.239,64696.92,0.00772,True
1785949340.239,64696.92,8e-05,True
1785949340.239,64696.92,0.00069,True
1785949340.239,64696.92,0.00047,True
1785949340.239,64696.92,0.00047,True
1785949340.239,64696.92,0.00048,True
1785949340.239,64696.92,0.00498,True
1785949340.239,64696.92,0.00016,True
1785949340.239,64696.92,0.01,True
1785949340.239,64696.92,0.0001,True
1785949340.239,64696.92,0.00113,True
1785949340.239,64696.92,0.00012,True
1785949340.239,64696.92,8e-05,True
1785949340.239,64696.92,8e-05,True
1785949340.239,64696.92,8e-05,True
1785949340.239,64696.92,8e-05,True
1785949340.239,64696.92,8e-05,True
1785949340.239,64696.92,8e-05,True
1785949340.239,64696.92,8e-05,True
1785949340.239,64696.92,8e-05,True
1785949340.239,64696.92,8e-05,True
1785949340.239,64696.92,8e-05,True
1785949340.239,64696.92,8e-05,True
1785949340.239,64696.92,8e-05,True
1785949340.239,64696.92,8e-05,True
1785949340.239,64696.92,9e-05,True
1785949340.239,64696.92,8e-05,True
1785949340.239,64696.92,9e-05,True
1785949340.239,64696.92,9e-05,True
1785949340.239,64696.92,8e-05,True
1785949340.239,64696.92,8e-05,True
1785949340.239,64696.92,8e-05,True
1785949340.239,64696.92,8e-05,True
1785949340.239,64696.92,8e-05,True
1785949340.239,64696.91,9e-05,True
1785949340.239,64696.91,9e-05,True
1785949340.239,64696.91,0.00016,True
1785949340.239,64696.91,8e-05,True
1785949340.239,64696.91,8e-05,True
1785949340.239,64696.91,8e-05,True
1785949340.239,64696.91,8e-05,True
1785949340.239,64696.91,8e-05,True
1785949340.239,64696.91,8e-05,True
1785949340.239,64696.91,8e-05,True
1785949340.239,64696.9,0.00016,True
1785949340.239,64696.83,9e-05,True
1785949340.239,64696.83,9e-05,True
1785949340.239,64696.83,9e-05,True
1785949340.241,64696.82,8e-05,True
1785949340.241,64696.82,8e-05,True
1785949340.241,64696.82,8e-05,True
1785949340.241,64696.82,8e-05,True
1785949340.241,64696.82,8e-05,True
1785949340.241,64696.82,8e-05,True
1785949340.241,64696.82,8e-05,True
1785949340.241,64696.82,8e-05,True
1785949340.241,64696.82,8e-05,True
1785949340.241,64696.81,8e-05,True
1785949340.241,64695.96,9e-05,True
1785949340.241,64695.96,9e-05,True
1785949340.241,64695.96,9e-05,True
1785949340.243,64695.95,9e-05,True
1785949340.243,64695.95,9e-05,True
1785949340.243,64695.95,8e-05,True
1785949340.243,64695.95,8e-05,True
1785949340.243,64695.95,8e-05,True
1785949340.243,64695.95,8e-05,True
1785949340.243,64695.87,8e-05,True
1785949340.247,64695.63,0.00016,False
1785949340.247,64695.62,0.00415,True
1785949340.247,64695.62,8e-05,True
1785949340.247,64695.62,8e-05,True
1785949340.247,64695.62,8e-05,True
1785949340.247,64695.62,8e-05,True
1785949340.247,64695.62,8e-05,True
1785949340.247,64695.62,8e-05,True
1785949340.247,64695.62,8e-05,True
1785949340.247,64695.62,8e-05,True
1785949340.247,64695.62,8e-05,True
1785949340.247,64695.62,8e-05,True
1785949340.247,64695.62,8e-05,True
1785949340.247,64695.62,8e-05,True
1785949340.247,64695.62,8e-05,True
1785949340.247,64695.62,8e-05,True
1785949340.247,64695.62,8e-05,True
1785949340.247,64695.62,8e-05,True
1785949340.247,64695.62,8e-05,True
1785949340.247,64695.61,9e-05,True
1785949340.247,64695.61,9e-05,True
1785949340.247,64695.61,8e-05,True
1785949340.247,64695.61,8e-05,True
1785949340.247,64695.61,8e-05,True
1785949340.247,64695.61,8e-05,True
1785949340.247,64695.61,8e-05,True
1785949340.247,64695.61,8e-05,True
1785949340.247,64695.61,8e-05,True
1785949340.247,64695.58,9e-05,True
1785949340.247,64695.58,9e-05,True
1785949340.247,64695.58,9e-05,True
1785949340.266,64695.58,0.00024,False
1785949340.266,64695.57,8e-05,True
1785949340.266,64695.57,8e-05,True
1785949340.266,64695.57,8e-05,True
1785949340.266,64695.57,8e-05,True
1785949340.266,64695.57,8e-05,True
1785949340.266,64695.57,8e-05,True
1785949340.266,64695.57,8e-05,True
1785949340.266,64695.57,8e-05,True
1785949340.266,64695.57,8e-05,True
1785949340.266,64695.57,8e-05,True
1785949340.266,64695.57,8e-05,True
1785949340.266,64695.57,8e-05,True
1785949340.266,64695.57,8e-05,True
1785949340.266,64695.57,8e-05,True
1785949340.266,64695.57,8e-05,True
1785949340.266,64695.57,8e-05,True
1785949340.266,64695.57,8e-05,True
1785949340.266,64695.57,9e-05,True
1785949340.266,64695.57,8e-05,True
1785949340.266,64695.57,8e-05,True
1785949340.266,64695.57,8e-05,True
1785949340.266,64695.56,9e-05,True
1785949340.266,64695.56,8e-05,True
1785949340.266,64695.56,8e-05,True
1785949340.266,64695.56,9e-05,True
1785949340.266,64695.56,8e-05,True
1785949340.266,64695.56,8e-05,True
1785949340.266,64695.56,8e-05,True
1785949340.266,64695.56,8e-05,True
1785949340.266,64695.56,8e-05,True
1785949340.266,64695.56,8e-05,True
1785949340.266,64695.23,8e-05,True
1785949340.266,64694.34,8e-05,True
1785949340.266,64694.01,9e-05,True
1785949340.266,64694.01,9e-05,True
1785949340.266,64694.01,9e-05,True
1785949340.305,64694.0,0.00154,True
1785949340.307,64694.01,0.00773,False
1785949340.322,64694.0,0.001,True
1785949340.335,64694.0,0.00546,True
1785949340.335,64694.0,0.007,True
1785949340.335,64694.0,0.006,True
1785949340.335,64694.0,0.005,True
1785949340.335,64694.0,8e-05,True
1785949340.335,64694.0,8e-05,True
1785949340.335,64694.0,8e-05,True
1785949340.335,64694.0,8e-05,True
1785949340.335,64694.0,8e-05,True
1785949340.335,64694.0,8e-05,True
1785949340.335,64694.0,8e-05,True
1785949340.335,64694.0,8e-05,True
1785949340.335,64694.0,8e-05,True
1785949340.335,64694.0,8e-05,True
1785949340.335,64694.0,8e-05,True
1785949340.335,64694.0,8e-05,True
1785949340.335,64694.0,8e-05,True
1785949340.335,64694.0,9e-05,True
1785949340.335,64694.0,9e-05,True
1785949340.335,64694.0,0.00017,True
1785949340.335,64694.0,9e-05,True
1785949340.335,64694.0,8e-05,True
1785949340.335,64693.99,8e-05,True
1785949340.335,64693.99,8e-05,True
1785949340.335,64693.99,8e-05,True
1785949340.335,64693.99,8e-05,True
1785949340.335,64693.99,8e-05,True
1785949340.335,64693.99,8e-05,True
1785949340.335,64693.99,9e-05,True
1785949340.335,64693.99,9e-05,True
1785949340.335,64693.99,8e-05,True
1785949340.335,64693.99,8e-05,True
1785949340.335,64693.99,8e-05,True
1785949340.335,64693.99,8e-05,True
1785949340.335,64693.99,8e-05,True
1785949340.335,64693.99,8e-05,True
1785949340.335,64693.99,8e-05,True
1785949340.335,64693.99,8e-05,True
1785949340.335,64693.99,8e-05,True
1785949340.335,64693.99,8e-05,True
1785949340.335,64693.99,8e-05,True
1785949340.335,64693.99,8e-05,True
1785949340.335,64693.99,8e-05,True
1785949340.335,64693.94,8e-05,True
1785949340.335,64693.2,0.00023,True
1785949340.335,64693.19,8e-05,True
1785949340.335,64693.19,8e-05,True
1785949340.335,64693.19,8e-05,True
1785949340.335,64693.19,8e-05,True
1785949340.335,64693.19,8e-05,True
1785949340.335,64692.01,9e-05,True
1785949340.335,64692.01,9e-05,True
1785949340.335,64692.01,9e-05,True
1785949340.335,64692.0,0.008,True
1785949340.335,64692.0,0.007,True
1785949340.335,64692.0,0.006,True
1785949340.335,64692.0,0.005,True
1785949340.335,64692.0,9e-05,True
1785949340.335,64692.0,9e-05,True
1785949340.335,64692.0,9e-05,True
1785949340.335,64692.0,9e-05,True
1785949340.335,64692.0,9e-05,True
1785949340.374,64692.0,0.00071,False
1785949340.447,64692.0,0.00016,False
1785949340.499,64692.0,0.00036,False
1785949340.514,64692.0,0.00013,False
1785949340.646,64692.0,0.00014,False
1785949340.902,64692.0,7e-05,False
1785949340.915,64692.0,0.00028,False
1785949340.915,64692.0,0.00033,False
1785949340.946,64692.0,0.00016,False
1785949341.173,64691.99,0.00077,True
1785949341.347,64692.0,0.00194,False
1785949341.56,64692.0,0.00047,False
1785949341.622,64692.0,0.00021,False
1785949341.682,64691.99,0.0001,True
1785949341.773,64692.0,0.00039,False
1785949341.828,64692.0,0.00014,False
1785949342.014,64691.99,0.0042,True
1785949342.015,64691.99,0.16213,True
1785949342.015,64691.99,9e-05,True
1785949342.015,64691.99,9e-05,True
1785949342.015,64691.99,8e-05,True
1785949342.015,64691.99,8e-05,True
1785949342.015,64691.99,8e-05,True
1785949342.015,64691.99,8e-05,True
1785949342.015,64691.99,8e-05,True
1785949342.015,64691.99,8e-05,True
1785949342.015,64691.99,8e-05,True
1785949342.015,64691.99,8e-05,True
1785949342.015,64691.99,9e-05,True
1785949342.015,64691.99,8e-05,True
1785949342.015,64691.99,0.00016,True
1785949342.015,64691.99,8e-05,True
1785949342.015,64691.99,8e-05,True
1785949342.015,64691.99,8e-05,True
1785949342.015,64691.99,8e-05,True
1785949342.015,64691.99,8e-05,True
1785949342.015,64691.99,8e-05,True
1785949342.015,64691.99,8e-05,True
1785949342.015,64691.99,8e-05,True
1785949342.015,64691.99,0.01,True
1785949342.015,64691.99,0.0001,True
1785949342.015,64691.99,0.00016,True
1785949342.015,64691.99,8e-05,True
1785949342.015,64691.99,8e-05,True
1785949342.015,64691.99,9e-05,True
1785949342.015,64691.99,8e-05,True
1785949342.015,64691.99,8e-05,True
1785949342.015,64691.99,8e-05,True
1785949342.015,64691.98,8e-05,True
1785949342.015,64691.98,8e-05,True
1785949342.015,64691.98,8e-05,True
1785949342.015,64691.98,8e-05,True
1785949342.015,64691.98,9e-05,True
1785949342.015,64691.98,9e-05,True
1785949342.015,64691.98,8e-05,True
1785949342.015,64691.98,8e-05,True
1785949342.015,64691.98,8e-05,True
1785949342.015,64691.98,0.00016,True
1785949342.015,64691.98,8e-05,True
1785949342.015,64691.97,0.00016,True
1785949342.015,64691.91,0.00491,True
1785949342.018,64691.13,8e-05,True
1785949342.018,64691.13,8e-05,True
1785949342.019,64690.61,0.00409,True
1785949342.019,64690.44,9e-05,True
1785949342.019,64690.09,8e-05,True
1785949342.019,64690.02,0.00881,True
1785949342.019,64690.02,9e-05,True
1785949342.019,64690.02,9e-05,True
1785949342.019,64690.01,9e-05,True
1785949342.019,64690.01,9e-05,True
1785949342.019,64690.01,9e-05,True
1785949342.022,64690.0,0.00044,True
1785949342.027,64690.0,0.00556,True
1785949342.027,64690.0,0.007,True
1785949342.027,64690.0,0.005,True
1785949342.027,64690.0,0.008,True
1785949342.027,64690.0,9e-05,True
1785949342.027,64690.0,9e-05,True
1785949342.027,64690.0,8e-05,True
1785949342.027,64690.0,8e-05,True
1785949342.027,64690.0,8e-05,True
1785949342.027,64690.0,8e-05,True
1785949342.027,64690.0,8e-05,True
1785949342.027,64690.0,8e-05,True
1785949342.027,64690.0,8e-05,True
1785949342.027,64690.0,8e-05,True
1785949342.027,64690.0,8e-05,True
1785949342.027,64690.0,8e-05,True
1785949342.027,64690.0,8e-05,True
1785949342.027,64690.0,8e-05,True
1785949342.027,64690.0,8e-05,True
1785949342.027,64689.99,9e-05,True
1785949342.027,64689.99,8e-05,True
1785949342.027,64689.99,8e-05,True
1785949342.027,64689.99,8e-05,True
1785949342.027,64689.99,8e-05,True
1785949342.027,64689.99,9e-05,True
1785949342.027,64689.99,8e-05,True
1785949342.027,64689.99,8e-05,True
1785949342.027,64689.99,8e-05,True
1785949342.027,64689.98,0.00053,True
1785949342.031,64689.5,0.00019,True
1785949342.031,64689.5,8e-05,True
1785949342.031,64689.5,8e-05,True
1785949342.031,64689.5,8e-05,True
1785949342.031,64689.5,8e-05,True
1785949342.031,64689.5,8e-05,True
1785949342.031,64689.49,8e-05,True
1785949342.031,64689.49,9e-05,True
1785949342.036,64689.32,0.00327,True
1785949342.036,64689.32,8e-05,True
1785949342.036,64689.32,8e-05,True
1785949342.036,64689.32,8e-05,True
1785949342.036,64689.32,8e-05,True
1785949342.036,64689.32,8e-05,True
1785949342.036,64689.32,8e-05,True
1785949342.036,64689.32,8e-05,True
1785949342.036,64689.32,8e-05,True
1785949342.036,64689.32,8e-05,True
1785949342.036,64689.32,8e-05,True
1785949342.036,64689.32,8e-05,True
1785949342.036,64689.32,8e-05,True
1785949342.036,64689.32,8e-05,True
1785949342.036,64689.32,8e-05,True
1785949342.036,64689.32,8e-05,True
1785949342.037,64689.31,8e-05,True
1785949342.037,64689.31,9e-05,True
1785949342.038,64689.31,9e-05,True
1785949342.038,64689.31,8e-05,True
1785949342.038,64689.31,8e-05,True
1785949342.038,64689.31,8e-05,True
1785949342.038,64689.31,8e-05,True
1785949342.038,64689.31,8e-05,True
1785949342.038,64689.31,8e-05,True
1785949342.038,64689.19,0.00341,True
1785949342.038,64688.81,8e-05,True
1785949342.038,64688.25,0.00023,True
1785949342.04,64688.02,0.00245,True
1785949342.04,64688.02,8e-05,True
1785949342.04,64688.02,8e-05,True
1785949342.04,64688.02,8e-05,True
1785949342.04,64688.02,8e-05,True
1785949342.04,64688.02,8e-05,True
1785949342.04,64688.02,8e-05,True
1785949342.04,64688.01,9e-05,True
1785949342.04,64688.01,9e-05,True
1785949342.04,64688.01,9e-05,True
1785949342.043,64688.0,0.00036,True
1785949342.054,64688.0,0.00564,True
1785949342.054,64688.0,0.007,True
1785949342.054,64688.0,0.005,True
1785949342.054,64688.0,0.008,True
1785949342.054,64688.0,0.01738,True
1785949342.054,64688.0,0.00174,True
1785949342.054,64688.0,9e-05,True
1785949342.054,64688.0,9e-05,True
1785949342.054,64688.0,8e-05,True
1785949342.054,64688.0,8e-05,True
1785949342.054,64688.0,8e-05,True
1785949342.054,64688.0,8e-05,True
1785949342.054,64688.0,8e-05,True
1785949342.054,64688.0,8e-05,True
1785949342.054,64688.0,8e-05,True
1785949342.054,64688.0,8e-05,True
1785949342.054,64688.0,8e-05,True
1785949342.054,64688.0,8e-05,True
1785949342.054,64688.0,8e-05,True
1785949342.054,64688.0,8e-05,True
1785949342.054,64688.0,8e-05,True
1785949342.054,64688.0,8e-05,True
1785949342.054,64688.0,9e-05,True
1785949342.054,64688.0,8e-05,True
1785949342.054,64688.0,8e-05,True
1785949342.054,64688.0,8e-05,True
1785949342.054,64687.99,0.00015,True
1785949342.054,64687.99,8e-05,True
1785949342.054,64687.99,8e-05,True
1785949342.054,64687.99,9e-05,True
1785949342.054,64687.99,9e-05,True
1785949342.054,64687.99,8e-05,True
1785949342.054,64687.99,8e-05,True
1785949342.054,64687.99,8e-05,True
1785949342.054,64687.99,8e-05,True
1785949342.054,64687.99,8e-05,True
1785949342.054,64687.92,8e-05,True
1785949342.054,64687.34,0.00012,True
1785949342.057,64687.21,9e-05,True
1785949342.057,64687.21,8e-05,True
1785949342.057,64687.21,8e-05,True
1785949342.057,64686.01,9e-05,True
1785949342.057,64686.01,9e-05,True
1785949342.057,64686.01,9e-05,True
1785949342.082,64686.0,0.00154,True
1785949342.088,64686.0,0.00446,True
1785949342.088,64686.0,0.007,True
1785949342.088,64686.0,0.005,True
1785949342.088,64686.0,0.008,True
1785949342.088,64686.0,9e-05,True
1785949342.088,64686.0,9e-05,True
1785949342.088,64686.0,8e-05,True
1785949342.088,64686.0,8e-05,True
1785949342.088,64686.0,8e-05,True
1785949342.088,64686.0,8e-05,True
1785949342.088,64686.0,8e-05,True
1785949342.088,64686.0,8e-05,True
1785949342.088,64686.0,8e-05,True
1785949342.088,64686.0,8e-05,True
1785949342.088,64686.0,8e-05,True
1785949342.088,64686.0,8e-05,True
1785949342.088,64686.0,8e-05,True
1785949342.088,64686.0,8e-05,True
1785949342.088,64686.0,8e-05,True
1785949342.088,64686.0,9e-05,True
1785949342.088,64686.0,8e-05,True
1785949342.088,64686.0,8e-05,True
1785949342.088,64686.0,8e-05,True
1785949342.088,64686.0,8e-05,True
1785949342.088,64685.99,8e-05,True
1785949342.088,64685.99,8e-05,True
1785949342.088,64685.99,8e-05,True
1785949342.088,64685.99,9e-05,True
1785949342.088,64685.99,9e-05,True
1785949342.088,64685.99,8e-05,True
1785949342.088,64685.61,8e-05,True
1785949342.088,64685.58,9e-05,True
1785949342.088,64685.58,9e-05,True
1785949342.088,64684.86,9e-05,True
1785949342.088,64684.86,9e-05,True
1785949342.088,64684.71,8e-05,True
1785949342.088,64684.4,9e-05,True
1785949342.088,64684.4,9e-05,True
1785949342.088,64684.01,9e-05,True
1785949342.088,64684.01,9e-05,True
1785949342.088,64684.01,9e-05,True
1785949342.088,64684.0,0.005,True
1785949342.088,64684.0,0.01975,True
1785949342.088,64684.0,0.00023,True
1785949342.088,64684.0,0.007,True
1785949342.088,64684.0,0.00414,True
1785949342.383,64684.01,0.00031,False
1785949342.587,64684.01,0.00015,False
1785949342.699,64684.01,0.00016,False
1785949342.901,64684.01,0.00031,False
1785949343.937,64684.0,0.0005,True
1785949343.951,64684.0,0.00013,True
1785949343.957,64684.0,0.00021,True
1785949343.97,64684.0,0.00102,True
1785949343.97,64684.0,0.008,True
1785949343.97,64684.0,8e-05,True
1785949343.97,64684.0,8e-05,True
1785949343.97,64684.0,8e-05,True
1785949343.97,64684.0,8e-05,True
1785949343.97,64684.0,8e-05,True
1785949343.97,64684.0,8e-05,True
1785949343.97,64684.0,8e-05,True
1785949343.97,64684.0,8e-05,True
1785949343.97,64684.0,8e-05,True
1785949343.97,64684.0,8e-05,True
1785949343.97,64684.0,9e-05,True
1785949343.97,64684.0,8e-05,True
1785949343.97,64684.0,8e-05,True
1785949343.97,64684.0,8e-05,True
1785949343.97,64684.0,8e-05,True
1785949343.97,64684.0,8e-05,True
1785949343.97,64684.0,8e-05,True
1785949343.97,64684.0,8e-05,True
1785949343.97,64684.0,0.00023,True
1785949343.97,64684.0,8e-05,True
1785949343.97,64684.0,8e-05,True
1785949343.97,64684.0,0.01807,True
1785949343.97,64684.0,0.01,True
1785949343.97,64684.0,9e-05,True
1785949343.97,64684.0,9e-05,True
1785949343.97,64684.0,0.0001,True
1785949343.97,64684.0,8e-05,True
1785949343.97,64684.0,0.00016,True
1785949343.97,64684.0,8e-05,True
1785949343.97,64684.0,9e-05,True
1785949343.97,64684.0,8e-05,True
1785949343.97,64684.0,8e-05,True
1785949343.97,64684.0,8e-05,True
1785949343.97,64684.0,8e-05,True
1785949343.97,64684.0,8e-05,True
1785949343.97,64684.0,8e-05,True
1785949343.97,64683.99,9e-05,True
1785949343.97,64683.99,9e-05,True
1785949343.97,64683.99,8e-05,True
1785949343.97,64683.99,8e-05,True
1785949343.97,64683.99,8e-05,True
1785949343.97,64683.99,8e-05,True
1785949343.97,64683.99,8e-05,True
1785949343.97,64683.99,8e-05,True
1785949343.97,64683.99,8e-05,True
1785949343.97,64683.99,8e-05,True
1785949343.97,64683.99,8e-05,True
1785949343.97,64683.99,8e-05,True
1785949343.97,64683.99,0.00016,True
1785949343.97,64683.98,9e-05,True
1785949343.97,64683.98,0.00016,True
1785949343.973,64683.69,0.0048,True
1785949343.973,64683.69,8e-05,True
1785949343.973,64683.69,8e-05,True
1785949343.973,64683.69,8e-05,True
1785949343.973,64683.69,8e-05,True
1785949343.973,64683.69,8e-05,True
1785949343.973,64683.69,8e-05,True
1785949343.973,64683.69,8e-05,True
1785949343.973,64683.68,9e-05,True
1785949343.973,64683.68,9e-05,True
1785949343.973,64683.05,0.00019,True
1785949343.973,64683.03,8e-05,True
1785949343.973,64683.0,0.0003,True
1785949343.973,64682.39,0.004,True
1785949343.973,64682.01,9e-05,True
1785949343.973,64682.01,9e-05,True
1785949343.973,64682.01,9e-05,True
1785949343.975,64682.0,0.00028,True
1785949345.733,64682.01,0.00045,False
1785949346.091,64682.01,0.00231,False
1785949347.258,64682.01,0.00157,False
1785949347.408,64682.01,0.00032,False
1785949348.046,64682.0,0.00055,True
1785949348.175,64682.01,0.00022,False
1785949348.641,64682.01,0.00194,False
1785949350.394,64682.01,0.00059,False
1785949351.189,64682.01,0.0003,False
1785949351.495,64682.0,0.00617,True
1785949351.495,64682.0,0.005,True
1785949351.495,64682.0,0.006,True
1785949351.495,64682.0,0.008,True
1785949351.495,64682.0,8e-05,True
1785949351.495,64682.0,8e-05,True
1785949351.495,64682.0,8e-05,True
1785949351.495,64682.0,8e-05,True
1785949351.495,64682.0,8e-05,True
1785949351.495,64682.0,8e-05,True
1785949351.495,64682.0,8e-05,True
1785949351.495,64682.0,8e-05,True
1785949351.495,64682.0,8e-05,True
1785949351.495,64682.0,9e-05,True
1785949351.495,64682.0,8e-05,True
1785949351.495,64682.0,0.0529,True
1785949351.724,64682.01,0.00218,False
1785949353.205,64682.0,8e-05,True
1785949353.205,64682.0,8e-05,True
1785949353.205,64682.0,8e-05,True
1785949353.205,64682.0,8e-05,True
1785949353.205,64682.0,8e-05,True
1785949353.205,64682.0,8e-05,True
1785949353.205,64682.0,0.00016,True
1785949353.205,64682.0,0.01,True
1785949353.205,64682.0,8e-05,True
1785949353.205,64682.0,8e-05,True
1785949353.205,64682.0,0.01373,True
1785949353.205,64682.0,8e-05,True
1785949353.205,64682.0,0.0001,True
1785949353.205,64682.0,8e-05,True
1785949353.205,64682.0,8e-05,True
1785949353.205,64682.0,8e-05,True
1785949353.205,64682.0,8e-05,True
1785949353.205,64682.0,8e-05,True
1785949353.205,64682.0,9e-05,True
1785949353.205,64682.0,8e-05,True
1785949353.205,64682.0,8e-05,True
1785949353.205,64682.0,8e-05,True
1785949353.205,64682.0,8e-05,True
1785949353.205,64682.0,8e-05,True
1785949353.205,64682.0,8e-05,True
1785949353.205,64682.0,9e-05,True
1785949353.205,64682.0,9e-05,True
1785949353.205,64682.0,9e-05,True
1785949353.205,64682.0,8e-05,True
1785949353.205,64682.0,8e-05,True
1785949353.205,64682.0,8e-05,True
1785949353.205,64682.0,8e-05,True
1785949353.205,64682.0,8e-05,True
1785949353.205,64682.0,8e-05,True
1785949353.205,64682.0,8e-05,True
1785949353.205,64682.0,8e-05,True
1785949353.205,64682.0,8e-05,True
1785949353.205,64682.0,8e-05,True
1785949353.205,64681.99,9e-05,True
1785949353.205,64681.99,8e-05,True
1785949353.205,64681.99,9e-05,True
1785949353.205,64681.99,8e-05,True
1785949353.205,64681.99,8e-05,True
1785949353.205,64681.99,8e-05,True
1785949353.205,64681.99,8e-05,True
1785949353.205,64681.99,8e-05,True
1785949353.205,64681.99,8e-05,True
1785949353.205,64681.99,8e-05,True
1785949353.205,64681.99,8e-05,True
1785949353.205,64681.99,0.00016,True
1785949353.205,64681.99,8e-05,True
1785949353.205,64681.98,0.00016,True
1785949353.205,64681.55,0.00473,True
1785949353.205,64681.5,8e-05,True
1785949353.205,64681.46,0.00682,True
1785949353.205,64681.46,9e-05,True
1785949353.205,64681.46,9e-05,True
1785949353.277,64681.42,0.00789,True
1785949353.277,64681.42,9e-05,True
1785949353.277,64681.42,9e-05,True
1785949353.277,64681.42,8e-05,True
1785949353.277,64681.42,8e-05,True
1785949353.277,64681.42,8e-05,True
1785949353.277,64681.42,8e-05,True
1785949353.277,64681.42,0.01401,True
1785949353.277,64681.42,8e-05,True
1785949353.277,64681.42,8e-05,True
1785949353.277,64681.42,8e-05,True
1785949353.277,64681.42,8e-05,True
1785949353.277,64681.42,8e-05,True
1785949353.277,64681.42,8e-05,True
1785949353.277,64681.42,8e-05,True
1785949353.277,64681.42,8e-05,True
1785949353.277,64681.42,8e-05,True
1785949353.277,64681.42,9e-05,True
1785949353.277,64681.42,8e-05,True
1785949353.277,64681.42,8e-05,True
1785949353.277,64681.42,8e-05,True
1785949353.277,64681.41,8e-05,True
1785949353.277,64681.41,8e-05,True
1785949353.277,64681.41,9e-05,True
1785949353.277,64681.41,9e-05,True
1785949353.277,64681.41,8e-05,True
1785949353.277,64681.41,8e-05,True
1785949353.277,64681.41,8e-05,True
1785949353.277,64681.41,8e-05,True
1785949353.277,64681.41,8e-05,True
1785949353.277,64681.1,8e-05,True
1785949353.277,64680.75,9e-05,True
1785949353.277,64680.25,0.00394,True
1785949353.277,64680.25,8e-05,True
1785949353.277,64680.01,9e-05,True
1785949353.277,64680.01,9e-05,True
1785949353.277,64680.01,9e-05,True
1785949353.381,64680.0,0.0001,True
1785949353.417,64680.0,0.001,True
1785949353.434,64680.0,0.0039,True
1785949353.434,64680.0,0.00023,True
1785949353.434,64680.0,0.007,True
1785949353.434,64680.0,0.008,True
1785949353.434,64680.0,0.006,True
1785949353.434,64680.0,0.01,True
1785949353.434,64680.0,9e-05,True
1785949353.434,64680.0,9e-05,True
1785949353.434,64680.0,9e-05,True
1785949353.434,64680.0,8e-05,True
1785949353.434,64680.0,8e-05,True
1785949353.434,64680.0,8e-05,True
1785949353.434,64680.0,8e-05,True
1785949353.434,64680.0,8e-05,True
1785949353.434,64680.0,8e-05,True
1785949353.434,64680.0,8e-05,True
1785949353.434,64680.0,8e-05,True
1785949353.434,64680.0,9e-05,True
1785949353.434,64680.0,8e-05,True
1785949353.434,64680.0,8e-05,True
1785949353.434,64680.0,8e-05,True
1785949353.434,64679.99,8e-05,True
1785949353.434,64679.99,8e-05,True
1785949353.434,64679.99,8e-05,True
1785949353.434,64679.99,9e-05,True
1785949353.434,64679.99,8e-05,True
1785949353.434,64679.99,9e-05,True
1785949353.434,64679.99,8e-05,True
1785949353.434,64679.99,8e-05,True
1785949353.434,64679.82,8e-05,True
1785949353.434,64678.97,0.00017,True
1785949353.434,64678.53,8e-05,True
1785949353.434,64678.29,8e-05,True
1785949353.434,64678.15,8e-05,True
1785949353.434,64678.15,8e-05,True
1785949353.434,64678.14,8e-05,True
1785949353.434,64678.14,8e-05,True
1785949353.434,64678.01,9e-05,True
1785949353.434,64678.01,9e-05,True
1785949353.434,64678.01,9e-05,True
1785949353.478,64678.01,0.00078,False
1785949353.479,64678.0,0.008,True
1785949353.479,64678.0,0.007,True
1785949353.479,64678.0,0.005,True
1785949353.479,64678.0,0.006,True
1785949353.479,64678.0,9e-05,True
1785949353.479,64678.0,9e-05,True
1785949353.479,64678.0,8e-05,True
1785949353.479,64678.0,8e-05,True
1785949353.479,64678.0,8e-05,True
1785949353.479,64678.0,8e-05,True
1785949353.479,64678.0,8e-05,True
1785949353.479,64678.0,8e-05,True
1785949353.479,64678.0,8e-05,True
1785949353.479,64678.0,8e-05,True
1785949353.479,64678.0,8e-05,True
1785949353.479,64678.0,8e-05,True
1785949353.479,64678.0,8e-05,True
1785949353.479,64678.0,0.0153,True
1785949353.479,64678.0,8e-05,True
1785949353.479,64678.0,9e-05,True
1785949353.479,64678.0,8e-05,True
1785949353.479,64678.0,8e-05,True
1785949353.479,64678.0,8e-05,True
1785949353.479,64678.0,8e-05,True
1785949353.479,64678.0,8e-05,True
1785949353.479,64678.0,8e-05,True
1785949353.479,64678.0,8e-05,True
1785949353.479,64678.0,8e-05,True
1785949353.479,64677.99,9e-05,True
1785949353.479,64677.99,9e-05,True
1785949353.479,64677.99,8e-05,True
1785949353.479,64677.99,8e-05,True
1785949353.479,64677.99,8e-05,True
1785949353.479,64677.99,8e-05,True
1785949353.479,64677.99,9e-05,True
1785949353.479,64677.99,9e-05,True
1785949353.479,64677.99,8e-05,True
1785949353.479,64677.99,8e-05,True
1785949353.479,64677.99,8e-05,True
1785949353.479,64677.99,8e-05,True
1785949353.479,64677.99,8e-05,True
1785949353.479,64677.99,9e-05,True
1785949353.479,64677.98,0.08665,True
1785949353.479,64677.98,0.00073,True
1785949353.479,64677.98,9e-05,True
1785949353.479,64677.98,9e-05,True
1785949353.479,64677.98,8e-05,True
1785949353.479,64677.98,8e-05,True
1785949353.479,64677.52,9e-05,True
1785949353.479,64677.42,0.00467,True
1785949353.479,64677.13,0.00679,True
1785949353.479,64677.13,0.00069,True
1785949353.479,64676.89,8e-05,True
1785949353.479,64676.59,0.00019,True
1785949353.479,64676.12,0.00389,True
1785949353.479,64676.01,9e-05,True
1785949353.479,64676.01,9e-05,True
1785949353.479,64676.01,9e-05,True
1785949353.479,64676.0,0.008,True
1785949353.479,64676.0,0.007,True
1785949353.479,64676.0,0.005,True
1785949353.479,64676.0,0.006,True
1785949353.479,64676.0,9e-05,True
1785949353.479,64676.0,9e-05,True
1785949353.485,64674.83,0.00311,True
1785949353.485,64674.83,8e-05,True
1785949353.485,64674.83,8e-05,True
1785949353.485,64674.83,8e-05,True
1785949353.485,64674.83,8e-05,True
1785949353.485,64674.83,8e-05,True
1785949353.485,64674.83,8e-05,True
1785949353.485,64674.83,8e-05,True
1785949353.485,64674.83,8e-05,True
1785949353.485,64674.83,8e-05,True
1785949353.485,64674.83,8e-05,True
1785949353.485,64674.82,9e-05,True
1785949353.485,64674.82,9e-05,True
1785949353.485,64674.53,9e-05,True
1785949353.485,64674.53,9e-05,True
1785949353.485,64674.52,0.00012,True
1785949353.485,64674.29,9e-05,True
1785949353.485,64674.2,9e-05,True
1785949353.485,64674.2,9e-05,True
1785949353.485,64674.06,0.00047,True
1785949353.485,64674.01,9e-05,True
1785949353.485,64674.01,9e-05,True
1785949353.485,64674.01,9e-05,True
1785949353.501,64674.0,0.00043,True
1785949353.511,64674.0,0.0059,True
1785949353.518,64674.0,0.00057,True
1785949353.529,64674.0,0.0011,True
1785949353.529,64674.0,0.007,True
1785949353.529,64674.0,0.005,True
1785949353.529,64674.0,0.006,True
1785949353.529,64674.0,9e-05,True
1785949353.529,64674.0,9e-05,True
1785949353.529,64674.0,8e-05,True
1785949353.529,64674.0,8e-05,True
1785949353.529,64674.0,8e-05,True
1785949353.529,64674.0,8e-05,True
1785949353.529,64674.0,8e-05,True
1785949353.529,64674.0,8e-05,True
1785949353.529,64674.0,8e-05,True
1785949353.529,64674.0,8e-05,True
1785949353.529,64674.0,8e-05,True
1785949353.529,64674.0,8e-05,True
1785949353.529,64674.0,8e-05,True
1785949353.529,64674.0,8e-05,True
1785949353.529,64674.0,9e-05,True
1785949353.529,64674.0,8e-05,True
1785949353.529,64674.0,0.10924,True
1785949353.529,64674.0,8e-05,True
1785949353.529,64674.0,8e-05,True
1785949353.529,64674.0,8e-05,True
1785949353.529,64674.0,8e-05,True
1785949353.529,64674.0,8e-05,True
1785949353.529,64674.0,8e-05,True
1785949353.529,64674.0,8e-05,True
1785949353.529,64674.0,8e-05,True
1785949353.529,64673.99,8e-05,True
1785949353.529,64673.99,9e-05,True
1785949353.529,64673.99,8e-05,True
1785949353.529,64673.99,9e-05,True
1785949353.529,64673.99,8e-05,True
1785949353.529,64673.99,8e-05,True
1785949353.529,64673.99,8e-05,True
1785949353.529,64673.99,8e-05,True
1785949353.529,64673.99,8e-05,True
1785949353.529,64673.73,0.00341,True
1785949353.529,64673.53,0.00233,True
1785949353.529,64673.28,9e-05,True
1785949353.529,64672.79,9e-05,True
1785949353.529,64672.79,9e-05,True
1785949353.529,64672.79,9e-05,True
1785949353.529,64672.78,0.00185,True
1785949353.529,64672.78,0.01497,True
1785949353.53,64672.78,0.00172,True
1785949353.53,64672.78,9e-05,True
1785949353.53,64672.78,9e-05,True
1785949353.53,64672.41,8e-05,True
1785949353.53,64672.41,8e-05,True
1785949353.53,64672.24,0.00155,True
1785949353.53,64672.17,0.00023,True
1785949353.53,64672.01,9e-05,True
1785949353.53,64672.01,9e-05,True
1785949353.53,64672.01,9e-05,True
1785949353.53,64672.0,0.008,True
1785949353.53,64672.0,0.007,True
1785949353.53,64672.0,0.005,True
1785949353.53,64672.0,0.006,True
1785949353.53,64672.0,9e-05,True
1785949353.53,64672.0,9e-05,True
1785949353.53,64671.87,8e-05,True
1785949353.53,64671.15,8e-05,True
1785949353.53,64671.06,9e-05,True
1785949353.53,64671.06,8e-05,True
1785949353.53,64671.06,8e-05,True
1785949353.53,64670.68,8e-05,True
1785949353.531,64670.13,0.00019,True
1785949353.531,64670.13,8e-05,True
1785949353.531,64670.13,0.04583,True
1785949353.682,64670.13,8e-05,True
1785949353.682,64670.13,8e-05,True
1785949353.682,64670.13,8e-05,True
1785949353.682,64670.13,8e-05,True
1785949353.682,64670.13,8e-05,True
1785949353.682,64670.13,8e-05,True
1785949353.682,64670.13,8e-05,True
1785949353.682,64670.13,9e-05,True
1785949353.682,64670.13,9e-05,True
1785949353.682,64670.13,8e-05,True
1785949353.682,64670.13,8e-05,True
1785949353.682,64670.13,8e-05,True
1785949353.682,64670.13,8e-05,True
1785949353.682,64670.13,9e-05,True
1785949353.682,64670.13,8e-05,True
1785949353.682,64670.13,8e-05,True
1785949353.682,64670.13,8e-05,True
1785949353.682,64670.13,8e-05,True
1785949353.682,64670.13,8e-05,True
1785949353.682,64670.13,8e-05,True
1785949353.682,64670.13,8e-05,True
1785949353.682,64670.13,8e-05,True
1785949353.682,64670.13,8e-05,True
1785949353.682,64670.13,8e-05,True
1785949353.682,64670.12,9e-05,True
1785949353.682,64670.12,9e-05,True
1785949353.682,64670.12,8e-05,True
1785949353.682,64670.12,8e-05,True
1785949353.682,64670.12,8e-05,True
1785949353.682,64670.12,8e-05,True
1785949353.682,64670.12,8e-05,True
1785949353.682,64670.12,8e-05,True
1785949353.682,64670.12,8e-05,True
1785949353.682,64670.01,9e-05,True
1785949353.682,64670.01,9e-05,True
1785949353.682,64670.01,9e-05,True
1785949354.915,64670.01,0.00015,False
1785949355.489,64670.0,0.00029,True
1785949355.527,64670.01,7e-05,False
1785949356.09,64670.01,0.0001,False
1785949356.161,64670.01,0.00023,False
1785949356.394,64670.01,0.001,False
1785949357.736,64670.01,0.00214,False
1785949357.737,64670.0,0.00018,True
1785949358.121,64670.01,0.00029,False
1785949358.628,64670.0,0.00154,True
1785949359.51,64670.0,0.00029,True
1785949359.958,64670.0,0.00235,True
1785949360.387,64670.0,0.00015,True
1785949360.914,64670.01,0.00016,False
1785949360.981,64670.01,0.00029,False
1785949361.67,64670.0,0.0012,True
1785949361.67,64670.0,0.01,True
1785949361.67,64670.0,0.008,True
1785949361.67,64670.0,0.007,True
1785949361.67,64670.0,0.00445,True
1785949361.93,64670.01,0.0033,False
1785949361.964,64670.0,0.00055,True
1785949361.964,64670.0,8e-05,True
1785949361.964,64670.0,8e-05,True
1785949361.964,64670.0,8e-05,True
1785949361.964,64670.0,8e-05,True
1785949361.964,64670.0,8e-05,True
1785949361.964,64670.0,8e-05,True
1785949361.964,64670.0,8e-05,True
1785949361.964,64670.0,8e-05,True
1785949361.964,64670.0,8e-05,True
1785949361.964,64670.0,8e-05,True
1785949361.964,64670.0,3e-05,True
1785949362.332,64670.0,5e-05,True
1785949362.332,64670.0,8e-05,True
1785949362.332,64670.0,9e-05,True
1785949362.332,64670.0,7e-05,True
1785949363.414,64670.01,0.0031,False
1785949364.478,64670.01,0.0002,False
1785949364.982,64670.0,0.04712,True
1785949365.088,64670.0,0.00077,True
1785949366.276,64670.01,0.00015,False
1785949366.3,64670.01,0.00033,False
1785949367.124,64670.01,0.00077,False
1785949367.293,64670.01,0.049,False
1785949367.849,64670.01,0.00068,False
1785949367.849,64670.01,0.00032,False
1785949368.538,64670.0,0.01318,True
1785949369.086,64670.01,0.00481,False
1785949369.298,64670.01,0.00012,False
1785949369.961,64670.01,0.00854,False
1785949370.499,64670.0,0.00028,True
1785949370.752,64670.01,0.00239,False
1785949371.451,64670.0,0.0001,True
1785949371.457,64670.0,0.00359,True
1785949371.818,64670.01,0.00157,False
1785949374.025,64670.0,0.03119,True
1785949375.653,64670.0,0.00034,True
1785949375.969,64670.01,0.00108,False
1785949376.199,64670.01,8e-05,False
1785949376.583,64670.01,0.00042,False
1785949377.358,64670.01,0.00077,False
1785949378.247,64670.0,0.06226,True
1785949378.247,64670.0,0.01,True
1785949378.247,64670.0,0.0001,True
1785949378.247,64670.0,0.00016,True
1785949378.247,64670.0,8e-05,True
1785949378.247,64670.0,8e-05,True
1785949378.247,64670.0,8e-05,True
1785949378.247,64670.0,0.00676,True
1785949378.247,64670.0,8e-05,True
1785949378.247,64670.0,8e-05,True
1785949378.247,64670.0,8e-05,True
1785949378.247,64670.0,8e-05,True
1785949378.247,64670.0,8e-05,True
1785949378.247,64670.0,0.0007,True
1785949378.247,64670.0,8e-05,True
1785949378.247,64670.0,8e-05,True
1785949378.247,64670.0,8e-05,True
1785949378.247,64670.0,8e-05,True
1785949378.247,64670.0,8e-05,True
1785949378.247,64670.0,8e-05,True
1785949378.247,64670.0,8e-05,True
1785949378.247,64670.0,9e-05,True
1785949378.247,64670.0,0.01002,True
1785949378.247,64670.0,8e-05,True
1785949378.247,64670.0,0.00016,True
1785949378.247,64670.0,0.0197,True
1785949378.247,64670.0,0.0043,True
1785949378.247,64670.0,0.00048,True
1785949378.247,64670.0,0.2032,True
1785949378.247,64670.0,8e-05,True
1785949378.247,64670.0,8e-05,True
1785949378.247,64670.0,8e-05,True
1785949378.247,64670.0,8e-05,True
1785949378.247,64670.0,8e-05,True
1785949378.247,64670.0,8e-05,True
1785949378.247,64670.0,8e-05,True
1785949378.247,64670.0,8e-05,True
1785949378.247,64670.0,8e-05,True
1785949378.247,64670.0,0.44165,True
1785949378.247,64670.0,8e-05,True
1785949378.247,64670.0,0.86331,True
1785949378.294,64670.0,8e-05,True
1785949378.294,64670.0,9e-05,True
1785949378.294,64670.0,9e-05,True
1785949378.294,64670.0,8e-05,True
1785949378.294,64670.0,8e-05,True
1785949378.294,64670.0,8e-05,True
1785949378.294,64670.0,9e-05,True
1785949378.294,64670.0,8e-05,True
1785949378.294,64670.0,8e-05,True
1785949378.294,64670.0,0.0042,True
1785949378.453,64670.0,0.00018,True
1785949379.067,64670.0,0.00022,True
1785949380.429,64670.01,0.01547,False
1785949381.257,64670.01,0.00011,False
1785949382.683,64670.0,0.00015,True
1785949382.716,64670.01,0.00023,False
1785949383.616,64670.0,8e-05,True
1785949383.616,64670.0,8e-05,True
1785949383.616,64670.0,8e-05,True
1785949383.616,64670.0,0.00016,True
1785949383.616,64670.0,8e-05,True
1785949383.616,64670.0,8e-05,True
1785949383.616,64670.0,8e-05,True
1785949383.616,64670.0,8e-05,True
1785949383.616,64670.0,8e-05,True
1785949383.616,64670.0,8e-05,True
1785949383.616,64670.0,8e-05,True
1785949383.616,64670.0,8e-05,True
1785949383.616,64670.0,8e-05,True
1785949383.616,64670.0,8e-05,True
1785949383.616,64670.0,9e-05,True
1785949383.616,64670.0,8e-05,True
1785949383.616,64670.0,0.00016,True
1785949383.616,64670.0,8e-05,True
1785949383.616,64670.0,0.01,True
1785949383.616,64670.0,8e-05,True
1785949383.616,64670.0,0.0093,True
1785949383.616,64670.0,0.0001,True
1785949383.616,64670.0,9e-05,True
1785949383.616,64670.0,9e-05,True
1785949383.616,64670.0,9e-05,True
1785949383.616,64670.0,8e-05,True
1785949383.616,64670.0,8e-05,True
1785949383.616,64670.0,8e-05,True
1785949383.616,64670.0,8e-05,True
1785949383.616,64670.0,8e-05,True
1785949383.616,64670.0,8e-05,True
1785949383.616,64670.0,0.00012,True
1785949383.616,64670.0,0.00154,True
1785949383.616,64670.0,0.1589,True
1785949383.616,64670.0,8e-05,True
1785949383.616,64670.0,8e-05,True
1785949383.616,64670.0,8e-05,True
1785949383.616,64670.0,8e-05,True
1785949383.616,64669.99,9e-05,True
1785949383.616,64669.99,9e-05,True
1785949383.616,64669.99,8e-05,True
1785949383.616,64669.99,8e-05,True
1785949383.616,64669.99,8e-05,True
1785949383.616,64669.99,0.00016,True
1785949383.616,64669.99,8e-05,True
1785949383.616,64669.99,8e-05,True
1785949383.616,64669.99,8e-05,True
1785949383.616,64669.99,8e-05,True
1785949383.616,64669.99,8e-05,True
1785949383.616,64669.99,8e-05,True
1785949383.616,64669.98,0.00016,True
1785949383.619,64669.3,0.00455,True
1785949383.619,64669.3,8e-05,True
1785949383.619,64669.3,8e-05,True
1785949383.619,64669.3,8e-05,True
1785949383.619,64669.29,9e-05,True
1785949383.619,64669.29,9e-05,True
1785949383.619,64668.9,8e-05,True
1785949383.619,64668.76,0.0006,True
1785949383.619,64668.66,8e-05,True
1785949383.619,64668.46,9e-05,True
1785949383.619,64668.46,9e-05,True
1785949383.619,64668.46,8e-05,True
1785949383.619,64668.46,9e-05,True
1785949383.619,64668.46,8e-05,True
1785949383.625,64668.45,8e-05,True
1785949383.625,64668.45,8e-05,True
1785949383.625,64668.45,8e-05,True
1785949383.625,64668.45,8e-05,True
1785949383.625,64668.45,8e-05,True
1785949383.625,64668.45,8e-05,True
1785949383.625,64668.45,8e-05,True
1785949383.625,64668.45,8e-05,True
1785949383.625,64668.45,8e-05,True
1785949383.625,64668.45,8e-05,True
1785949383.625,64668.45,8e-05,True
1785949383.625,64668.45,8e-05,True
1785949383.625,64668.45,8e-05,True
1785949383.625,64668.45,8e-05,True
1785949383.625,64668.45,8e-05,True
1785949383.625,64668.45,8e-05,True
1785949383.625,64668.45,8e-05,True
1785949383.625,64668.45,8e-05,True
1785949383.625,64668.45,8e-05,True
1785949383.625,64668.45,8e-05,True
1785949383.625,64668.45,8e-05,True
1785949383.625,64668.45,8e-05,True
1785949383.625,64668.45,8e-05,True
1785949383.625,64668.45,8e-05,True
1785949383.625,64668.45,8e-05,True
1785949383.625,64668.45,8e-05,True
1785949383.625,64668.45,8e-05,True
1785949383.625,64668.44,8e-05,True
1785949383.625,64668.44,8e-05,True
1785949383.625,64668.44,8e-05,True
1785949383.625,64668.44,8e-05,True
1785949383.625,64668.44,9e-05,True
1785949383.625,64668.44,9e-05,True
1785949383.625,64668.44,8e-05,True
1785949383.625,64668.44,8e-05,True
1785949383.625,64668.44,8e-05,True
1785949383.625,64668.26,8e-05,True
1785949383.625,64668.24,9e-05,True
1785949383.625,64668.24,9e-05,True
1785949383.625,64668.24,9e-05,True
1785949383.645,64668.23,9e-05,True
1785949383.645,64668.23,1e-05,True
1785949383.728,64668.24,0.02695,False
1785949384.439,64668.23,8e-05,True
1785949384.439,64668.23,8e-05,True
1785949384.439,64668.23,8e-05,True
1785949384.439,64668.23,8e-05,True
1785949384.439,64668.23,8e-05,True
1785949384.439,64668.23,8e-05,True
1785949384.439,64668.23,8e-05,True
1785949384.439,64668.23,8e-05,True
1785949384.439,64668.23,8e-05,True
1785949384.439,64668.23,8e-05,True
1785949384.439,64668.23,8e-05,True
1785949384.439,64668.23,8e-05,True
1785949384.439,64668.23,8e-05,True
1785949384.439,64668.23,8e-05,True
1785949384.439,64668.23,8e-05,True
1785949384.439,64668.23,8e-05,True
1785949384.439,64668.23,9e-05,True
1785949384.439,64668.23,8e-05,True
1785949384.439,64668.23,0.00016,True
1785949384.439,64668.23,8e-05,True
1785949384.439,64668.23,8e-05,True
1785949384.439,64668.23,8e-05,True
1785949384.439,64668.23,8e-05,True
1785949384.439,64668.23,8e-05,True
1785949384.439,64668.23,8e-05,True
1785949384.439,64668.23,8e-05,True
1785949384.439,64668.23,8e-05,True
1785949384.439,64668.22,9e-05,True
1785949384.439,64668.22,8e-05,True
1785949384.439,64668.22,9e-05,True
1785949384.439,64668.22,8e-05,True
1785949384.439,64668.22,8e-05,True
1785949384.439,64668.22,8e-05,True
1785949384.439,64668.22,8e-05,True
1785949384.439,64668.22,8e-05,True
1785949384.439,64668.22,8e-05,True
1785949384.439,64668.22,8e-05,True
1785949384.439,64668.22,8e-05,True
1785949384.439,64668.22,8e-05,True
1785949384.439,64668.01,9e-05,True
1785949384.439,64668.01,9e-05,True
1785949384.439,64668.01,9e-05,True
1785949384.439,64668.0,0.006,True
1785949384.439,64668.0,0.008,True
1785949384.439,64668.0,0.007,True
1785949384.439,64668.0,0.005,True
1785949384.439,64668.0,9e-05,True
1785949384.439,64668.0,9e-05,True
1785949384.439,64667.83,9e-05,True
1785949384.439,64667.61,9e-05,True
1785949384.439,64667.61,9e-05,True
1785949384.439,64667.61,9e-05,True
1785949384.439,64667.6,0.02215,True
1785949384.439,64667.6,0.06309,True
1785949384.439,64667.6,0.04257,True
1785949384.439,64667.6,8e-05,True
1785949384.439,64667.6,9e-05,True
1785949384.439,64667.6,9e-05,True
1785949384.439,64667.6,8e-05,True
1785949384.439,64667.41,0.00338,True
1785949384.439,64667.33,0.00452,True
1785949384.452,64666.6,0.00673,True
1785949384.452,64666.6,8e-05,True
1785949384.452,64666.6,9e-05,True
1785949384.452,64666.6,9e-05,True
1785949384.452,64666.6,8e-05,True
1785949384.452,64666.6,8e-05,True
1785949384.452,64666.6,8e-05,True
1785949384.452,64666.6,8e-05,True
1785949384.452,64666.6,8e-05,True
1785949384.452,64666.6,8e-05,True
1785949384.452,64666.6,8e-05,True
1785949384.452,64666.6,8e-05,True
1785949384.452,64666.6,8e-05,True
1785949384.452,64666.6,8e-05,True
1785949384.452,64666.6,8e-05,True
1785949384.452,64666.6,0.00016,True
1785949384.452,64666.6,8e-05,True
1785949384.452,64666.6,8e-05,True
1785949384.452,64666.6,8e-05,True
1785949384.452,64666.6,8e-05,True
1785949384.452,64666.6,8e-05,True
1785949384.452,64666.6,8e-05,True
1785949384.452,64666.6,8e-05,True
1785949384.452,64666.6,0.06458,True
1785949384.452,64666.6,8e-05,True
1785949384.452,64666.6,8e-05,True
1785949384.452,64666.6,8e-05,True
1785949384.452,64666.6,8e-05,True
1785949384.452,64666.59,9e-05,True
1785949384.452,64666.59,9e-05,True
1785949384.452,64666.59,8e-05,True
1785949384.452,64666.59,8e-05,True
1785949384.452,64666.59,8e-05,True
1785949384.452,64666.59,8e-05,True
1785949384.452,64666.59,8e-05,True
1785949384.452,64666.59,0.00016,True
1785949384.452,64666.59,8e-05,True
1785949384.452,64666.59,8e-05,True
1785949384.452,64666.58,0.00016,True
1785949384.452,64666.56,9e-05,True
1785949384.458,64666.03,0.00376,True
1785949384.458,64666.03,8e-05,True
1785949384.458,64666.03,8e-05,True
1785949384.458,64666.03,8e-05,True
1785949384.458,64666.03,8e-05,True
1785949384.458,64666.03,8e-05,True
1785949384.458,64666.03,8e-05,True
1785949384.458,64666.03,8e-05,True
1785949384.458,64666.03,8e-05,True
1785949384.458,64666.03,8e-05,True
1785949384.458,64666.03,8e-05,True
1785949384.458,64666.03,8e-05,True
1785949384.458,64666.03,8e-05,True
1785949384.458,64666.03,8e-05,True
1785949384.458,64666.03,8e-05,True
1785949384.458,64666.03,8e-05,True
1785949384.458,64666.03,8e-05,True
1785949384.458,64666.03,8e-05,True
1785949384.458,64666.03,8e-05,True
1785949384.458,64666.03,8e-05,True
1785949384.458,64666.03,8e-05,True
1785949384.458,64666.03,8e-05,True
1785949384.458,64666.02,9e-05,True
1785949384.458,64666.02,9e-05,True
1785949384.458,64666.02,8e-05,True
1785949384.458,64666.02,8e-05,True
1785949384.458,64666.02,8e-05,True
1785949384.458,64666.02,8e-05,True
1785949384.458,64666.02,8e-05,True
1785949384.458,64666.02,8e-05,True
1785949384.458,64666.01,8e-05,True
1785949384.458,64666.01,9e-05,True
1785949384.458,64666.01,9e-05,True
1785949384.458,64666.01,8e-05,True
1785949384.458,64666.01,9e-05,True
1785949384.458,64666.0,0.007,True
1785949384.458,64666.0,0.005,True
1785949384.458,64666.0,0.006,True
1785949384.458,64666.0,0.008,True
1785949384.458,64666.0,9e-05,True
1785949384.458,64666.0,9e-05,True
1785949384.459,64665.69,8e-05,True
1785949384.461,64665.45,8e-05,True
1785949384.461,64665.45,8e-05,True
1785949384.461,64665.45,8e-05,True
1785949384.461,64665.45,8e-05,True
1785949384.461,64665.45,8e-05,True
1785949384.461,64665.44,9e-05,True
1785949384.467,64664.74,8e-05,True
1785949384.467,64664.74,8e-05,True
1785949384.467,64664.74,8e-05,True
1785949384.467,64664.74,8e-05,True
1785949384.467,64664.74,8e-05,True
1785949384.467,64664.74,8e-05,True
1785949384.467,64664.74,8e-05,True
1785949384.467,64664.74,8e-05,True
1785949384.467,64664.74,8e-05,True
1785949384.467,64664.74,8e-05,True
1785949384.467,64664.74,8e-05,True
1785949384.467,64664.74,8e-05,True
1785949384.467,64664.74,8e-05,True
1785949384.467,64664.74,8e-05,True
1785949384.467,64664.74,8e-05,True
1785949384.467,64664.74,8e-05,True
1785949384.467,64664.74,8e-05,True
1785949384.467,64664.74,8e-05,True
1785949384.467,64664.74,8e-05,True
1785949384.467,64664.73,8e-05,True
1785949384.467,64664.73,9e-05,True
1785949384.467,64664.73,8e-05,True
1785949384.467,64664.73,8e-05,True
1785949384.467,64664.73,9e-05,True
1785949384.467,64664.73,8e-05,True
1785949384.467,64664.73,8e-05,True
1785949384.467,64664.73,8e-05,True
1785949384.467,64664.73,8e-05,True
1785949384.467,64664.6,9e-05,True
1785949384.467,64664.01,9e-05,True
1785949384.467,64664.01,9e-05,True
1785949384.467,64664.01,9e-05,True
1785949384.484,64664.0,0.00563,True
1785949384.495,64664.0,0.00099,True
1785949385.414,64664.01,0.0009,False
1785949386.296,64664.0,0.00022,True
1785949387.31,64664.01,0.00643,False
1785949387.31,64664.01,0.01662,False
1785949387.691,64664.01,0.00155,False
1785949387.969,64664.0,0.00016,True
1785949387.969,64664.0,0.0001,True
1785949388.692,64664.01,0.00478,False
1785949389.265,64664.0,0.0049,True
1785949389.265,64664.0,0.006,True
1785949389.265,64664.0,0.008,True
1785949389.265,64664.0,8e-05,True
1785949389.265,64664.0,8e-05,True
1785949389.265,64664.0,8e-05,True
1785949389.265,64664.0,8e-05,True
1785949389.265,64664.0,8e-05,True
1785949389.265,64664.0,8e-05,True
1785949389.265,64664.0,8e-05,True
1785949389.265,64664.0,8e-05,True
1785949389.265,64664.0,8e-05,True
1785949389.265,64664.0,9e-05,True
1785949389.265,64664.0,8e-05,True
1785949389.265,64664.0,8e-05,True
1785949389.265,64664.0,8e-05,True
1785949389.265,64664.0,0.00016,True
1785949389.265,64664.0,8e-05,True
1785949389.265,64664.0,0.09641,True
1785949389.803,64664.0,0.0001,True
1785949390.074,64664.01,0.00075,False
1785949390.286,64664.01,0.00011,False
1785949390.46,64664.01,0.00027,False
1785949391.419,64664.01,0.00022,False
1785949392.236,64664.01,0.00021,False
1785949392.606,64664.0,0.00026,True
1785949392.873,64664.0,0.00016,True
1785949393.847,64664.01,0.00262,False
1785949394.246,64664.0,0.04653,True
1785949394.92,64664.01,0.00026,False
1785949395.315,64664.01,0.00037,False
1785949395.385,64664.01,0.00023,False
1785949395.96,64664.01,0.00418,False
1785949395.999,64664.01,0.00021,False
1785949396.271,64664.01,0.39019,False
1785949396.361,64664.01,8e-05,False
1785949396.361,64664.01,2e-05,False
1785949397.051,64664.0,0.00026,True
1785949397.237,64664.0,0.00761,True
1785949397.977,64664.01,7e-05,False
1785949397.977,64664.01,8e-05,False
1785949397.977,64664.01,0.00016,False
1785949397.977,64664.01,8e-05,False
1785949397.977,64664.01,6e-05,False
1785949398.764,64664.01,0.00032,False
1785949399.11,64664.01,0.00026,False
1785949399.186,64664.0,0.00084,True
1785949399.52,64664.0,0.00098,True
1785949400.593,64664.01,0.00013,False
1785949400.593,64664.01,8e-05,False
1785949400.593,64664.01,8e-05,False
1785949400.593,64664.01,8e-05,False
1785949400.593,64664.01,0.00773,False
1785949400.593,64664.01,8e-05,False
1785949400.593,64664.01,0.00047,False
1785949400.593,64664.01,0.00016,False
1785949400.593,64664.01,8e-05,False
1785949400.593,64664.01,0.0027,False
1785949401.017,64664.0,0.00026,True
1785949402.298,64664.01,0.0396,False
1785949402.892,64664.01,0.00026,False
1785949403.205,64664.0,0.0004,True
1785949404.754,64664.0,0.00026,True
1785949405.887,64664.0,0.0001,True
1785949406.083,64664.01,0.0022,False
1785949406.296,64664.0,0.00468,True
1785949407.289,64664.01,0.00011,False
1785949407.846,64664.01,0.05923,False
1785949407.846,64664.01,8e-05,False
1785949407.846,64664.01,8e-05,False
1785949407.846,64664.01,8e-05,False
1785949407.846,64664.01,8e-05,False
1785949407.846,64664.01,8e-05,False
1785949407.846,64664.01,8e-05,False
1785949407.846,64664.01,8e-05,False
1785949407.846,64664.01,8e-05,False
1785949407.846,64664.01,0.0007,False
1785949407.846,64664.01,9e-05,False
1785949407.846,64664.01,8e-05,False
1785949407.846,64664.01,8e-05,False
1785949407.846,64664.01,0.00048,False
1785949407.846,64664.01,0.21268,False
1785949407.846,64664.01,9e-05,False
1785949407.846,64664.01,9e-05,False
1785949407.846,64664.01,9e-05,False
1785949407.846,64664.01,8e-05,False
1785949407.846,64664.01,9e-05,False
1785949407.846,64664.01,8e-05,False
1785949407.846,64664.01,8e-05,False
1785949407.846,64664.01,8e-05,False
1785949407.846,64664.01,9e-05,False
1785949407.846,64664.01,8e-05,False
1785949407.846,64664.01,0.00016,False
1785949407.846,64664.01,0.00017,False
1785949407.846,64664.01,0.002,False
1785949407.846,64664.01,0.002,False
1785949407.846,64664.01,0.002,False
1785949407.846,64664.01,0.002,False
1785949407.846,64664.01,0.002,False
1785949407.846,64664.01,0.002,False
1785949407.846,64664.01,8e-05,False
1785949407.846,64664.01,8e-05,False
1785949407.846,64664.01,8e-05,False
1785949407.846,64664.01,8e-05,False
1785949407.846,64664.01,8e-05,False
1785949407.846,64664.01,8e-05,False
1785949407.846,64664.01,8e-05,False
1785949407.846,64664.01,8e-05,False
1785949407.846,64664.01,8e-05,False
1785949407.846,64664.01,8e-05,False
1785949407.846,64664.01,8e-05,False
1785949407.846,64664.01,8e-05,False
1785949407.846,64664.01,8e-05,False
1785949407.846,64664.01,8e-05,False
1785949407.846,64664.01,8e-05,False
1785949407.848,64664.02,0.00016,False
1785949407.848,64664.02,8e-05,False
1785949407.848,64664.02,8e-05,False
1785949407.848,64664.02,8e-05,False
1785949407.848,64664.02,8e-05,False
1785949407.848,64664.02,8e-05,False
1785949407.848,64664.02,8e-05,False
1785949407.848,64664.02,8e-05,False
1785949407.848,64664.02,9e-05,False
1785949407.848,64664.02,9e-05,False
1785949407.848,64664.02,8e-05,False
1785949407.848,64664.02,8e-05,False
1785949407.851,64664.03,0.0001,False
1785949407.852,64664.03,6e-05,False
1785949407.852,64664.03,8e-05,False
1785949407.852,64664.03,8e-05,False
1785949407.852,64664.03,8e-05,False
1785949407.852,64664.03,9e-05,False
1785949407.852,64664.03,9e-05,False
1785949407.852,64664.03,8e-05,False
1785949407.852,64664.03,8e-05,False
1785949407.852,64664.03,8e-05,False
1785949407.852,64664.03,8e-05,False
1785949407.852,64664.03,8e-05,False
1785949407.852,64664.03,8e-05,False
1785949407.852,64664.03,8e-05,False
1785949407.852,64664.03,8e-05,False
1785949407.852,64664.03,8e-05,False
1785949407.852,64664.03,8e-05,False
1785949407.852,64664.03,8e-05,False
1785949407.852,64664.03,8e-05,False
1785949407.852,64664.03,8e-05,False
1785949407.852,64664.04,8e-05,False
1785949407.852,64664.04,8e-05,False
1785949407.852,64664.04,9e-05,False
1785949407.852,64664.04,9e-05,False
1785949407.852,64664.04,8e-05,False
1785949407.852,64664.24,9e-05,False
1785949407.852,64664.24,9e-05,False
1785949407.852,64664.24,9e-05,False
1785949407.857,64664.25,8e-05,False
1785949407.857,64664.25,9e-05,False
1785949407.857,64664.25,9e-05,False
1785949407.857,64664.25,8e-05,False
1785949407.857,64664.25,8e-05,False
1785949407.857,64664.25,8e-05,False
1785949407.857,64664.25,8e-05,False
1785949407.857,64664.25,8e-05,False
1785949407.857,64664.25,8e-05,False
1785949407.857,64664.25,8e-05,False
1785949407.857,64664.25,8e-05,False
1785949407.857,64664.25,8e-05,False
1785949407.857,64664.25,8e-05,False
1785949407.857,64664.26,8e-05,False
1785949407.857,64664.26,9e-05,False
1785949407.857,64664.26,8e-05,False
1785949407.857,64664.26,9e-05,False
1785949407.857,64664.29,0.00481,False
1785949407.86,64664.41,9e-05,False
1785949407.86,64664.41,9e-05,False
1785949407.86,64664.41,8e-05,False
1785949407.86,64664.41,9e-05,False
1785949407.86,64664.41,9e-05,False
1785949407.86,64664.41,8e-05,False
1785949407.86,64664.65,8e-05,False
1785949407.86,64664.65,8e-05,False
1785949407.86,64664.75,8e-05,False
1785949407.86,64664.75,8e-05,False
1785949407.86,64664.75,8e-05,False
1785949407.86,64664.75,8e-05,False
1785949407.86,64665.03,8e-05,False
1785949407.86,64665.09,9e-05,False
1785949407.86,64665.09,9e-05,False
1785949407.86,64665.45,8e-05,False
1785949407.86,64665.46,8e-05,False
1785949407.86,64665.46,8e-05,False
1785949407.864,64665.59,0.00401,False
1785949407.864,64665.59,8e-05,False
1785949407.864,64665.59,9e-05,False
1785949407.864,64665.59,8e-05,False
1785949407.864,64665.59,8e-05,False
1785949407.864,64665.59,9e-05,False
1785949407.864,64665.59,8e-05,False
1785949407.864,64665.59,8e-05,False
1785949407.864,64665.59,8e-05,False
1785949407.864,64665.59,8e-05,False
1785949407.864,64665.59,8e-05,False
1785949407.864,64665.59,8e-05,False
1785949407.864,64665.59,8e-05,False
1785949407.864,64665.59,8e-05,False
1785949407.864,64665.59,8e-05,False
1785949407.864,64665.59,8e-05,False
1785949407.864,64665.6,8e-05,False
1785949407.864,64665.6,8e-05,False
1785949407.864,64665.6,8e-05,False
1785949407.864,64665.6,9e-05,False
1785949407.864,64665.6,8e-05,False
1785949407.864,64665.6,9e-05,False
1785949407.864,64665.7,8e-05,False
1785949407.864,64665.7,8e-05,False
1785949407.864,64665.83,8e-05,False
1785949407.864,64665.83,8e-05,False
1785949407.864,64665.83,8e-05,False
1785949407.864,64665.83,8e-05,False
1785949407.864,64665.83,8e-05,False
1785949407.864,64665.99,9e-05,False
1785949407.864,64665.99,9e-05,False
1785949407.864,64665.99,9e-05,False
1785949407.876,64666.0,0.005,False
1785949407.876,64666.0,0.007,False
1785949407.876,64666.0,0.006,False
1785949407.876,64666.0,0.008,False
1785949407.876,64666.0,9e-05,False
1785949407.876,64666.0,9e-05,False
1785949407.876,64666.0,0.02006,False
1785949407.876,64666.0,9e-05,False
1785949407.876,64666.0,8e-05,False
1785949407.876,64666.0,8e-05,False
1785949407.876,64666.0,9e-05,False
1785949407.876,64666.0,8e-05,False
1785949407.876,64666.0,8e-05,False
1785949407.876,64666.0,8e-05,False
1785949407.876,64666.0,8e-05,False
1785949407.876,64666.0,8e-05,False
1785949407.876,64666.0,8e-05,False
1785949407.876,64666.0,8e-05,False
1785949407.876,64666.0,8e-05,False
1785949407.876,64666.0,8e-05,False
1785949407.876,64666.0,8e-05,False
1785949407.876,64666.0,8e-05,False
1785949407.876,64666.0,8e-05,False
1785949407.876,64666.0,8e-05,False
1785949407.876,64666.0,8e-05,False
1785949407.876,64666.0,8e-05,False
1785949407.876,64666.01,8e-05,False
1785949407.876,64666.01,8e-05,False
1785949407.876,64666.01,8e-05,False
1785949407.876,64666.01,8e-05,False
1785949407.876,64666.01,9e-05,False
1785949407.876,64666.01,8e-05,False
1785949407.876,64666.01,9e-05,False
1785949407.876,64666.04,8e-05,False
1785949407.876,64666.04,8e-05,False
1785949407.876,64666.49,0.00337,False
1785949407.876,64666.61,8e-05,False
1785949407.876,64666.61,8e-05,False
1785949407.876,64666.88,0.0032,False
1785949407.882,64666.88,1e-05,False
1785949407.882,64666.88,8e-05,False
1785949407.882,64666.88,8e-05,False
1785949407.882,64666.88,9e-05,False
1785949407.882,64666.88,9e-05,False
1785949407.882,64666.88,8e-05,False
1785949407.882,64666.88,8e-05,False
1785949407.882,64666.88,0.00061,False
1785949407.882,64666.88,8e-05,False
1785949407.882,64666.88,8e-05,False
1785949407.882,64666.88,8e-05,False
1785949407.882,64666.88,8e-05,False
1785949407.882,64666.88,8e-05,False
1785949407.882,64666.88,8e-05,False
1785949407.882,64666.88,8e-05,False
1785949407.882,64666.88,8e-05,False
1785949407.882,64666.89,8e-05,False
1785949407.882,64666.89,8e-05,False
1785949407.882,64666.89,8e-05,False
1785949407.882,64666.89,9e-05,False
1785949407.882,64666.89,8e-05,False
1785949407.882,64666.89,9e-05,False
1785949407.882,64666.89,8e-05,False
1785949407.882,64666.98,8e-05,False
1785949407.882,64666.98,8e-05,False
1785949407.882,64667.61,8e-05,False
1785949407.882,64667.61,8e-05,False
1785949407.882,64667.99,9e-05,False
1785949407.882,64667.99,9e-05,False
1785949407.882,64667.99,9e-05,False
1785949407.885,64668.0,0.0013,False
1785949407.91,64668.0,0.0047,False
1785949407.91,64668.0,0.008,False
1785949407.91,64668.0,0.005,False
1785949407.91,64668.0,0.007,False
1785949407.91,64668.0,9e-05,False
1785949407.91,64668.0,9e-05,False
1785949407.91,64668.0,0.03736,False
1785949407.91,64668.0,9e-05,False
1785949407.91,64668.0,8e-05,False
1785949407.91,64668.0,9e-05,False
1785949407.91,64668.0,8e-05,False
1785949407.91,64668.0,8e-05,False
1785949407.91,64668.0,8e-05,False
1785949407.91,64668.0,8e-05,False
1785949407.91,64668.0,8e-05,False
1785949407.91,64668.0,8e-05,False
1785949407.91,64668.0,8e-05,False
1785949407.91,64668.0,8e-05,False
1785949407.91,64668.0,8e-05,False
1785949407.91,64668.0,0.00057,False
1785949407.91,64668.0,8e-05,False
1785949407.91,64668.0,9e-05,False
1785949407.91,64668.0,8e-05,False
1785949407.91,64668.0,8e-05,False
1785949407.91,64668.0,8e-05,False
1785949407.91,64668.0,8e-05,False
1785949407.91,64668.01,8e-05,False
1785949407.91,64668.01,8e-05,False
1785949407.91,64668.01,8e-05,False
1785949407.91,64668.01,8e-05,False
1785949407.91,64668.01,9e-05,False
1785949407.91,64668.01,9e-05,False
1785949407.91,64668.01,8e-05,False
1785949407.91,64668.02,8e-05,False
1785949407.91,64668.02,8e-05,False
1785949407.91,64668.02,9e-05,False
1785949407.91,64668.02,9e-05,False
1785949407.91,64668.02,8e-05,False
1785949407.91,64668.02,8e-05,False
1785949407.91,64668.02,8e-05,False
1785949407.91,64668.02,8e-05,False
1785949407.91,64668.17,0.00236,False
1785949407.916,64668.17,4e-05,False
1785949407.916,64668.17,8e-05,False
1785949407.916,64668.17,8e-05,False
1785949407.916,64668.17,8e-05,False
1785949407.916,64668.17,8e-05,False
1785949407.916,64668.17,8e-05,False
1785949407.916,64668.17,8e-05,False
1785949407.916,64668.17,8e-05,False
1785949407.916,64668.17,8e-05,False
1785949407.916,64668.17,8e-05,False
1785949407.916,64668.17,8e-05,False
1785949407.916,64668.17,8e-05,False
1785949407.916,64668.17,0.00053,False
1785949407.916,64668.17,8e-05,False
1785949407.916,64668.17,9e-05,False
1785949407.916,64668.17,8e-05,False
1785949407.916,64668.17,9e-05,False
1785949407.916,64668.17,8e-05,False
1785949407.916,64668.17,8e-05,False
1785949407.916,64668.18,8e-05,False
1785949407.916,64668.18,8e-05,False
1785949407.916,64668.18,8e-05,False
1785949407.916,64668.18,9e-05,False
1785949407.916,64668.18,8e-05,False
1785949407.916,64668.18,9e-05,False
1785949407.916,64668.18,8e-05,False
1785949407.916,64668.66,8e-05,False
1785949407.916,64669.47,0.0016,False
1785949407.916,64669.99,9e-05,False
1785949407.916,64669.99,9e-05,False
1785949407.916,64669.99,9e-05,False
1785949409.29,64670.0,0.0001,False
1785949409.584,64669.99,0.00024,True
1785949410.086,64669.99,0.00042,True
1785949410.874,64670.0,0.0059,False
1785949410.874,64670.0,0.00184,False
1785949410.885,64670.0,0.00108,False
1785949411.264,64670.0,0.00019,False
1785949412.578,64669.99,0.0001,True
1785949413.048,64670.0,0.00489,False
1785949413.048,64670.0,0.00053,False
1785949413.254,64669.99,8e-05,True
1785949413.254,64669.99,4e-05,True
1785949413.334,64670.0,0.00037,False
1785949414.915,64670.0,0.00135,False
1785949415.228,64670.0,0.001,False
1785949415.477,64670.0,0.00123,False
1785949415.538,64669.99,4e-05,True
1785949415.538,64669.99,9e-05,True
1785949415.538,64669.99,0.00016,True
1785949415.538,64669.99,8e-05,True
1785949415.538,64669.99,8e-05,True
1785949415.538,64669.99,8e-05,True
1785949415.538,64669.99,0.00047,True
1785949415.993,64669.99,0.0043,True
1785949415.993,64669.99,0.0025,True
1785949415.994,64669.99,0.00046,True
1785949415.994,64669.99,8e-05,True
1785949415.994,64669.99,8e-05,True
1785949415.994,64669.99,8e-05,True
1785949415.994,64669.99,0.00558,True
1785949415.994,64669.99,0.0117,True
1785949415.994,64669.99,0.0283,True
1785949415.994,64669.99,0.0001,True
1785949415.994,64669.99,8e-05,True
1785949415.994,64669.99,8e-05,True
1785949415.994,64669.99,8e-05,True
1785949415.994,64669.99,8e-05,True
1785949415.994,64669.99,8e-05,True
1785949415.994,64669.99,8e-05,True
1785949415.994,64669.99,8e-05,True
1785949415.994,64669.99,8e-05,True
1785949415.994,64669.99,8e-05,True
1785949415.994,64669.99,8e-05,True
1785949415.994,64669.99,8e-05,True
1785949415.994,64669.99,8e-05,True
1785949415.994,64669.99,8e-05,True
1785949415.994,64669.99,0.00194,True
1785949415.994,64669.99,9e-05,True
1785949415.994,64669.99,9e-05,True
1785949415.994,64669.99,9e-05,True
1785949415.994,64669.99,0.00016,True
1785949415.994,64669.99,9e-05,True
1785949415.994,64669.99,9e-05,True
1785949415.994,64669.99,8e-05,True
1785949415.994,64669.99,9e-05,True
1785949415.994,64669.99,8e-05,True
1785949415.994,64669.99,8e-05,True
1785949415.994,64669.99,8e-05,True
1785949415.994,64669.99,8e-05,True
1785949415.994,64669.99,8e-05,True
1785949415.994,64669.99,8e-05,True
1785949415.994,64669.99,8e-05,True
1785949415.994,64669.99,8e-05,True
1785949415.994,64669.99,8e-05,True
1785949415.994,64669.99,8e-05,True
1785949415.994,64669.99,8e-05,True
1785949415.994,64669.98,9e-05,True
1785949415.994,64669.98,9e-05,True
1785949415.994,64669.98,0.00016,True
1785949415.994,64669.98,8e-05,True
1785949415.994,64669.98,8e-05,True
1785949415.994,64669.98,8e-05,True
1785949415.994,64669.98,8e-05,True
1785949415.994,64669.98,8e-05,True
1785949415.994,64669.98,8e-05,True
1785949415.994,64669.98,8e-05,True
1785949415.994,64669.98,8e-05,True
1785949415.994,64669.97,0.00016,True
1785949415.994,64669.85,8e-05,True
1785949415.994,64669.85,8e-05,True
1785949415.994,64669.85,8e-05,True
1785949415.994,64669.85,8e-05,True
1785949415.994,64669.85,8e-05,True
1785949415.995,64669.32,8e-05,True
1785949415.995,64669.32,8e-05,True
1785949415.995,64669.32,8e-05,True
1785949415.995,64669.32,8e-05,True
1785949415.996,64669.21,0.00457,True
1785949415.996,64669.21,8e-05,True
1785949415.996,64669.21,8e-05,True
1785949415.996,64668.9,8e-05,True
1785949415.996,64668.66,8e-05,True
1785949415.996,64668.26,0.00438,True
1785949415.996,64668.17,0.00023,True
1785949415.996,64668.16,8e-05,True
1785949415.996,64668.16,8e-05,True
1785949415.996,64668.16,8e-05,True
1785949415.996,64668.16,8e-05,True
1785949415.996,64668.16,8e-05,True
1785949415.996,64668.01,8e-05,True
1785949415.996,64668.01,8e-05,True
1785949415.996,64668.01,8e-05,True
1785949415.996,64668.01,8e-05,True
1785949415.996,64668.0,9e-05,True
1785949415.996,64668.0,9e-05,True
1785949415.996,64668.0,0.00311,True
1785949415.996,64668.0,0.006,True
1785949415.996,64668.0,9e-05,True
1785949415.996,64668.0,9e-05,True
1785949415.996,64668.0,0.0009,True
1785949415.996,64668.0,9e-05,True
1785949415.997,64667.99,8e-05,True
1785949415.997,64667.99,9e-05,True
1785949415.997,64667.99,9e-05,True
1785949415.997,64667.99,8e-05,True
1785949415.997,64667.99,8e-05,True
1785949415.997,64667.99,8e-05,True
1785949415.997,64667.99,8e-05,True
1785949415.998,64667.91,0.00381,True
1785949415.998,64667.91,8e-05,True
1785949415.998,64667.91,8e-05,True
1785949415.998,64666.97,8e-05,True
1785949415.998,64666.87,8e-05,True
1785949415.998,64666.87,8e-05,True
1785949415.998,64666.87,8e-05,True
1785949415.998,64666.87,8e-05,True
1785949415.998,64666.87,8e-05,True
1785949416.056,64666.84,0.00709,True
1785949416.056,64666.84,8e-05,True
1785949416.056,64666.84,8e-05,True
1785949416.056,64666.84,8e-05,True
1785949416.056,64666.84,8e-05,True
1785949416.056,64666.84,8e-05,True
1785949416.056,64666.84,8e-05,True
1785949416.056,64666.84,8e-05,True
1785949416.056,64666.84,8e-05,True
1785949416.056,64666.84,9e-05,True
1785949416.056,64666.84,8e-05,True
1785949416.056,64666.84,9e-05,True
1785949416.056,64666.84,9e-05,True
1785949416.056,64666.84,8e-05,True
1785949416.056,64666.83,8e-05,True
1785949416.056,64666.83,9e-05,True
1785949416.056,64666.83,8e-05,True
1785949416.056,64666.83,9e-05,True
1785949416.056,64666.83,8e-05,True
1785949416.056,64666.83,8e-05,True
1785949416.056,64666.83,8e-05,True
1785949416.056,64666.83,8e-05,True
1785949416.056,64666.83,8e-05,True
1785949416.056,64666.01,9e-05,True
1785949416.056,64666.01,9e-05,True
1785949416.056,64666.01,9e-05,True
1785949416.194,64666.0,0.0001,True
1785949416.198,64666.0,0.00022,True
1785949416.238,64666.01,0.00014,False
1785949416.501,64666.0,0.00123,True
1785949416.587,64666.0,0.00023,True
1785949417.044,64666.01,0.00528,False
1785949417.52,64666.01,0.0002,False
1785949418.011,64666.01,0.0008,False
1785949418.536,64666.0,0.00177,True
1785949419.063,64666.01,0.00023,False
1785949422.814,64666.0,0.00071,True
1785949423.108,64666.0,0.00046,True
1785949423.327,64666.01,0.32952,False
1785949423.327,64666.01,0.45245,False
1785949423.428,64666.01,0.0001,False
1785949423.637,64666.01,8e-05,False
1785949423.637,64666.01,8e-05,False
1785949423.637,64666.01,9e-05,False
1785949423.637,64666.01,8e-05,False
1785949423.637,64666.01,8e-05,False
1785949423.637,64666.01,8e-05,False
1785949423.637,64666.01,8e-05,False
1785949423.637,64666.01,0.00773,False
1785949423.637,64666.01,8e-05,False
1785949423.637,64666.01,8e-05,False
1785949423.637,64666.01,8e-05,False
1785949423.637,64666.01,8e-05,False
1785949423.637,64666.01,0.001,False
1785949423.637,64666.01,9e-05,False
1785949423.637,64666.01,9e-05,False
1785949423.637,64666.01,8e-05,False
1785949423.637,64666.01,8e-05,False
1785949423.637,64666.01,8e-05,False
1785949423.637,64666.01,0.001,False
1785949423.637,64666.01,8e-05,False
1785949423.637,64666.01,8e-05,False
1785949423.637,64666.01,8e-05,False
1785949423.637,64666.01,8e-05,False
1785949423.637,64666.01,8e-05,False
1785949423.637,64666.01,8e-05,False
1785949423.637,64666.01,8e-05,False
1785949423.637,64666.01,9e-05,False
1785949423.637,64666.01,9e-05,False
1785949423.637,64666.01,8e-05,False
1785949423.637,64666.01,9e-05,False
1785949423.637,64666.01,9e-05,False
1785949423.637,64666.01,9e-05,False
1785949423.637,64666.01,9e-05,False
1785949423.637,64666.01,8e-05,False
1785949423.637,64666.01,8e-05,False
1785949423.637,64666.01,8e-05,False
1785949423.637,64666.01,8e-05,False
1785949423.637,64666.01,8e-05,False
1785949423.637,64666.01,8e-05,False
1785949423.637,64666.01,8e-05,False
1785949423.637,64666.01,8e-05,False
1785949423.637,64666.01,8e-05,False
1785949423.637,64666.01,8e-05,False
1785949423.637,64666.01,8e-05,False
1785949423.637,64666.01,8e-05,False
1785949423.637,64666.02,9e-05,False
1785949423.637,64666.02,9e-05,False
1785949423.637,64666.02,8e-05,False
1785949423.638,64666.02,8e-05,False
1785949423.638,64666.02,8e-05,False
1785949423.638,64666.02,8e-05,False
1785949423.638,64666.02,8e-05,False
1785949423.638,64666.02,8e-05,False
1785949423.638,64666.02,8e-05,False
1785949423.638,64666.02,8e-05,False
1785949423.638,64666.02,9e-05,False
1785949423.638,64666.02,8e-05,False
1785949423.638,64666.02,9e-05,False
1785949423.638,64666.02,8e-05,False
1785949423.638,64666.02,8e-05,False
1785949423.638,64666.02,8e-05,False
1785949423.638,64666.02,8e-05,False
1785949423.638,64666.02,8e-05,False
1785949423.638,64666.03,0.00016,False
1785949423.638,64666.03,8e-05,False
1785949423.638,64666.03,9e-05,False
1785949423.641,64666.41,0.00476,False
1785949423.641,64666.41,8e-05,False
1785949423.641,64666.41,8e-05,False
1785949423.641,64666.41,8e-05,False
1785949423.641,64666.41,8e-05,False
1785949423.641,64666.41,9e-05,False
1785949423.641,64666.41,8e-05,False
1785949423.641,64666.41,9e-05,False
1785949423.641,64666.41,8e-05,False
1785949423.641,64666.41,8e-05,False
1785949423.641,64666.41,8e-05,False
1785949423.641,64666.41,8e-05,False
1785949423.641,64666.41,8e-05,False
1785949423.641,64666.41,0.003,False
1785949423.641,64666.41,8e-05,False
1785949423.641,64666.41,0.003,False
1785949423.641,64666.41,0.003,False
1785949423.641,64666.41,0.003,False
1785949423.641,64666.41,8e-05,False
1785949423.641,64666.41,0.003,False
1785949423.641,64666.41,0.003,False
1785949423.641,64666.41,0.003,False
1785949423.641,64666.41,0.45409,False
1785949423.644,64666.41,0.59729,False
1785949423.644,64666.41,0.003,False
1785949423.644,64666.41,0.003,False
1785949423.644,64666.41,0.003,False
1785949423.644,64666.41,8e-05,False
1785949423.644,64666.41,8e-05,False
1785949423.644,64666.41,0.003,False
1785949423.644,64666.41,0.003,False
1785949423.644,64666.41,0.003,False
1785949423.644,64666.41,0.003,False
1785949423.644,64666.41,0.003,False
1785949423.648,64666.41,8e-05,False
1785949423.648,64666.41,8e-05,False
1785949423.648,64666.41,9e-05,False
1785949423.648,64666.41,8e-05,False
1785949423.648,64666.41,9e-05,False
1785949423.648,64666.41,9e-05,False
1785949423.648,64666.41,8e-05,False
1785949423.648,64666.41,8e-05,False
1785949423.648,64666.41,8e-05,False
1785949423.648,64666.41,8e-05,False
1785949423.648,64666.41,8e-05,False
1785949423.648,64666.41,8e-05,False
1785949423.648,64666.41,8e-05,False
1785949423.648,64666.41,8e-05,False
1785949423.648,64666.41,8e-05,False
1785949423.648,64666.41,8e-05,False
1785949423.648,64666.41,8e-05,False
1785949423.648,64666.42,8e-05,False
1785949423.648,64666.42,8e-05,False
1785949423.648,64666.42,8e-05,False
1785949423.648,64666.42,8e-05,False
1785949423.648,64666.42,8e-05,False
1785949423.648,64666.42,8e-05,False
1785949423.648,64666.42,8e-05,False
1785949423.648,64666.42,9e-05,False
1785949423.648,64666.42,9e-05,False
1785949423.648,64666.65,8e-05,False
1785949423.648,64666.65,8e-05,False
1785949423.648,64666.85,8e-05,False
1785949423.648,64666.85,8e-05,False
1785949423.648,64666.85,8e-05,False
1785949423.648,64666.85,8e-05,False
1785949423.648,64666.85,8e-05,False
1785949423.648,64666.96,8e-05,False
1785949423.77,64667.71,0.01091,False
1785949423.775,64667.71,0.00865,False
1785949423.778,64667.71,8e-05,False
1785949423.778,64667.71,8e-05,False
1785949423.778,64667.71,8e-05,False
1785949423.778,64667.71,8e-05,False
1785949423.778,64667.71,9e-05,False
1785949423.778,64667.71,9e-05,False
1785949423.778,64667.71,8e-05,False
1785949423.778,64667.71,8e-05,False
1785949423.778,64667.71,8e-05,False
1785949423.778,64667.71,8e-05,False
1785949423.778,64667.71,8e-05,False
1785949423.778,64667.71,8e-05,False
1785949423.778,64667.71,8e-05,False
1785949423.778,64667.71,8e-05,False
1785949423.778,64667.71,8e-05,False
1785949423.778,64667.71,8e-05,False
1785949423.778,64667.71,9e-05,False
1785949423.778,64667.71,8e-05,False
1785949423.778,64667.71,8e-05,False
1785949423.778,64667.71,8e-05,False
1785949423.778,64667.71,8e-05,False
1785949423.778,64667.71,8e-05,False
1785949423.778,64667.71,8e-05,False
1785949423.778,64667.72,8e-05,False
1785949423.778,64667.72,8e-05,False
1785949423.778,64667.72,8e-05,False
1785949423.778,64667.72,2e-05,False
1785949423.778,64667.72,6e-05,False
1785949423.778,64667.72,9e-05,False
1785949423.778,64667.72,9e-05,False
1785949423.778,64667.72,8e-05,False
1785949423.778,64667.72,8e-05,False
1785949423.778,64667.72,8e-05,False
1785949423.778,64667.92,8e-05,False
1785949423.778,64667.92,8e-05,False
1785949423.778,64668.0,8e-05,False
1785949423.778,64668.0,0.00355,False
1785949423.778,64668.0,8e-05,False
1785949423.778,64668.0,8e-05,False
1785949423.778,64668.0,8e-05,False
1785949423.778,64668.0,8e-05,False
1785949423.778,64668.18,0.00472,False
1785949423.778,64668.66,8e-05,False
1785949423.778,64669.22,8e-05,False
1785949423.778,64669.22,8e-05,False
1785949423.778,64669.33,8e-05,False
1785949423.778,64669.33,8e-05,False
1785949423.778,64669.33,8e-05,False
1785949423.778,64669.33,8e-05,False
1785949423.778,64669.33,8e-05,False
1785949423.778,64669.48,0.00393,False
1785949423.778,64669.99,9e-05,False
1785949423.778,64669.99,9e-05,False
1785949423.778,64669.99,9e-05,False
1785949423.787,64669.99,0.00541,True
1785949423.947,64669.99,9e-05,True
1785949424.215,64669.99,0.00774,True
1785949424.672,64669.99,0.0001,True
1785949426.045,64670.0,0.00123,False
1785949426.589,64669.99,0.00056,True
1785949427.499,64670.0,0.00334,False
1785949427.703,64669.99,0.00077,True
1785949428.97,64670.0,0.00156,False
1785949429.187,64669.99,0.00069,True
1785949430.048,64669.99,0.00043,True
1785949430.219,64670.0,0.00087,False
1785949430.219,64670.0,8e-05,False
1785949430.219,64670.0,0.00017,False
1785949430.219,64670.0,0.00195,False
1785949430.279,64669.99,0.00123,True
1785949430.673,64670.0,0.00037,False
1785949432.308,64670.0,0.00194,False
1785949432.308,64670.0,0.00311,False
1785949432.308,64670.0,0.00142,False
1785949432.308,64670.0,9e-05,False
1785949432.308,64670.0,9e-05,False
1785949432.308,64670.0,0.0297,False
1785949432.775,64669.99,0.0001,True
1785949433.151,64669.99,8e-05,True
1785949433.151,64669.99,8e-05,True
1785949433.151,64669.99,9e-05,True
1785949433.151,64669.99,8e-05,True
1785949433.151,64669.99,8e-05,True
1785949433.151,64669.99,0.00016,True
1785949433.151,64669.99,8e-05,True
1785949433.151,64669.99,8e-05,True
1785949433.151,64669.99,9e-05,True
1785949433.151,64669.99,9e-05,True
1785949433.151,64669.99,8e-05,True
1785949433.151,64669.99,9e-05,True
1785949433.764,64670.0,0.00299,False
1785949434.851,64669.99,0.0001,True
1785949434.901,64669.99,0.00072,True
1785949434.903,64669.99,0.03909,True
1785949434.903,64669.99,0.0001,True
1785949434.903,64669.99,8e-05,True
1785949434.903,64669.99,8e-05,True
1785949434.903,64669.99,8e-05,True
1785949434.903,64669.99,8e-05,True
1785949434.903,64669.99,8e-05,True
1785949434.903,64669.99,0.00773,True
1785949434.903,64669.99,8e-05,True
1785949434.903,64669.99,8e-05,True
1785949434.903,64669.99,8e-05,True
1785949434.903,64669.99,8e-05,True
1785949434.903,64669.99,9e-05,True
1785949434.903,64669.99,9e-05,True
1785949434.903,64669.99,8e-05,True
1785949434.903,64669.99,8e-05,True
1785949434.903,64669.99,9e-05,True
1785949434.903,64669.99,0.00016,True
1785949434.903,64669.99,8e-05,True
1785949434.903,64669.99,8e-05,True
1785949434.903,64669.99,9e-05,True
1785949434.903,64669.99,8e-05,True
1785949434.903,64669.99,8e-05,True
1785949434.903,64669.99,8e-05,True
1785949434.903,64669.99,8e-05,True
1785949434.903,64669.99,8e-05,True
1785949434.903,64669.99,8e-05,True
1785949434.903,64669.99,8e-05,True
1785949434.903,64669.99,8e-05,True
1785949434.903,64669.98,9e-05,True
1785949434.903,64669.98,9e-05,True
1785949434.903,64669.98,0.00016,True
1785949434.903,64669.98,8e-05,True
1785949434.903,64669.98,8e-05,True
1785949434.903,64669.98,8e-05,True
1785949434.903,64669.98,8e-05,True
1785949434.903,64669.98,8e-05,True
1785949434.903,64669.98,8e-05,True
1785949434.903,64669.98,8e-05,True
1785949434.903,64669.98,8e-05,True
1785949434.903,64669.98,8e-05,True
1785949434.903,64669.98,8e-05,True
1785949434.903,64669.98,8e-05,True
1785949434.903,64669.98,8e-05,True
1785949434.903,64669.97,0.00016,True
1785949434.903,64669.29,0.00461,True
1785949434.903,64668.9,8e-05,True
1785949434.903,64668.66,8e-05,True
1785949434.903,64668.03,0.00299,True
1785949434.903,64668.01,9e-05,True
1785949434.903,64668.01,9e-05,True
1785949434.903,64668.01,9e-05,True
1785949435.739,64668.01,0.00029,False
1785949436.487,64668.0,0.00039,True
1785949438.411,64668.0,0.00355,True
1785949439.21,64668.0,0.00306,True
1785949439.21,64668.0,0.008,True
1785949439.21,64668.0,0.0003,True
1785949440.387,64668.01,0.00059,False
1785949440.637,64668.0,0.00061,True
1785949440.701,64668.01,0.0001,False
1785949440.721,64668.01,0.38734,False
1785949441.518,64668.01,8e-05,False
1785949441.518,64668.01,9e-05,False
1785949441.518,64668.01,8e-05,False
1785949441.518,64668.01,0.00016,False
1785949441.518,64668.01,8e-05,False
1785949441.518,64668.01,8e-05,False
1785949441.518,64668.01,8e-05,False
1785949441.518,64668.01,8e-05,False
1785949441.518,64668.01,0.00084,False
1785949443.173,64668.01,0.00119,False
1785949443.654,64668.01,0.0057,False
1785949443.654,64668.01,8e-05,False
1785949443.654,64668.01,8e-05,False
1785949443.654,64668.01,8e-05,False
1785949443.654,64668.01,8e-05,False
1785949443.654,64668.01,8e-05,False
1785949443.654,64668.01,8e-05,False
1785949443.654,64668.01,8e-05,False
1785949443.654,64668.01,8e-05,False
1785949443.654,64668.01,8e-05,False
1785949443.654,64668.01,8e-05,False
1785949443.654,64668.01,8e-05,False
1785949443.654,64668.01,9e-05,False
1785949443.654,64668.01,8e-05,False
1785949443.654,64668.01,8e-05,False
1785949443.654,64668.01,9e-05,False
1785949443.654,64668.01,9e-05,False
1785949443.654,64668.01,9e-05,False
1785949443.654,64668.01,9e-05,False
1785949443.654,64668.01,8e-05,False
1785949443.654,64668.01,8e-05,False
1785949443.654,64668.01,8e-05,False
1785949443.654,64668.01,9e-05,False
1785949443.654,64668.01,0.00016,False
1785949443.654,64668.01,0.00101,False
1785949443.654,64668.01,8e-05,False
1785949443.654,64668.01,8e-05,False
1785949443.654,64668.01,9e-05,False
1785949443.654,64668.01,9e-05,False
1785949443.654,64668.01,0.00017,False
1785949443.654,64668.01,9e-05,False
1785949443.654,64668.01,9e-05,False
1785949443.654,64668.01,9e-05,False
1785949443.654,64668.01,9e-05,False
1785949443.654,64668.01,9e-05,False
1785949443.654,64668.01,8e-05,False
1785949443.654,64668.01,8e-05,False
1785949443.654,64668.01,8e-05,False
1785949443.654,64668.01,8e-05,False
1785949443.654,64668.01,8e-05,False
1785949443.654,64668.01,8e-05,False
1785949443.654,64668.01,8e-05,False
1785949443.654,64668.01,8e-05,False
1785949443.654,64668.01,8e-05,False
1785949443.654,64668.01,8e-05,False
1785949443.654,64668.01,8e-05,False
1785949443.654,64668.01,8e-05,False
1785949443.654,64668.01,8e-05,False
1785949443.654,64668.01,8e-05,False
1785949443.654,64668.01,8e-05,False
1785949443.654,64668.01,8e-05,False
1785949443.654,64668.01,8e-05,False
1785949443.654,64668.02,9e-05,False
1785949443.654,64668.02,9e-05,False
1785949443.654,64668.02,0.00016,False
1785949443.654,64668.02,8e-05,False
1785949443.654,64668.02,8e-05,False
1785949443.654,64668.02,8e-05,False
1785949443.654,64668.02,8e-05,False
1785949443.654,64668.02,8e-05,False
1785949443.654,64668.02,8e-05,False
1785949443.654,64668.02,8e-05,False
1785949443.654,64668.02,8e-05,False
1785949443.654,64668.03,0.00016,False
1785949443.654,64668.53,0.00159,False
1785949443.654,64668.54,0.00469,False
1785949443.654,64668.64,8e-05,False
1785949443.654,64668.64,8e-05,False
1785949443.654,64668.66,8e-05,False
1785949443.654,64668.67,8e-05,False
1785949443.654,64668.67,8e-05,False
1785949443.654,64668.89,8e-05,False
1785949443.654,64669.53,8e-05,False
1785949443.654,64669.84,0.00391,False
1785949443.654,64669.98,8e-05,False
1785949443.654,64669.98,8e-05,False
1785949443.654,64669.98,8e-05,False
1785949443.654,64669.98,8e-05,False
1785949443.654,64669.98,8e-05,False
1785949443.654,64669.99,9e-05,False
1785949443.654,64669.99,9e-05,False
1785949443.654,64669.99,9e-05,False
1785949444.29,64670.0,0.0001,False
1785949445.115,64669.99,0.0004,True
1785949446.106,64669.99,8e-05,True
1785949446.106,64669.99,2e-05,True
1785949447.306,64670.0,0.00707,False
1785949447.306,64670.0,0.00542,False
1785949447.306,64670.0,8e-05,False
1785949447.306,64670.0,0.00542,False
1785949447.306,64670.0,0.00542,False
1785949447.306,64670.0,0.00016,False
1785949447.306,64670.0,0.00542,False
1785949447.306,64670.0,0.007,False
1785949447.306,64670.0,0.00688,False
1785949447.315,64669.99,6e-05,True
1785949447.315,64669.99,9e-05,True
1785949447.315,64669.99,5e-05,True
1785949448.146,64669.99,0.00011,True
1785949448.146,64669.99,8e-05,True
1785949448.146,64669.99,8e-05,True
1785949448.146,64669.99,8e-05,True
1785949448.146,64669.99,8e-05,True
1785949448.146,64669.99,8e-05,True
1785949448.146,64669.99,8e-05,True
1785949448.146,64669.99,8e-05,True
1785949448.146,64669.99,8e-05,True
1785949448.146,64669.99,8e-05,True
1785949448.146,64669.99,8e-05,True
1785949448.146,64669.99,0.00773,True
1785949448.146,64669.99,0.01276,True
1785949448.147,64669.99,0.0064,True
1785949449.525,64670.0,0.00112,False
1785949449.525,64670.0,0.00091,False
1785949449.525,64670.0,0.00106,False
1785949450.119,64670.0,0.00359,False
1785949450.374,64669.99,0.00032,True
1785949451.014,64669.99,0.00023,True
1785949451.123,64669.99,0.0001,True
1785949451.419,64669.99,0.00016,True
1785949451.542,64669.99,0.00067,True
1785949451.645,64669.99,0.01936,True
1785949451.645,64669.99,8e-05,True
1785949451.645,64669.99,8e-05,True
1785949451.645,64669.99,8e-05,True
1785949451.645,64669.99,0.00128,True
1785949451.645,64669.99,8e-05,True
1785949451.645,64669.99,8e-05,True
1785949451.645,64669.99,0.0001,True
1785949451.645,64669.99,8e-05,True
1785949451.645,64669.99,0.01081,True
1785949451.645,64669.99,9e-05,True
1785949451.645,64669.99,8e-05,True
1785949451.645,64669.99,8e-05,True
1785949451.645,64669.99,8e-05,True
1785949451.645,64669.99,0.00016,True
1785949451.645,64669.99,8e-05,True
1785949451.645,64669.99,8e-05,True
1785949451.645,64669.99,8e-05,True
1785949451.645,64669.99,8e-05,True
1785949451.645,64669.99,8e-05,True
1785949451.645,64669.99,9e-05,True
1785949451.645,64669.99,9e-05,True
1785949451.645,64669.99,0.00012,True
1785949451.645,64669.99,9e-05,True
1785949451.645,64669.99,9e-05,True
1785949451.645,64669.99,9e-05,True
1785949451.645,64669.99,8e-05,True
1785949451.645,64669.99,8e-05,True
1785949451.645,64669.99,8e-05,True
1785949451.645,64669.99,8e-05,True
1785949451.645,64669.99,8e-05,True
1785949451.645,64669.99,8e-05,True
1785949451.645,64669.99,8e-05,True
1785949451.645,64669.99,8e-05,True
1785949451.645,64669.99,8e-05,True
1785949451.645,64669.99,8e-05,True
1785949451.645,64669.99,8e-05,True
1785949451.645,64669.99,8e-05,True
1785949451.645,64669.99,8e-05,True
1785949451.645,64669.99,8e-05,True
1785949451.645,64669.99,8e-05,True
1785949451.645,64669.98,9e-05,True
1785949451.645,64669.98,9e-05,True
1785949451.645,64669.98,0.00016,True
1785949451.645,64669.98,8e-05,True
1785949451.645,64669.98,8e-05,True
1785949451.645,64669.98,8e-05,True
1785949451.645,64669.98,8e-05,True
1785949451.645,64669.98,8e-05,True
1785949451.645,64669.98,8e-05,True
1785949451.645,64669.98,8e-05,True
1785949451.645,64669.97,0.00016,True
1785949451.645,64669.52,8e-05,True
1785949451.645,64669.52,8e-05,True
1785949451.645,64669.52,8e-05,True
1785949451.645,64669.52,8e-05,True
1785949451.645,64669.36,0.00464,True
1785949451.645,64668.9,8e-05,True
1785949451.645,64668.66,8e-05,True
1785949451.645,64668.06,0.00387,True
1785949451.645,64668.01,0.00023,True
1785949451.645,64668.01,9e-05,True
1785949451.645,64668.01,9e-05,True
1785949451.645,64668.01,0.00108,True
1785949451.645,64668.01,9e-05,True
1785949452.583,64668.01,0.00078,False
1785949454.276,64668.01,0.00046,False
1785949455.061,64668.01,0.01233,False
1785949455.286,64668.01,9e-05,False
1785949455.827,64668.01,0.00154,False
1785949456.038,64668.01,0.00079,False
1785949458.863,64668.0,8e-05,True
1785949458.863,64668.0,0.00177,True
1785949459.6,64668.0,0.00016,True
1785949460.676,64668.01,0.00016,False
1785949461.2,64668.01,0.0001,False
1785949461.283,64668.01,0.00019,False
1785949461.298,64668.01,0.00016,False
1785949462.164,64668.01,0.00031,False
1785949463.268,64668.01,0.00016,False
1785949463.464,64668.01,0.00019,False
1785949463.683,64668.01,0.00024,False
1785949463.886,64668.01,0.00031,False
1785949464.374,64668.01,0.00024,False
1785949465.147,64668.01,0.00016,False
1785949465.315,64668.01,0.0016,False
1785949465.546,64668.01,0.00016,False
1785949465.686,64668.01,0.00024,False
1785949466.105,64668.0,0.00155,True
1785949466.226,64668.01,0.00017,False
1785949467.203,64668.0,0.00252,True
1785949467.203,64668.0,8e-05,True
1785949467.203,64668.0,8e-05,True
1785949467.203,64668.0,8e-05,True
1785949467.203,64668.0,8e-05,True
1785949467.203,64668.0,8e-05,True
1785949467.203,64668.0,0.007,True
1785949467.203,64668.0,8e-05,True
1785949467.203,64668.0,0.02067,True
1785949467.399,64668.0,9e-05,True
1785949467.633,64668.01,7e-05,False
1785949471.765,64668.0,8e-05,True
1785949471.765,64668.0,8e-05,True
1785949471.765,64668.0,9e-05,True
1785949471.765,64668.0,0.00438,True
1785949471.926,64668.0,0.01621,True
1785949472.001,64668.0,0.00042,True
1785949472.147,64668.01,0.0009,False
1785949474.768,64668.0,0.01899,True
1785949474.768,64668.0,8e-05,True
1785949474.768,64668.0,8e-05,True
1785949474.768,64668.0,8e-05,True
1785949474.768,64668.0,0.0001,True
1785949474.768,64668.0,0.00016,True
1785949474.768,64668.0,0.008,True
1785949474.768,64668.0,0.005,True
1785949474.768,64668.0,8e-05,True
1785949474.768,64668.0,0.00113,True
1785949474.768,64668.0,8e-05,True
1785949474.768,64668.0,8e-05,True
1785949474.768,64668.0,8e-05,True
1785949474.768,64668.0,0.00132,True
1785949474.768,64668.0,8e-05,True
1785949474.768,64668.0,8e-05,True
1785949474.768,64668.0,8e-05,True
1785949474.768,64668.0,8e-05,True
1785949474.768,64668.0,0.1589,True
1785949474.768,64668.0,8e-05,True
1785949474.768,64668.0,8e-05,True
1785949474.768,64668.0,9e-05,True
1785949474.768,64668.0,0.0043,True
1785949474.768,64668.0,8e-05,True
1785949474.768,64668.0,8e-05,True
1785949474.768,64668.0,0.0015,True
1785949474.768,64668.0,0.022,True
1785949474.768,64668.0,1.1747,True
1785949474.768,64668.0,0.00069,True
1785949474.768,64668.0,0.00048,True
1785949474.768,64668.0,0.0002,True
1785949474.768,64668.0,0.0002,True
1785949474.768,64668.0,0.0002,True
1785949474.768,64668.0,8e-05,True
1785949474.768,64668.0,0.0002,True
1785949474.768,64668.0,0.0002,True
1785949474.768,64668.0,0.0002,True
1785949474.768,64668.0,0.0002,True
1785949474.768,64668.0,0.0002,True
1785949474.768,64668.0,0.3879,True
1785949474.768,64668.0,8e-05,True
1785949474.768,64668.0,8e-05,True
1785949474.768,64668.0,8e-05,True
1785949474.768,64668.0,8e-05,True
1785949474.768,64668.0,9e-05,True
1785949474.768,64668.0,9e-05,True
1785949474.768,64668.0,8e-05,True
1785949474.768,64668.0,8e-05,True
1785949474.768,64668.0,8e-05,True
1785949474.768,64668.0,0.00047,True
1785949474.768,64668.0,8e-05,True
1785949474.768,64668.0,8e-05,True
1785949474.768,64668.0,0.4416,True
1785949474.768,64668.0,8e-05,True
1785949474.768,64668.0,8e-05,True
1785949474.768,64668.0,8e-05,True
1785949474.768,64668.0,8e-05,True
1785949474.768,64668.0,8e-05,True
1785949474.768,64668.0,8e-05,True
1785949474.768,64667.99,9e-05,True
1785949474.768,64667.99,8e-05,True
1785949474.768,64667.99,9e-05,True
1785949474.768,64667.99,8e-05,True
1785949474.768,64667.99,8e-05,True
1785949474.768,64667.99,8e-05,True
1785949474.768,64667.99,0.00016,True
1785949474.768,64667.99,8e-05,True
1785949474.768,64667.99,8e-05,True
1785949474.768,64667.99,8e-05,True
1785949474.768,64667.99,8e-05,True
1785949474.768,64667.99,8e-05,True
1785949474.768,64667.99,8e-05,True
1785949474.768,64667.98,0.00016,True
1785949474.768,64667.71,8e-05,True
1785949474.768,64667.71,8e-05,True
1785949474.768,64667.7,8e-05,True
1785949474.768,64667.7,8e-05,True
1785949474.768,64667.7,8e-05,True
1785949474.768,64667.7,8e-05,True
1785949474.768,64667.7,8e-05,True
1785949474.768,64667.7,8e-05,True
1785949474.768,64667.7,8e-05,True
1785949474.768,64667.7,8e-05,True
1785949474.768,64667.7,8e-05,True
1785949474.768,64667.7,8e-05,True
1785949474.768,64667.23,0.00458,True
1785949474.768,64667.06,0.00188,True
1785949474.768,64667.04,8e-05,True
1785949474.768,64667.04,8e-05,True
1785949474.768,64666.99,9e-05,True
1785949474.768,64666.99,9e-05,True
1785949474.768,64666.99,9e-05,True
1785949474.768,64666.98,9e-05,True
1785949474.768,64666.98,9e-05,True
1785949474.768,64666.98,0.02896,True
1785949474.768,64666.98,9e-05,True
1785949474.768,64666.98,9e-05,True
1785949474.768,64666.98,9e-05,True
1785949474.768,64666.97,0.05655,True
1785949474.768,64666.97,9e-05,True
1785949474.768,64666.97,9e-05,True
1785949474.768,64666.64,8e-05,True
1785949474.768,64666.64,8e-05,True
1785949474.768,64666.54,8e-05,True
1785949474.768,64666.41,0.00023,True
1785949474.768,64666.4,8e-05,True
1785949474.768,64666.4,8e-05,True
1785949474.768,64666.4,8e-05,True
1785949474.768,64666.4,8e-05,True
1785949474.768,64666.4,8e-05,True
1785949474.768,64666.19,0.01253,True
1785949474.768,64666.19,9e-05,True
1785949474.768,64666.19,9e-05,True
1785949474.768,64666.01,8e-05,True
1785949474.768,64666.01,0.00463,True
1785949474.768,64666.01,9e-05,True
1785949474.768,64666.01,9e-05,True
1785949474.768,64666.01,9e-05,True
1785949474.768,64666.01,9e-05,True
1785949474.768,64666.01,8e-05,True
1785949474.768,64666.01,9e-05,True
1785949474.768,64666.0,0.007,True
1785949474.768,64666.0,8e-05,True
1785949474.768,64666.0,0.005,True
1785949474.768,64666.0,0.008,True
1785949474.768,64666.0,0.006,True
1785949474.768,64666.0,9e-05,True
1785949474.768,64666.0,9e-05,True
1785949474.768,64666.0,8e-05,True
1785949474.768,64665.99,8e-05,True
1785949474.768,64665.99,8e-05,True
1785949474.768,64665.99,8e-05,True
1785949474.768,64665.99,8e-05,True
1785949474.768,64665.99,8e-05,True
1785949474.768,64665.93,0.00381,True
1785949474.768,64665.89,8e-05,True
1785949474.768,64665.89,8e-05,True
1785949474.768,64665.89,8e-05,True
1785949474.768,64665.89,8e-05,True
1785949474.768,64665.89,8e-05,True
1785949474.768,64665.64,9e-05,True
1785949474.768,64665.64,9e-05,True
1785949474.768,64665.64,9e-05,True
1785949474.768,64665.63,0.01652,True
1785949474.768,64665.63,9e-05,True
1785949474.768,64665.63,9e-05,True
1785949474.768,64665.58,8e-05,True
1785949474.768,64665.58,8e-05,True
1785949474.768,64665.58,8e-05,True
1785949474.768,64665.58,8e-05,True
1785949474.768,64665.58,8e-05,True
1785949474.768,64665.54,0.004,True
1785949474.768,64665.52,8e-05,True
1785949474.768,64665.52,8e-05,True
1785949474.768,64665.45,8e-05,True
1785949474.768,64665.45,8e-05,True
1785949474.768,64665.33,9e-05,True
1785949474.768,64665.32,0.00185,True
1785949474.768,64665.32,0.0167,True
1785949474.768,64665.32,9e-05,True
1785949474.768,64665.32,9e-05,True
1785949474.768,64665.24,8e-05,True
1785949474.768,64665.24,8e-05,True
1785949474.768,64665.24,8e-05,True
1785949474.768,64665.24,8e-05,True
1785949474.768,64665.24,8e-05,True
1785949474.768,64665.0,0.00032,True
1785949474.768,64664.64,0.00305,True
1785949474.768,64664.56,8e-05,True
1785949474.768,64664.56,8e-05,True
1785949474.768,64664.47,8e-05,True
1785949474.768,64664.18,0.01547,True
1785949474.768,64664.18,9e-05,True
1785949474.768,64664.18,9e-05,True
1785949474.768,64664.11,0.00337,True
1785949474.768,64664.08,0.0001,True
1785949474.768,64664.07,0.0124,True
1785949474.768,64664.01,0.04115,True
1785949474.768,64664.01,0.07517,True
1785949474.768,64664.0,0.00017,True
1785949474.768,64664.0,0.00405,True
1785949474.768,64664.0,0.01964,True
1785949474.768,64664.0,0.006,True
1785949474.768,64664.0,0.008,True
1785949474.768,64664.0,0.007,True
1785949474.768,64664.0,0.005,True
1785949474.768,64663.92,0.004,True
1785949474.768,64663.68,0.00019,True
1785949474.768,64663.36,8e-05,True
1785949474.768,64663.34,0.00229,True
1785949474.768,64663.12,0.00385,True
1785949474.768,64662.89,0.01547,True
1785949474.768,64662.4,8e-05,True
1785949474.768,64662.35,0.00639,True
1785949474.768,64662.31,0.01697,True
1785949474.768,64662.3,0.004,True
1785949474.768,64662.24,8e-05,True
1785949474.768,64662.24,8e-05,True
1785949474.768,64662.05,0.00152,True
1785949474.768,64662.0,0.007,True
1785949474.768,64662.0,0.005,True
1785949474.768,64662.0,0.006,True
1785949474.768,64662.0,0.008,True
1785949474.768,64662.0,8e-05,True
1785949474.768,64661.96,0.01261,True
1785949474.768,64661.91,8e-05,True
1785949474.768,64661.7,0.00012,True
1785949474.768,64661.54,0.01547,True
1785949474.768,64661.53,9e-05,True
1785949474.768,64661.53,0.27,True
1785949474.768,64661.51,8e-05,True
1785949474.768,64661.37,9e-05,True
1785949474.768,64660.77,8e-05,True
1785949474.768,64660.68,0.004,True
1785949474.768,64660.38,0.00048,True
1785949474.768,64660.33,8e-05,True
1785949474.768,64660.27,0.024,True
1785949474.768,64660.25,0.00011,True
1785949474.768,64660.24,0.06185,True
1785949474.768,64660.23,0.022,True
1785949474.768,64660.0,0.01,True
1785949474.768,64660.0,0.007,True
1785949474.768,64660.0,0.005,True
1785949474.768,64660.0,0.006,True
1785949474.768,64660.0,0.008,True
1785949474.786,64659.99,0.00313,True
1785949474.794,64659.99,0.00036,True
1785949475.463,64660.0,0.00309,False
1785949476.062,64659.99,0.0001,True
1785949477.292,64660.0,0.03677,False
1785949478.138,64659.99,0.0004,True
1785949478.138,64660.0,0.00174,False
1785949479.295,64660.0,0.00012,False
1785949479.295,64660.0,0.00785,False
1785949480.247,64659.99,8e-05,True
1785949480.247,64659.99,9e-05,True
1785949480.247,64659.99,0.00016,True
1785949480.247,64659.99,8e-05,True
1785949480.247,64659.99,8e-05,True
1785949480.247,64659.99,8e-05,True
1785949480.247,64659.99,8e-05,True
1785949480.247,64659.99,8e-05,True
1785949480.247,64659.99,0.00201,True
1785949482.622,64659.99,0.00077,True
1785949483.848,64660.0,0.001,False
1785949483.877,64659.99,0.00023,True
1785949483.878,64660.0,0.00023,False
1785949484.815,64660.0,0.00029,False
1785949484.946,64659.99,0.00062,True
1785949485.778,64659.99,0.02624,True
1785949486.127,64659.99,0.00592,True
1785949486.26,64659.99,0.00046,True
1785949487.576,64659.99,0.00244,True
1785949488.5,64659.99,0.00131,True
1785949488.5,64659.99,0.00016,True
1785949488.5,64659.99,0.00219,True
1785949489.29,64660.0,0.01547,False
1785949491.618,64659.99,0.00046,True
1785949492.421,64659.99,0.01686,True
1785949494.386,64659.99,0.0001,True
1785949494.415,64660.0,0.0002,False
1785949495.187,64659.99,0.00014,True
1785949498.057,64660.0,0.02103,False
1785949498.445,64660.0,0.00043,False
1785949498.944,64659.99,0.00029,True
1785949499.438,64659.99,0.0001,True
1785949500.198,64659.99,0.00463,True
1785949501.537,64659.99,0.0079,True
1785949501.737,64659.99,0.0001,True
1785949501.868,64659.99,0.004,True
1785949501.886,64659.99,0.24767,True
1785949501.886,64659.99,0.0001,True
1785949501.886,64659.99,8e-05,True
1785949501.886,64659.99,8e-05,True
1785949501.886,64659.99,9e-05,True
1785949501.886,64659.99,0.00016,True
1785949501.886,64659.99,8e-05,True
1785949501.886,64659.99,8e-05,True
1785949501.886,64659.99,8e-05,True
1785949501.886,64659.99,8e-05,True
1785949501.886,64659.99,8e-05,True
1785949501.886,64659.99,8e-05,True
1785949501.886,64659.99,0.00015,True
1785949501.886,64659.99,0.02659,True
1785949501.886,64659.99,0.00341,True
1785949501.886,64659.99,8e-05,True
1785949501.886,64659.99,8e-05,True
1785949501.886,64659.99,8e-05,True
1785949501.886,64659.99,8e-05,True
1785949501.886,64659.99,8e-05,True
1785949501.886,64659.99,8e-05,True
1785949501.886,64659.99,8e-05,True
1785949501.886,64659.99,8e-05,True
1785949501.886,64659.99,8e-05,True
1785949501.886,64659.99,8e-05,True
1785949501.886,64659.99,8e-05,True
1785949501.886,64659.99,8e-05,True
1785949501.886,64659.99,9e-05,True
1785949501.886,64659.99,9e-05,True
1785949501.886,64659.99,9e-05,True
1785949501.886,64659.99,9e-05,True
1785949501.886,64659.99,9e-05,True
1785949501.886,64659.99,9e-05,True
1785949501.886,64659.99,0.01546,True
1785949501.886,64659.99,0.0003,True
1785949501.886,64659.99,9e-05,True
1785949501.886,64659.99,9e-05,True
1785949501.886,64659.99,0.0059,True
1785949501.886,64659.99,8e-05,True
1785949501.886,64659.99,8e-05,True
1785949501.886,64659.99,8e-05,True
1785949501.886,64659.99,9e-05,True
1785949501.886,64659.99,8e-05,True
1785949501.886,64659.99,8e-05,True
1785949501.886,64659.99,8e-05,True
1785949501.886,64659.99,8e-05,True
1785949501.886,64659.99,8e-05,True
1785949501.886,64659.99,8e-05,True
1785949501.886,64659.99,8e-05,True
1785949501.886,64659.99,8e-05,True
1785949501.886,64659.99,8e-05,True
1785949501.886,64659.99,8e-05,True
1785949501.886,64659.98,0.00016,True
1785949501.886,64659.98,9e-05,True
1785949501.886,64659.98,9e-05,True
1785949501.886,64659.98,8e-05,True
1785949501.886,64659.98,8e-05,True
1785949501.886,64659.98,8e-05,True
1785949501.886,64659.98,8e-05,True
1785949501.886,64659.98,8e-05,True
1785949501.886,64659.98,8e-05,True
1785949501.886,64659.98,8e-05,True
1785949501.886,64659.97,0.00023,True
1785949501.886,64659.97,8e-05,True
1785949501.886,64659.97,0.00016,True
1785949501.886,64659.97,8e-05,True
1785949501.886,64659.97,8e-05,True
1785949501.886,64659.97,8e-05,True
1785949501.886,64659.96,0.0025,True
1785949501.886,64659.84,9e-05,True
1785949501.886,64659.54,8e-05,True
1785949501.886,64659.54,8e-05,True
1785949501.886,64659.03,8e-05,True
1785949501.886,64659.01,0.00023,True
1785949501.886,64658.98,0.00446,True
1785949501.887,64658.14,9e-05,True
1785949501.887,64658.11,0.00231,True
1785949501.887,64658.08,8e-05,True
1785949501.887,64658.08,8e-05,True
1785949501.887,64658.08,8e-05,True
1785949501.887,64658.08,8e-05,True
1785949501.887,64658.08,8e-05,True
1785949501.887,64658.07,8e-05,True
1785949501.887,64658.07,8e-05,True
1785949501.887,64658.07,8e-05,True
1785949501.887,64658.07,8e-05,True
1785949501.887,64658.07,8e-05,True
1785949501.887,64658.01,9e-05,True
1785949501.887,64658.01,9e-05,True
1785949501.887,64658.01,9e-05,True
1785949501.887,64658.0,0.008,True
1785949501.887,64658.0,0.00453,True
1785949501.887,64658.0,0.00247,True
1785949501.887,64658.0,0.005,True
1785949501.887,64658.0,0.006,True
1785949501.887,64658.0,9e-05,True
1785949501.887,64658.0,9e-05,True
1785949501.887,64657.68,0.00372,True
1785949501.887,64657.22,0.00019,True
1785949501.888,64656.39,0.00298,True
1785949501.89,64656.25,0.00771,True
1785949501.89,64656.25,9e-05,True
1785949501.89,64656.25,9e-05,True
1785949501.89,64656.25,8e-05,True
1785949501.89,64656.25,8e-05,True
1785949501.89,64656.25,8e-05,True
1785949501.89,64656.25,8e-05,True
1785949501.89,64656.25,8e-05,True
1785949501.89,64656.25,8e-05,True
1785949501.89,64656.12,0.00607,True
1785949501.89,64656.12,9e-05,True
1785949501.89,64656.12,9e-05,True
1785949501.89,64656.01,9e-05,True
1785949501.89,64656.01,9e-05,True
1785949501.89,64656.01,9e-05,True
1785949501.892,64656.0,0.005,True
1785949501.892,64656.0,0.007,True
1785949501.892,64656.0,0.006,True
1785949501.892,64656.0,0.008,True
1785949501.892,64656.0,9e-05,True
1785949501.892,64656.0,9e-05,True
1785949501.892,64655.82,8e-05,True
1785949501.892,64656.01,0.00033,False
1785949501.895,64655.33,9e-05,True
1785949501.895,64655.33,9e-05,True
1785949501.895,64655.33,8e-05,True
1785949501.895,64655.33,8e-05,True
1785949501.895,64655.33,8e-05,True
1785949501.895,64655.33,8e-05,True
1785949501.895,64655.33,9e-05,True
1785949501.895,64655.33,8e-05,True
1785949501.898,64655.32,8e-05,True
1785949501.898,64655.32,8e-05,True
1785949501.898,64655.32,9e-05,True
1785949501.898,64655.32,8e-05,True
1785949501.898,64655.32,8e-05,True
1785949501.898,64655.32,8e-05,True
1785949501.898,64655.32,8e-05,True
1785949501.898,64655.32,8e-05,True
1785949501.898,64655.32,8e-05,True
1785949501.898,64655.32,8e-05,True
1785949501.898,64655.32,8e-05,True
1785949501.898,64655.32,8e-05,True
1785949501.898,64655.32,8e-05,True
1785949501.898,64655.32,8e-05,True
1785949501.898,64655.32,8e-05,True
1785949501.898,64655.32,8e-05,True
1785949501.898,64655.31,9e-05,True
1785949501.898,64655.31,9e-05,True
1785949501.898,64655.31,8e-05,True
1785949501.898,64655.31,8e-05,True
1785949501.898,64655.29,0.00012,True
1785949501.9,64655.11,0.00031,False
1785949501.905,64655.1,0.00223,True
1785949501.905,64655.1,8e-05,True
1785949501.905,64655.1,8e-05,True
1785949501.905,64655.1,8e-05,True
1785949501.905,64655.1,8e-05,True
1785949501.905,64655.1,8e-05,True
1785949501.905,64655.1,8e-05,True
1785949501.905,64655.1,8e-05,True
1785949501.905,64655.1,8e-05,True
1785949501.905,64655.1,8e-05,True
1785949501.905,64655.1,8e-05,True
1785949501.905,64655.1,8e-05,True
1785949501.905,64655.1,8e-05,True
1785949501.905,64655.1,8e-05,True
1785949501.905,64655.1,8e-05,True
1785949501.905,64655.1,8e-05,True
1785949501.905,64655.1,8e-05,True
1785949501.905,64655.1,8e-05,True
1785949501.905,64655.1,8e-05,True
1785949501.905,64655.1,8e-05,True
1785949501.905,64655.09,9e-05,True
1785949501.905,64655.09,8e-05,True
1785949501.905,64655.09,9e-05,True
1785949501.905,64655.09,8e-05,True
1785949501.905,64655.09,8e-05,True
1785949501.905,64655.09,8e-05,True
1785949501.905,64655.09,8e-05,True
1785949501.905,64655.09,8e-05,True
1785949501.905,64655.09,8e-05,True
1785949501.905,64654.94,9e-05,True
1785949501.905,64654.94,9e-05,True
1785949501.905,64654.94,9e-05,True
1785949501.905,64654.94,0.00029,False
1785949501.909,64654.93,0.00045,True
1785949501.912,64654.93,0.01233,True
1785949501.912,64654.93,9e-05,True
1785949501.912,64654.93,9e-05,True
1785949501.912,64654.93,0.02288,True
1785949501.912,64654.93,8e-05,True
1785949501.912,64654.93,8e-05,True
1785949501.912,64654.93,8e-05,True
1785949501.912,64654.93,8e-05,True
1785949501.912,64654.93,8e-05,True
1785949501.912,64654.93,8e-05,True
1785949501.912,64654.93,8e-05,True
1785949501.912,64654.93,8e-05,True
1785949501.912,64654.93,8e-05,True
1785949501.912,64654.93,8e-05,True
1785949501.912,64654.93,8e-05,True
1785949501.912,64654.93,8e-05,True
1785949501.912,64654.93,8e-05,True
1785949501.912,64654.93,8e-05,True
1785949501.912,64654.93,8e-05,True
1785949501.912,64654.93,8e-05,True
1785949501.912,64654.93,8e-05,True
1785949501.912,64654.92,9e-05,True
1785949501.912,64654.92,9e-05,True
1785949501.912,64654.92,8e-05,True
1785949501.912,64654.92,8e-05,True
1785949501.912,64654.92,8e-05,True
1785949501.912,64654.92,8e-05,True
1785949501.912,64654.92,8e-05,True
1785949501.912,64654.92,8e-05,True
1785949501.912,64654.92,8e-05,True
1785949501.912,64654.91,9e-05,True
1785949501.913,64654.74,0.00027,False
1785949501.915,64654.54,9e-05,True
1785949501.915,64654.54,9e-05,True
1785949501.915,64654.54,8e-05,True
1785949501.915,64654.54,8e-05,True
1785949501.915,64654.54,9e-05,True
1785949501.915,64654.54,8e-05,True
1785949501.915,64654.54,8e-05,True
1785949501.916,64654.54,0.00023,False
1785949501.917,64654.53,9e-05,True
1785949501.917,64654.53,9e-05,True
1785949501.917,64654.53,8e-05,True
1785949501.917,64654.53,8e-05,True
1785949501.917,64654.53,8e-05,True
1785949501.917,64654.53,8e-05,True
1785949501.917,64654.01,9e-05,True
1785949501.917,64654.01,9e-05,True
1785949501.917,64654.01,9e-05,True
1785949501.917,64654.0,0.005,True
1785949501.917,64654.0,0.007,True
1785949501.917,64654.0,0.006,True
1785949501.917,64654.0,0.008,True
1785949501.917,64654.0,9e-05,True
1785949501.917,64654.0,9e-05,True
1785949501.917,64653.91,8e-05,True
1785949501.917,64653.8,0.00149,True
1785949501.917,64653.12,9e-05,True
1785949501.917,64652.61,8e-05,True
1785949501.917,64652.42,0.00048,True
1785949501.917,64652.06,8e-05,True
1785949501.917,64652.01,9e-05,True
1785949501.917,64652.01,9e-05,True
1785949501.917,64652.01,9e-05,True
1785949501.917,64652.0,0.005,True
1785949501.917,64652.0,0.007,True
1785949501.917,64652.0,0.006,True
1785949501.917,64652.0,0.008,True
1785949501.917,64652.0,9e-05,True
1785949501.917,64652.0,9e-05,True
1785949501.917,64651.79,0.0007,True
1785949501.917,64651.75,0.00048,True
1785949501.917,64651.69,0.00188,True
1785949501.917,64651.68,9e-05,True
1785949501.917,64651.43,8e-05,True
1785949501.917,64651.43,8e-05,True
1785949501.917,64651.38,9e-05,True
1785949501.917,64651.38,9e-05,True
1785949501.917,64651.38,9e-05,True
1785949501.933,64651.37,8e-05,True
1785949501.933,64651.37,9e-05,True
1785949501.933,64651.37,9e-05,True
1785949501.933,64651.37,8e-05,True
1785949501.933,64651.37,8e-05,True
1785949501.933,64651.37,8e-05,True
1785949501.933,64651.37,8e-05,True
1785949501.933,64651.37,8e-05,True
1785949501.933,64651.37,8e-05,True
1785949501.933,64651.37,8e-05,True
1785949501.933,64651.37,8e-05,True
1785949501.933,64651.37,8e-05,True
1785949501.933,64651.37,2e-05,True
1785949503.291,64651.37,8e-05,True
1785949503.291,64651.37,0.00063,True
1785949505.286,64651.38,0.00012,False
1785949506.156,64651.37,0.005,True
1785949506.156,64651.37,8e-05,True
1785949506.156,64651.37,9e-05,True
1785949506.156,64651.37,8e-05,True
1785949506.156,64651.37,9e-05,True
1785949506.156,64651.37,9e-05,True
1785949506.156,64651.37,8e-05,True
1785949506.156,64651.37,8e-05,True
1785949506.156,64651.37,8e-05,True
1785949506.156,64651.37,0.00017,True
1785949506.156,64651.37,8e-05,True
1785949506.156,64651.37,8e-05,True
1785949506.156,64651.37,8e-05,True
1785949506.156,64651.37,8e-05,True
1785949506.156,64651.37,0.00016,True
1785949506.156,64651.37,0.03,True
1785949506.156,64651.37,8e-05,True
1785949506.156,64651.37,8e-05,True
1785949506.156,64651.37,8e-05,True
1785949506.156,64651.37,8e-05,True
1785949506.156,64651.37,0.00012,True
1785949506.156,64651.37,8e-05,True
1785949506.156,64651.37,0.0001,True
1785949506.156,64651.37,0.00125,True
1785949506.156,64651.37,8e-05,True
1785949506.156,64651.37,8e-05,True
1785949506.156,64651.37,8e-05,True
1785949506.156,64651.37,8e-05,True
1785949506.156,64651.37,0.01079,True
1785949506.156,64651.37,8e-05,True
1785949506.156,64651.37,9e-05,True
1785949506.156,64651.37,8e-05,True
1785949506.156,64651.37,8e-05,True
1785949506.156,64651.37,8e-05,True
1785949506.156,64651.37,8e-05,True
1785949506.156,64651.37,8e-05,True
1785949506.156,64651.37,8e-05,True
1785949506.156,64651.37,8e-05,True
1785949506.156,64651.36,9e-05,True
1785949506.156,64651.36,8e-05,True
1785949506.156,64651.36,9e-05,True
1785949506.156,64651.36,8e-05,True
1785949506.156,64651.36,8e-05,True
1785949506.156,64651.36,8e-05,True
1785949506.156,64651.36,0.00016,True
1785949506.156,64651.36,8e-05,True
1785949506.156,64651.36,8e-05,True
1785949506.156,64651.36,8e-05,True
1785949506.156,64651.36,8e-05,True
1785949506.156,64651.35,0.00016,True
1785949506.156,64650.76,0.00019,True
1785949506.156,64650.66,8e-05,True
1785949506.156,64650.66,8e-05,True
1785949506.156,64650.66,8e-05,True
1785949506.156,64650.66,8e-05,True
1785949506.156,64650.66,8e-05,True
1785949506.156,64650.66,8e-05,True
1785949506.156,64650.51,0.00023,True
1785949506.156,64650.13,0.00435,True
1785949506.156,64650.01,9e-05,True
1785949506.156,64650.01,9e-05,True
1785949506.156,64650.01,9e-05,True
1785949506.248,64650.0,0.00021,True
1785949507.183,64650.01,0.00031,False
1785949507.307,64650.01,0.03751,False
1785949508.499,64650.0,0.00479,True
1785949508.499,64650.0,0.00108,True
1785949508.959,64650.01,0.39142,False
1785949508.972,64650.01,9e-05,False
1785949508.972,64650.01,1e-05,False
1785949508.995,64650.01,8e-05,False
1785949508.995,64650.01,0.00491,False
1785949508.995,64650.01,8e-05,False
1785949508.995,64650.01,8e-05,False
1785949508.995,64650.01,8e-05,False
1785949508.995,64650.01,0.00773,False
1785949508.995,64650.01,8e-05,False
1785949508.995,64650.01,0.0007,False
1785949508.995,64650.01,9e-05,False
1785949508.995,64650.01,8e-05,False
1785949508.995,64650.01,8e-05,False
1785949508.995,64650.01,0.00495,False
1785949508.995,64650.01,0.00017,False
1785949508.995,64650.01,8e-05,False
1785949508.995,64650.01,8e-05,False
1785949508.995,64650.01,8e-05,False
1785949508.995,64650.01,8e-05,False
1785949508.995,64650.01,9e-05,False
1785949508.995,64650.01,0.001,False
1785949508.995,64650.01,8e-05,False
1785949508.995,64650.01,8e-05,False
1785949508.995,64650.01,8e-05,False
1785949508.995,64650.01,9e-05,False
1785949508.995,64650.01,9e-05,False
1785949508.995,64650.01,8e-05,False
1785949508.995,64650.01,8e-05,False
1785949508.995,64650.01,9e-05,False
1785949508.995,64650.01,8e-05,False
1785949508.995,64650.01,8e-05,False
1785949508.995,64650.01,8e-05,False
1785949508.995,64650.01,8e-05,False
1785949508.995,64650.01,8e-05,False
1785949508.995,64650.01,8e-05,False
1785949508.995,64650.01,8e-05,False
1785949508.995,64650.01,8e-05,False
1785949508.995,64650.01,8e-05,False
1785949508.995,64650.01,8e-05,False
1785949508.995,64650.01,8e-05,False
1785949508.995,64650.01,8e-05,False
1785949508.995,64650.01,8e-05,False
1785949508.995,64650.02,9e-05,False
1785949508.995,64650.02,9e-05,False
1785949508.995,64650.02,8e-05,False
1785949508.995,64650.02,8e-05,False
1785949508.995,64650.02,8e-05,False
1785949508.995,64650.02,8e-05,False
1785949508.995,64650.02,7e-05,False
1785949509.011,64650.02,1e-05,False
1785949509.011,64650.02,8e-05,False
1785949509.011,64650.02,9e-05,False
1785949509.011,64650.02,8e-05,False
1785949509.011,64650.02,9e-05,False
1785949509.011,64650.02,8e-05,False
1785949509.011,64650.02,8e-05,False
1785949509.011,64650.02,8e-05,False
1785949509.011,64650.02,8e-05,False
1785949509.011,64650.02,8e-05,False
1785949509.011,64650.02,8e-05,False
1785949509.011,64650.02,8e-05,False
1785949509.011,64650.02,8e-05,False
1785949509.011,64650.02,8e-05,False
1785949509.011,64650.02,8e-05,False
1785949509.011,64650.02,8e-05,False
1785949509.011,64650.02,8e-05,False
1785949509.011,64650.02,0.00016,False
1785949509.011,64650.02,9e-05,False
1785949509.011,64650.02,9e-05,False
1785949509.011,64650.02,9e-05,False
1785949509.011,64650.02,8e-05,False
1785949509.011,64650.03,0.00016,False
1785949509.011,64650.03,8e-05,False
1785949509.011,64650.03,8e-05,False
1785949509.011,64650.03,8e-05,False
1785949509.011,64650.03,8e-05,False
1785949509.011,64650.03,8e-05,False
1785949509.011,64650.03,9e-05,False
1785949509.011,64650.03,9e-05,False
1785949509.011,64650.04,0.00016,False
1785949509.011,64651.31,0.00412,False
1785949509.035,64651.36,8e-05,False
1785949509.035,64651.36,9e-05,False
1785949509.035,64651.36,8e-05,False
1785949509.035,64651.36,8e-05,False
1785949509.035,64651.36,8e-05,False
1785949509.035,64651.36,0.0002,False
1785949509.035,64651.36,0.1589,False
1785949509.035,64651.36,8e-05,False
1785949509.035,64651.36,8e-05,False
1785949509.035,64651.36,0.10791,False
1785949509.038,64651.36,8e-05,False
1785949509.038,64651.36,8e-05,False
1785949509.038,64651.36,8e-05,False
1785949509.038,64651.36,8e-05,False
1785949509.038,64651.36,8e-05,False
1785949509.038,64651.36,8e-05,False
1785949509.038,64651.36,0.00016,False
1785949509.038,64651.36,9e-05,False
1785949509.038,64651.36,9e-05,False
1785949509.038,64651.36,9e-05,False
1785949509.038,64651.36,9e-05,False
1785949509.038,64651.36,8e-05,False
1785949509.038,64651.36,8e-05,False
1785949509.038,64651.36,9e-05,False
1785949509.038,64651.36,0.11327,False
1785949509.447,64651.36,8e-05,False
1785949509.447,64651.36,8e-05,False
1785949509.805,64651.36,8e-05,False
1785949509.805,64651.36,9e-05,False
1785949509.805,64651.36,0.00016,False
1785949509.805,64651.36,9e-05,False
1785949509.805,64651.36,9e-05,False
1785949509.805,64651.36,9e-05,False
1785949509.805,64651.36,8e-05,False
1785949509.805,64651.36,8e-05,False
1785949509.805,64651.36,8e-05,False
1785949509.805,64651.36,8e-05,False
1785949509.805,64651.36,8e-05,False
1785949509.805,64651.36,8e-05,False
1785949509.805,64651.36,8e-05,False
1785949509.805,64651.36,8e-05,False
1785949509.805,64651.36,8e-05,False
1785949509.805,64651.36,8e-05,False
1785949509.805,64651.36,8e-05,False
1785949509.805,64651.36,9e-05,False
1785949509.805,64651.36,0.00017,False
1785949509.805,64651.36,8e-05,False
1785949509.805,64651.37,9e-05,False
1785949509.805,64651.37,9e-05,False
1785949509.805,64651.37,8e-05,False
1785949509.805,64651.37,8e-05,False
1785949509.805,64651.37,9e-05,False
1785949509.805,64651.37,9e-05,False
1785949509.805,64651.37,0.00016,False
1785949509.805,64651.37,8e-05,False
1785949509.805,64651.37,8e-05,False
1785949509.805,64651.37,8e-05,False
1785949509.805,64651.37,8e-05,False
1785949509.805,64651.37,8e-05,False
1785949509.805,64651.37,8e-05,False
1785949509.805,64651.37,9e-05,False
1785949509.821,64651.38,8e-05,False
1785949509.821,64651.38,8e-05,False
1785949509.821,64651.38,0.01391,False
1785949509.821,64651.38,0.00016,False
1785949509.821,64651.38,0.00276,False
1785949509.821,64651.38,9e-05,False
1785949509.821,64651.38,9e-05,False
1785949509.821,64651.38,8e-05,False
1785949509.821,64651.38,9e-05,False
1785949509.821,64651.38,9e-05,False
1785949509.821,64651.38,8e-05,False
1785949509.821,64651.38,8e-05,False
1785949509.821,64651.38,8e-05,False
1785949509.821,64651.38,8e-05,False
1785949509.821,64651.38,8e-05,False
1785949509.821,64651.38,8e-05,False
1785949509.821,64651.38,8e-05,False
1785949509.821,64651.38,8e-05,False
1785949509.821,64651.38,8e-05,False
1785949509.821,64651.38,8e-05,False
1785949509.821,64651.38,8e-05,False
1785949509.821,64651.38,9e-05,False
1785949509.821,64651.38,8e-05,False
1785949509.821,64651.38,8e-05,False
1785949509.821,64651.38,8e-05,False
1785949509.821,64651.38,8e-05,False
1785949509.821,64651.38,8e-05,False
1785949509.821,64651.38,8e-05,False
1785949509.821,64651.38,8e-05,False
1785949509.821,64651.38,8e-05,False
1785949509.821,64651.38,8e-05,False
1785949509.821,64651.38,8e-05,False
1785949509.821,64651.39,8e-05,False
1785949509.821,64651.39,8e-05,False
1785949509.821,64651.39,8e-05,False
1785949509.821,64651.39,8e-05,False
1785949509.821,64651.39,8e-05,False
1785949509.821,64651.39,8e-05,False
1785949509.821,64651.39,9e-05,False
1785949509.821,64651.39,9e-05,False
1785949509.821,64651.5,0.00456,False
1785949509.826,64651.5,0.00032,False
1785949509.826,64651.5,8e-05,False
1785949509.826,64651.5,8e-05,False
1785949509.826,64651.5,9e-05,False
1785949509.826,64651.5,8e-05,False
1785949509.826,64651.5,9e-05,False
1785949509.826,64651.5,8e-05,False
1785949509.826,64651.5,8e-05,False
1785949509.826,64651.5,8e-05,False
1785949509.826,64651.5,8e-05,False
1785949509.826,64651.5,8e-05,False
1785949509.826,64651.5,8e-05,False
1785949509.826,64651.5,8e-05,False
1785949509.826,64651.5,8e-05,False
1785949509.826,64651.51,8e-05,False
1785949509.826,64651.51,8e-05,False
1785949509.826,64651.51,8e-05,False
1785949509.826,64651.51,9e-05,False
1785949509.826,64651.51,8e-05,False
1785949509.826,64651.51,8e-05,False
1785949509.826,64651.51,9e-05,False
1785949509.826,64651.51,8e-05,False
1785949509.826,64651.51,8e-05,False
1785949509.826,64652.0,0.00021,False
1785949509.826,64652.61,8e-05,False
1785949509.837,64652.8,0.00406,False
1785949509.837,64652.8,8e-05,False
1785949509.837,64652.8,8e-05,False
1785949509.837,64652.8,8e-05,False
1785949509.837,64652.8,9e-05,False
1785949509.837,64652.8,8e-05,False
1785949509.837,64652.8,8e-05,False
1785949509.837,64652.8,9e-05,False
1785949509.837,64652.8,8e-05,False
1785949509.837,64652.8,8e-05,False
1785949509.837,64652.8,8e-05,False
1785949509.837,64652.8,8e-05,False
1785949509.837,64652.8,8e-05,False
1785949509.837,64652.8,8e-05,False
1785949509.837,64652.8,8e-05,False
1785949509.837,64652.8,8e-05,False
1785949509.837,64652.8,8e-05,False
1785949509.837,64652.8,8e-05,False
1785949509.837,64652.8,8e-05,False
1785949509.837,64652.8,8e-05,False
1785949509.837,64652.8,8e-05,False
1785949509.837,64652.8,8e-05,False
1785949509.837,64652.81,8e-05,False
1785949509.837,64652.81,8e-05,False
1785949509.837,64652.81,8e-05,False
1785949509.837,64652.81,8e-05,False
1785949509.837,64652.81,8e-05,False
1785949509.837,64652.81,9e-05,False
1785949509.837,64652.81,8e-05,False
1785949509.837,64652.81,9e-05,False
1785949509.837,64652.83,8e-05,False
1785949509.837,64653.99,9e-05,False
1785949509.837,64653.99,9e-05,False
1785949509.837,64653.99,9e-05,False
1785949509.857,64654.0,0.0001,False
1785949513.41,64654.0,0.008,False
1785949513.41,64654.0,0.006,False
1785949513.41,64654.0,9e-05,False
1785949513.41,64654.0,9e-05,False
1785949513.41,64654.0,8e-05,False
1785949513.41,64654.0,8e-05,False
1785949513.41,64654.0,8e-05,False
1785949513.41,64654.0,8e-05,False
1785949513.41,64654.0,8e-05,False
1785949513.41,64654.0,0.1589,False
1785949513.41,64654.0,8e-05,False
1785949513.41,64654.0,8e-05,False
1785949513.41,64654.0,8e-05,False
1785949513.41,64654.0,9e-05,False
1785949513.41,64654.0,8e-05,False
1785949513.41,64654.0,9e-05,False
1785949513.41,64654.0,9e-05,False
1785949513.41,64654.0,8e-05,False
1785949513.41,64654.0,8e-05,False
1785949513.41,64654.0,8e-05,False
1785949513.41,64654.0,8e-05,False
1785949513.41,64654.0,8e-05,False
1785949513.41,64654.0,9e-05,False
1785949513.41,64654.0,9e-05,False
1785949513.41,64654.0,0.022,False
1785949513.41,64654.0,8e-05,False
1785949513.41,64654.0,9e-05,False
1785949513.41,64654.0,9e-05,False
1785949513.41,64654.0,0.00016,False
1785949513.41,64654.0,0.0645,False
1785949513.724,64653.99,0.00036,True
1785949513.872,64653.99,0.00022,True
1785949515.849,64653.99,0.0001,True
1785949516.362,64653.99,0.0001,True
1785949516.5,64653.99,8e-05,True
1785949516.5,64653.99,4e-05,True
1785949517.235,64653.99,0.01465,True
1785949517.947,64653.99,0.00309,True
1785949518.064,64654.0,0.00572,False
1785949519.289,64654.0,0.00012,False
1785949519.626,64653.99,0.01018,True
1785949522.617,64654.0,0.00021,False
1785949523.998,64653.99,0.00022,True
1785949524.049,64654.0,0.00148,False
1785949524.552,64653.99,7e-05,True
1785949525.448,64654.0,0.00052,False
1785949525.857,64653.99,9e-05,True
1785949525.857,64653.99,1e-05,True
1785949526.447,64653.99,7e-05,True
1785949526.447,64653.99,0.00016,True
1785949526.447,64653.99,8e-05,True
1785949526.447,64653.99,8e-05,True
1785949526.447,64653.99,8e-05,True
1785949526.447,64653.99,8e-05,True
1785949526.447,64653.99,8e-05,True
1785949526.447,64653.99,8e-05,True
1785949526.447,64653.99,8e-05,True
1785949526.447,64653.99,0.00773,True
1785949526.447,64653.99,0.03,True
1785949526.447,64653.99,0.0001,True
1785949526.447,64653.99,8e-05,True
1785949526.447,64653.99,8e-05,True
1785949526.447,64653.99,8e-05,True
1785949526.447,64653.99,8e-05,True
1785949526.447,64653.99,8e-05,True
1785949526.447,64653.99,0.0007,True
1785949526.447,64653.99,0.00016,True
1785949526.447,64653.99,9e-05,True
1785949526.447,64653.99,9e-05,True
1785949526.447,64653.99,8e-05,True
1785949526.447,64653.99,8e-05,True
1785949526.447,64653.99,8e-05,True
1785949526.447,64653.99,0.1589,True
1785949526.447,64653.99,9e-05,True
1785949526.447,64653.99,8e-05,True
1785949526.447,64653.99,8e-05,True
1785949526.447,64653.99,8e-05,True
1785949526.447,64653.99,8e-05,True
1785949526.447,64653.99,8e-05,True
1785949526.447,64653.99,9e-05,True
1785949526.447,64653.99,9e-05,True
1785949526.447,64653.99,8e-05,True
1785949526.447,64653.99,0.11748,True
1785949528.036,64653.99,8e-05,True
1785949528.036,64653.99,8e-05,True
1785949528.036,64653.99,8e-05,True
1785949528.036,64653.99,8e-05,True
1785949528.036,64653.99,0.00029,True
1785949529.27,64653.99,0.0005,True
1785949529.873,64654.0,0.00758,False
1785949529.96,64654.0,0.00493,False
1785949530.542,64654.0,0.00045,False
1785949532.293,64654.0,0.00052,False
1785949532.598,64653.99,0.00011,True
1785949532.723,64653.99,8e-05,True
1785949532.723,64653.99,2e-05,True
1785949533.186,64653.99,0.00014,True
1785949533.186,64653.99,9e-05,True
1785949533.186,64653.99,8e-05,True
1785949533.186,64653.99,8e-05,True
1785949533.186,64653.99,8e-05,True
1785949533.186,64653.99,8e-05,True
1785949533.186,64653.99,8e-05,True
1785949533.186,64653.99,8e-05,True
1785949533.186,64653.99,8e-05,True
1785949533.186,64653.99,8e-05,True
1785949533.186,64653.99,8e-05,True
1785949533.186,64653.99,0.00016,True
1785949533.186,64653.99,0.02,True
1785949533.186,64653.99,0.0001,True
1785949533.186,64653.99,8e-05,True
1785949533.186,64653.99,8e-05,True
1785949533.186,64653.99,8e-05,True
1785949533.186,64653.99,8e-05,True
1785949533.186,64653.99,8e-05,True
1785949533.186,64653.99,8e-05,True
1785949533.186,64653.99,8e-05,True
1785949533.186,64653.99,8e-05,True
1785949533.186,64653.99,9e-05,True
1785949533.186,64653.99,9e-05,True
1785949533.186,64653.99,8e-05,True
1785949533.186,64653.99,8e-05,True
1785949533.186,64653.99,0.01079,True
1785949533.186,64653.99,9e-05,True
1785949533.186,64653.99,9e-05,True
1785949533.186,64653.99,8e-05,True
1785949533.186,64653.99,8e-05,True
1785949533.186,64653.99,9e-05,True
1785949533.186,64653.99,9e-05,True
1785949533.186,64653.99,8e-05,True
1785949533.186,64653.99,8e-05,True
1785949533.186,64653.99,8e-05,True
1785949533.186,64653.99,8e-05,True
1785949533.186,64653.98,9e-05,True
1785949533.186,64653.98,9e-05,True
1785949533.186,64653.98,0.00016,True
1785949533.186,64653.98,8e-05,True
1785949533.186,64653.98,8e-05,True
1785949533.186,64653.98,8e-05,True
1785949533.186,64653.98,8e-05,True
1785949533.186,64653.98,8e-05,True
1785949533.186,64653.98,8e-05,True
1785949533.186,64653.98,8e-05,True
1785949533.186,64653.97,0.00016,True
1785949533.189,64652.96,0.00446,True
1785949533.189,64652.96,8e-05,True
1785949533.189,64652.96,8e-05,True
1785949533.189,64652.96,8e-05,True
1785949533.189,64652.96,8e-05,True
1785949533.189,64652.96,8e-05,True
1785949533.189,64652.96,8e-05,True
1785949533.189,64652.96,8e-05,True
1785949533.189,64652.96,8e-05,True
1785949533.189,64652.96,8e-05,True
1785949533.189,64652.96,8e-05,True
1785949533.189,64652.96,8e-05,True
1785949533.189,64652.95,8e-05,True
1785949533.189,64652.95,8e-05,True
1785949533.189,64652.95,8e-05,True
1785949533.189,64652.95,8e-05,True
1785949533.189,64652.95,8e-05,True
1785949533.189,64652.8,0.00023,True
1785949533.189,64652.79,8e-05,True
1785949533.189,64652.79,8e-05,True
1785949533.189,64652.79,8e-05,True
1785949533.189,64652.79,8e-05,True
1785949533.189,64652.79,8e-05,True
1785949533.189,64652.79,8e-05,True
1785949533.189,64652.79,8e-05,True
1785949533.189,64652.61,8e-05,True
1785949533.189,64652.01,9e-05,True
1785949533.189,64652.01,9e-05,True
1785949533.189,64652.01,9e-05,True
1785949533.189,64652.0,0.008,True
1785949533.189,64652.0,0.006,True
1785949533.189,64652.0,9e-05,True
1785949533.189,64652.0,9e-05,True
1785949533.191,64651.66,0.00371,True
1785949533.191,64651.5,0.00023,True
1785949533.191,64651.49,8e-05,True
1785949533.191,64651.49,8e-05,True
1785949533.193,64651.37,8e-05,True
1785949533.193,64651.37,8e-05,True
1785949533.193,64651.35,8e-05,True
1785949533.193,64651.35,8e-05,True
1785949533.193,64651.35,8e-05,True
1785949533.193,64651.35,8e-05,True
1785949533.193,64651.35,8e-05,True
1785949533.193,64651.35,8e-05,True
1785949533.193,64651.35,8e-05,True
1785949533.193,64651.35,8e-05,True
1785949533.193,64651.35,8e-05,True
1785949533.193,64651.35,8e-05,True
1785949533.193,64651.04,9e-05,True
1785949533.193,64651.04,9e-05,True
1785949533.193,64651.04,9e-05,True
1785949533.193,64651.03,9e-05,True
1785949533.193,64651.03,9e-05,True
1785949533.193,64650.91,8e-05,True
1785949533.193,64650.91,8e-05,True
1785949533.193,64650.37,0.00297,True
1785949533.193,64650.03,9e-05,True
1785949533.193,64650.03,9e-05,True
1785949533.193,64650.03,9e-05,True
1785949533.193,64650.02,0.00037,True
1785949533.216,64650.02,0.01237,True
1785949533.216,64650.02,9e-05,True
1785949533.216,64650.02,9e-05,True
1785949533.216,64650.02,8e-05,True
1785949533.216,64650.02,8e-05,True
1785949533.216,64650.02,8e-05,True
1785949533.216,64650.02,8e-05,True
1785949533.216,64650.02,8e-05,True
1785949533.216,64650.02,8e-05,True
1785949533.216,64650.02,8e-05,True
1785949533.216,64650.02,8e-05,True
1785949533.216,64650.02,8e-05,True
1785949533.216,64650.02,8e-05,True
1785949533.216,64650.02,8e-05,True
1785949533.216,64650.02,8e-05,True
1785949533.216,64650.02,8e-05,True
1785949533.216,64650.02,8e-05,True
1785949533.216,64650.02,9e-05,True
1785949533.216,64650.02,8e-05,True
1785949533.216,64650.02,8e-05,True
1785949533.216,64650.01,8e-05,True
1785949533.216,64650.01,9e-05,True
1785949533.216,64650.01,9e-05,True
1785949533.216,64650.01,9e-05,True
1785949533.216,64650.01,8e-05,True
1785949533.216,64650.01,9e-05,True
1785949533.216,64650.01,8e-05,True
1785949533.216,64650.01,8e-05,True
1785949533.216,64650.01,8e-05,True
1785949533.216,64650.01,8e-05,True
1785949533.216,64650.01,8e-05,True
1785949533.216,64650.01,8e-05,True
1785949533.216,64650.01,8e-05,True
1785949533.216,64650.01,9e-05,True
1785949533.219,64650.0,0.006,True
1785949533.219,64650.0,0.008,True
1785949533.219,64650.0,0.01,True
1785949533.219,64650.0,0.00259,True
1785949533.219,64650.0,0.01341,True
1785949533.283,64650.0,0.34083,True
1785949533.283,64650.0,0.00602,True
1785949533.283,64650.0,0.00021,True
1785949533.283,64650.0,9e-05,True
1785949533.283,64650.0,9e-05,True
1785949533.283,64650.0,8e-05,True
1785949533.283,64650.0,8e-05,True
1785949533.283,64650.0,8e-05,True
1785949533.283,64650.0,8e-05,True
1785949533.283,64650.0,8e-05,True
1785949533.283,64650.0,8e-05,True
1785949533.283,64650.0,8e-05,True
1785949533.283,64650.0,8e-05,True
1785949533.283,64650.0,8e-05,True
1785949533.283,64650.0,8e-05,True
1785949533.283,64650.0,8e-05,True
1785949533.283,64650.0,8e-05,True
1785949533.283,64650.0,8e-05,True
1785949533.283,64650.0,8e-05,True
1785949533.283,64650.0,8e-05,True
1785949533.283,64650.0,8e-05,True
1785949533.283,64650.0,8e-05,True
1785949533.283,64650.0,9e-05,True
1785949533.283,64650.0,8e-05,True
1785949533.283,64650.0,8e-05,True
1785949533.283,64650.0,8e-05,True
1785949533.283,64649.99,8e-05,True
1785949533.283,64649.99,8e-05,True
1785949533.283,64649.99,9e-05,True
1785949533.283,64649.99,9e-05,True
1785949533.283,64649.99,8e-05,True
1785949533.283,64649.99,8e-05,True
1785949533.283,64649.99,8e-05,True
1785949533.283,64649.99,8e-05,True
1785949533.283,64649.99,8e-05,True
1785949533.285,64649.4,8e-05,True
1785949533.285,64649.4,8e-05,True
1785949533.285,64649.4,8e-05,True
1785949533.285,64649.4,8e-05,True
1785949533.285,64648.45,9e-05,True
1785949533.285,64648.01,9e-05,True
1785949533.285,64648.01,9e-05,True
1785949533.285,64648.01,9e-05,True
1785949534.07,64648.01,0.00015,False
1785949534.156,64648.01,0.01503,False
1785949534.156,64648.01,0.01497,False
1785949534.416,64648.01,0.00115,False
1785949534.815,64648.01,0.00439,False
1785949535.364,64648.0,0.00401,True
1785949535.747,64648.0,0.00054,True
1785949537.038,64648.0,0.00015,True
1785949537.705,64648.0,0.0003,True
1785949537.705,64648.0,0.007,True
1785949537.705,64648.0,0.006,True
1785949537.705,64648.0,0.00075,True
1785949538.745,64648.01,0.00016,False
1785949539.464,64648.01,0.00017,False
1785949542.297,64648.01,0.03243,False
1785949542.889,64648.0,0.00094,True
1785949543.748,64648.0,0.00631,True
1785949543.748,64648.0,8e-05,True
1785949543.748,64648.0,8e-05,True
1785949543.748,64648.0,8e-05,True
1785949543.748,64648.0,8e-05,True
1785949543.748,64648.0,8e-05,True
1785949543.748,64648.0,8e-05,True
1785949543.748,64648.0,8e-05,True
1785949543.748,64648.0,8e-05,True
1785949543.748,64648.0,8e-05,True
1785949543.748,64648.0,8e-05,True
1785949543.748,64648.0,8e-05,True
1785949543.748,64648.0,8e-05,True
1785949543.748,64648.0,9e-05,True
1785949543.748,64648.0,0.00016,True
1785949543.748,64648.0,8e-05,True
1785949543.748,64648.0,8e-05,True
1785949543.748,64648.0,8e-05,True
1785949543.748,64648.0,8e-05,True
1785949543.748,64648.0,8e-05,True
1785949543.748,64648.0,8e-05,True
1785949543.748,64648.0,0.00127,True
1785949543.915,64648.01,0.00047,False
1785949543.993,64648.0,0.00126,True
1785949545.189,64648.0,0.00032,True
1785949547.074,64648.01,0.00753,False
1785949547.469,64648.0,0.01083,True
1785949549.641,64648.0,0.0001,True
1785949549.748,64648.0,0.00108,True
1785949549.753,64648.0,0.00612,True
1785949551.114,64648.01,0.00013,False
1785949551.563,64648.0,0.00578,True
1785949551.887,64648.0,0.00046,True
1785949551.912,64648.01,0.00024,False
1785949552.878,64648.0,0.00097,True
1785949553.574,64648.01,0.00027,False
1785949553.795,64648.01,0.0017,False
1785949555.113,64648.01,0.00157,False
1785949555.349,64648.01,0.00014,False
1785949556.307,64648.0,0.00108,True
1785949556.427,64648.0,0.00064,True
1785949556.614,64648.01,0.00386,False
1785949557.292,64648.01,0.01115,False
1785949557.292,64648.01,0.04753,False
1785949557.709,64648.0,0.00377,True
1785949557.709,64648.0,0.0001,True
1785949557.709,64648.0,0.00016,True
1785949557.709,64648.0,8e-05,True
1785949557.709,64648.0,8e-05,True
1785949557.709,64648.0,8e-05,True
1785949557.709,64648.0,8e-05,True
1785949557.709,64648.0,8e-05,True
1785949557.709,64648.0,8e-05,True
1785949557.709,64648.0,8e-05,True
1785949557.709,64648.0,8e-05,True
1785949557.709,64648.0,0.00176,True
1785949557.709,64648.0,8e-05,True
1785949557.709,64648.0,8e-05,True
1785949557.709,64648.0,8e-05,True
1785949557.709,64648.0,8e-05,True
1785949557.709,64648.0,8e-05,True
1785949557.709,64648.0,9e-05,True
1785949557.709,64648.0,8e-05,True
1785949557.709,64648.0,8e-05,True
1785949557.709,64648.0,8e-05,True
1785949557.709,64648.0,8e-05,True
1785949557.709,64648.0,8e-05,True
1785949557.709,64648.0,8e-05,True
1785949557.709,64648.0,0.00017,True
1785949557.709,64648.0,8e-05,True
1785949557.709,64648.0,8e-05,True
1785949557.709,64648.0,0.00797,True
1785949557.846,64648.01,0.0034,False
1785949557.857,64648.01,0.00099,False
1785949559.174,64648.01,0.00066,False
1785949559.574,64648.0,0.00061,True
1785949559.647,64648.01,0.00118,False
1785949561.268,64648.01,0.00029,False
1785949561.762,64648.0,0.00404,True
1785949561.769,64648.01,0.00023,False
1785949562.165,64648.0,0.0001,True
1785949562.583,64648.01,0.00024,False
1785949562.889,64648.01,0.00023,False
1785949563.406,64648.0,0.00398,True
1785949564.011,64648.01,0.00023,False
1785949564.292,64648.01,0.00011,False
1785949564.386,64648.0,0.00257,True
1785949564.605,64648.01,0.0044,False
1785949564.605,64648.01,0.00178,False
1785949565.331,64648.0,0.00023,True
1785949565.699,64648.0,0.00031,True
1785949566.11,64648.0,0.00116,True
1785949566.587,64648.01,0.00019,False
1785949566.687,64648.0,8e-05,True
1785949566.687,64648.0,8e-05,True
1785949566.687,64648.0,0.00016,True
1785949566.687,64648.0,8e-05,True
1785949566.687,64648.0,9e-05,True
1785949566.687,64648.0,8e-05,True
1785949566.687,64648.0,8e-05,True
1785949566.687,64648.0,8e-05,True
1785949566.687,64648.0,8e-05,True
1785949566.687,64648.0,8e-05,True
1785949566.687,64648.0,8e-05,True
1785949566.687,64648.0,8e-05,True
1785949566.687,64648.0,8e-05,True
1785949566.687,64648.0,0.02,True
1785949566.687,64648.0,8e-05,True
1785949566.687,64648.0,8e-05,True
1785949566.687,64648.0,8e-05,True
1785949566.687,64648.0,0.00017,True
1785949566.687,64648.0,0.0001,True
1785949566.687,64648.0,8e-05,True
1785949566.687,64648.0,8e-05,True
1785949566.687,64648.0,8e-05,True
1785949566.687,64648.0,8e-05,True
1785949566.687,64648.0,8e-05,True
1785949566.687,64648.0,8e-05,True
1785949566.687,64648.0,8e-05,True
1785949566.687,64648.0,8e-05,True
1785949566.687,64648.0,0.00012,True
1785949566.687,64648.0,8e-05,True
1785949566.687,64648.0,0.00115,True
1785949566.687,64648.0,9e-05,True
1785949566.687,64648.0,9e-05,True
1785949566.687,64648.0,0.0127,True
1785949566.687,64648.0,9e-05,True
1785949566.687,64648.0,8e-05,True
1785949566.687,64648.0,8e-05,True
1785949566.687,64648.0,8e-05,True
1785949566.687,64647.99,9e-05,True
1785949566.687,64647.99,9e-05,True
1785949566.687,64647.99,8e-05,True
1785949566.687,64647.99,8e-05,True
1785949566.687,64647.99,8e-05,True
1785949566.687,64647.99,8e-05,True
1785949566.687,64647.99,8e-05,True
1785949566.687,64647.99,0.00016,True
1785949566.687,64647.99,8e-05,True
1785949566.687,64647.99,8e-05,True
1785949566.687,64647.98,0.00016,True
1785949566.687,64647.8,0.00023,True
1785949566.687,64647.1,0.00549,True
1785949566.687,64647.1,9e-05,True
1785949566.687,64647.1,9e-05,True
1785949566.687,64646.8,0.00437,True
1785949566.687,64646.4,9e-05,True
1785949566.687,64646.19,8e-05,True
1785949566.687,64646.1,0.00129,True
1785949566.687,64646.01,9e-05,True
1785949566.687,64646.01,9e-05,True
1785949566.687,64646.01,9e-05,True
1785949566.888,64646.01,0.00684,False
1785949567.305,64646.01,0.02618,False
1785949567.7,64646.0,0.00266,True
1785949567.986,64646.0,0.00023,True
1785949568.879,64646.0,0.00023,True
1785949568.908,64646.0,0.00078,True
1785949569.087,64646.01,0.00047,False
1785949569.591,64646.0,0.00386,True
1785949569.848,64646.01,0.001,False
1785949570.932,64646.0,0.00024,True
1785949570.932,64646.0,0.005,True
1785949570.932,64646.0,0.007,True
1785949570.932,64646.0,0.006,True
1785949570.932,64646.0,8e-05,True
1785949570.932,64646.0,8e-05,True
1785949570.932,64646.0,8e-05,True
1785949570.932,64646.0,8e-05,True
1785949570.932,64646.0,8e-05,True
1785949570.932,64646.0,8e-05,True
1785949570.932,64646.0,8e-05,True
1785949570.932,64646.0,8e-05,True
1785949570.932,64646.0,8e-05,True
1785949570.932,64646.0,9e-05,True
1785949570.932,64646.0,0.00017,True
1785949570.932,64646.0,8e-05,True
1785949570.932,64646.0,8e-05,True
1785949570.932,64646.0,8e-05,True
1785949570.932,64646.0,8e-05,True
1785949570.932,64646.0,8e-05,True
1785949570.932,64646.0,8e-05,True
1785949570.932,64646.0,0.02,True
1785949570.932,64646.0,0.00016,True
1785949570.932,64646.0,0.0001,True
1785949570.932,64646.0,8e-05,True
1785949570.932,64646.0,9e-05,True
1785949570.932,64646.0,9e-05,True
1785949570.932,64646.0,9e-05,True
1785949570.932,64646.0,8e-05,True
1785949570.932,64646.0,8e-05,True
1785949570.932,64646.0,0.1589,True
1785949570.932,64646.0,8e-05,True
1785949570.932,64646.0,8e-05,True
1785949570.932,64646.0,8e-05,True
1785949570.932,64646.0,8e-05,True
1785949570.932,64645.99,8e-05,True
1785949570.932,64645.99,8e-05,True
1785949570.932,64645.99,8e-05,True
1785949570.932,64645.99,9e-05,True
1785949570.932,64645.99,9e-05,True
1785949570.932,64645.99,8e-05,True
1785949570.932,64645.99,8e-05,True
1785949570.932,64645.99,8e-05,True
1785949570.932,64645.99,8e-05,True
1785949570.932,64645.99,8e-05,True
1785949570.932,64645.99,8e-05,True
1785949570.932,64645.99,0.00016,True
1785949570.932,64645.99,8e-05,True
1785949570.932,64645.98,0.00016,True
1785949570.932,64645.22,9e-05,True
1785949570.932,64645.0,0.0025,True
1785949570.932,64644.73,0.00434,True
1785949570.932,64644.31,0.00019,True
1785949570.934,64644.29,0.00922,True
1785949570.934,64644.29,9e-05,True
1785949570.934,64644.29,9e-05,True
1785949570.934,64644.29,8e-05,True
1785949570.934,64644.29,8e-05,True
1785949570.934,64644.29,0.1589,True
1785949570.934,64644.29,8e-05,True
1785949570.934,64644.29,8e-05,True
1785949570.934,64644.29,8e-05,True
1785949570.934,64644.22,8e-05,True
1785949570.934,64644.22,8e-05,True
1785949570.934,64644.01,9e-05,True
1785949570.934,64644.01,9e-05,True
1785949570.934,64644.01,9e-05,True
1785949570.979,64644.0,0.0001,True
1785949570.982,64644.0,0.0079,True
1785949570.982,64644.0,0.005,True
1785949570.982,64644.0,0.007,True
1785949570.982,64644.0,0.006,True
1785949570.982,64644.0,9e-05,True
1785949570.982,64644.0,9e-05,True
1785949570.982,64644.0,8e-05,True
1785949570.982,64644.0,8e-05,True
1785949570.982,64644.0,8e-05,True
1785949570.982,64644.0,8e-05,True
1785949570.982,64644.0,8e-05,True
1785949570.982,64644.0,8e-05,True
1785949570.982,64644.0,8e-05,True
1785949570.982,64644.0,8e-05,True
1785949570.982,64644.0,8e-05,True
1785949570.982,64644.0,8e-05,True
1785949570.982,64644.0,8e-05,True
1785949570.982,64644.0,8e-05,True
1785949570.982,64644.0,8e-05,True
1785949570.982,64644.0,8e-05,True
1785949570.982,64644.0,9e-05,True
1785949570.982,64644.0,8e-05,True
1785949570.982,64644.0,8e-05,True
1785949570.982,64644.0,8e-05,True
1785949570.982,64644.0,8e-05,True
1785949570.982,64644.0,8e-05,True
1785949570.982,64643.99,8e-05,True
1785949570.982,64643.99,9e-05,True
1785949570.982,64643.99,9e-05,True
1785949570.982,64643.99,8e-05,True
1785949570.982,64643.99,8e-05,True
1785949570.982,64643.99,8e-05,True
1785949570.982,64643.99,8e-05,True
1785949570.982,64643.99,8e-05,True
1785949570.982,64643.99,8e-05,True
1785949570.982,64643.85,8e-05,True
1785949570.982,64643.74,9e-05,True
1785949570.982,64643.74,9e-05,True
1785949570.982,64643.74,9e-05,True
1785949570.982,64643.73,9e-05,True
1785949570.982,64643.73,9e-05,True
1785949570.982,64642.98,8e-05,True
1785949570.982,64642.59,9e-05,True
1785949570.982,64642.59,9e-05,True
1785949570.982,64642.59,8e-05,True
1785949570.982,64642.59,8e-05,True
1785949570.982,64642.01,9e-05,True
1785949570.982,64642.01,9e-05,True
1785949570.982,64642.01,9e-05,True
1785949570.982,64642.0,0.008,True
1785949570.982,64642.0,0.00102,True
1785949571.051,64642.0,0.00098,True
1785949571.094,64642.0,0.003,True
1785949571.094,64642.0,0.007,True
1785949571.094,64642.0,0.006,True
1785949571.094,64642.0,9e-05,True
1785949571.094,64642.0,9e-05,True
1785949571.094,64642.0,8e-05,True
1785949571.094,64642.0,8e-05,True
1785949571.094,64642.0,8e-05,True
1785949571.094,64642.0,8e-05,True
1785949571.094,64642.0,8e-05,True
1785949571.094,64642.0,8e-05,True
1785949571.094,64642.0,8e-05,True
1785949571.094,64642.0,8e-05,True
1785949571.094,64642.0,9e-05,True
1785949571.094,64642.0,8e-05,True
1785949571.094,64642.0,0.00016,True
1785949571.094,64642.0,8e-05,True
1785949571.094,64642.0,8e-05,True
1785949571.094,64642.0,8e-05,True
1785949571.094,64642.0,8e-05,True
1785949571.094,64641.99,9e-05,True
1785949571.094,64641.99,8e-05,True
1785949571.094,64641.99,9e-05,True
1785949571.094,64641.99,8e-05,True
1785949571.094,64641.99,9e-05,True
1785949571.094,64641.99,8e-05,True
1785949571.094,64641.99,8e-05,True
1785949571.094,64641.99,8e-05,True
1785949571.094,64641.99,8e-05,True
1785949571.094,64641.99,8e-05,True
1785949571.094,64641.88,8e-05,True
1785949571.095,64641.2,0.00346,True
1785949571.095,64640.66,0.00431,True
1785949571.095,64640.01,9e-05,True
1785949571.095,64640.01,9e-05,True
1785949571.095,64640.01,9e-05,True
1785949571.095,64640.0,7e-05,True
1785949571.095,64640.0,0.008,True
1785949571.095,64640.0,0.006,True
1785949571.095,64640.0,9e-05,True
1785949571.095,64640.0,0.005,True
1785949571.095,64640.0,0.007,True
1785949571.095,64640.0,9e-05,True
1785949571.095,64640.0,9e-05,True
1785949571.095,64639.77,8e-05,True
1785949571.095,64639.68,9e-05,True
1785949571.095,64639.36,0.00359,True
1785949571.097,64638.76,9e-05,True
1785949571.097,64638.76,8e-05,True
1785949571.097,64638.76,8e-05,True
1785949571.097,64638.76,8e-05,True
1785949571.097,64638.76,8e-05,True
1785949571.097,64638.76,8e-05,True
1785949571.097,64638.76,8e-05,True
1785949571.097,64638.76,8e-05,True
1785949571.097,64638.76,8e-05,True
1785949571.097,64638.75,9e-05,True
1785949571.097,64638.75,9e-05,True
1785949571.097,64638.75,8e-05,True
1785949571.104,64638.07,0.00287,True
1785949571.104,64638.07,8e-05,True
1785949571.104,64638.07,8e-05,True
1785949571.104,64638.07,8e-05,True
1785949571.104,64638.07,8e-05,True
1785949571.104,64638.07,8e-05,True
1785949571.104,64638.07,8e-05,True
1785949571.104,64638.07,8e-05,True
1785949571.104,64638.07,8e-05,True
1785949571.104,64638.07,8e-05,True
1785949571.104,64638.07,8e-05,True
1785949571.104,64638.07,8e-05,True
1785949571.104,64638.07,8e-05,True
1785949571.104,64638.07,8e-05,True
1785949571.104,64638.07,8e-05,True
1785949571.104,64638.07,8e-05,True
1785949571.104,64638.06,9e-05,True
1785949571.104,64638.06,9e-05,True
1785949571.104,64638.06,8e-05,True
1785949571.104,64638.06,8e-05,True
1785949571.104,64638.06,8e-05,True
1785949571.104,64638.01,9e-05,True
1785949571.104,64638.01,9e-05,True
1785949571.104,64638.01,9e-05,True
1785949571.163,64638.0,0.00165,True
1785949571.217,64638.0,0.00533,True
1785949571.522,64638.0,2e-05,True
1785949571.522,64638.0,0.005,True
1785949571.522,64638.0,0.008,True
1785949571.522,64638.0,0.006,True
1785949571.522,64638.0,8e-05,True
1785949571.522,64638.0,9e-05,True
1785949571.522,64638.0,9e-05,True
1785949571.522,64638.0,8e-05,True
1785949571.522,64638.0,8e-05,True
1785949571.522,64638.0,8e-05,True
1785949571.522,64638.0,8e-05,True
1785949571.522,64638.0,8e-05,True
1785949571.522,64638.0,8e-05,True
1785949571.522,64638.0,8e-05,True
1785949571.522,64638.0,8e-05,True
1785949571.522,64638.0,8e-05,True
1785949571.522,64638.0,8e-05,True
1785949571.522,64638.0,8e-05,True
1785949571.522,64638.0,8e-05,True
1785949571.522,64638.0,8e-05,True
1785949571.522,64638.0,8e-05,True
1785949571.522,64638.0,9e-05,True
1785949571.522,64638.0,0.00017,True
1785949571.522,64638.0,8e-05,True
1785949571.522,64638.0,8e-05,True
1785949571.522,64638.0,8e-05,True
1785949571.522,64638.0,8e-05,True
1785949571.522,64638.0,8e-05,True
1785949571.522,64638.0,8e-05,True
1785949571.522,64638.0,8e-05,True
1785949571.522,64638.0,8e-05,True
1785949571.522,64638.0,8e-05,True
1785949571.522,64638.0,8e-05,True
1785949571.522,64637.99,8e-05,True
1785949571.522,64637.99,9e-05,True
1785949571.522,64637.99,9e-05,True
1785949571.522,64637.99,8e-05,True
1785949571.522,64637.99,8e-05,True
1785949571.522,64637.99,8e-05,True
1785949571.522,64637.99,8e-05,True
1785949571.522,64637.99,8e-05,True
1785949571.522,64637.99,8e-05,True
1785949571.522,64637.99,8e-05,True
1785949571.522,64637.99,8e-05,True
1785949571.522,64637.85,0.00019,True
1785949571.522,64636.67,9e-05,True
1785949571.522,64636.67,9e-05,True
1785949571.522,64636.67,9e-05,True
1785949571.528,64636.66,8e-05,True
1785949571.528,64636.66,8e-05,True
1785949571.528,64636.66,8e-05,True
1785949571.528,64636.66,8e-05,True
1785949571.528,64636.66,8e-05,True
1785949571.528,64636.66,8e-05,True
1785949571.528,64636.66,8e-05,True
1785949571.528,64636.66,8e-05,True
1785949571.528,64636.66,8e-05,True
1785949571.528,64636.66,8e-05,True
1785949571.528,64636.66,8e-05,True
1785949571.528,64636.66,8e-05,True
1785949571.528,64636.66,8e-05,True
1785949571.528,64636.66,8e-05,True
1785949571.528,64636.66,8e-05,True
1785949571.528,64636.66,8e-05,True
1785949571.528,64636.66,8e-05,True
1785949571.528,64636.66,0.00016,True
1785949571.528,64636.66,8e-05,True
1785949571.528,64636.66,8e-05,True
1785949571.528,64636.66,8e-05,True
1785949571.528,64636.66,8e-05,True
1785949571.528,64636.66,8e-05,True
1785949571.528,64636.66,8e-05,True
1785949571.528,64636.65,8e-05,True
1785949571.528,64636.65,9e-05,True
1785949571.528,64636.65,9e-05,True
1785949571.528,64636.65,8e-05,True
1785949571.528,64636.65,8e-05,True
1785949571.528,64636.65,8e-05,True
1785949571.528,64636.65,8e-05,True
1785949571.528,64636.65,8e-05,True
1785949571.528,64636.65,8e-05,True
1785949571.528,64636.65,0.00016,True
1785949571.528,64636.64,0.00016,True
1785949571.528,64636.56,8e-05,True
1785949571.528,64636.49,0.00423,True
1785949571.528,64636.01,9e-05,True
1785949571.528,64636.01,9e-05,True
1785949571.528,64636.01,9e-05,True
1785949571.66,64636.0,0.001,True
1785949571.672,64636.0,0.0001,True
1785949571.71,64636.0,0.0059,True
1785949571.71,64636.0,0.005,True
1785949571.71,64636.0,0.00409,True
1785949571.712,64636.0,0.00391,True
1785949571.712,64636.0,0.006,True
1785949571.712,64636.0,9e-05,True
1785949571.712,64636.0,9e-05,True
1785949571.712,64636.0,8e-05,True
1785949571.712,64636.0,8e-05,True
1785949571.712,64636.0,8e-05,True
1785949571.712,64636.0,8e-05,True
1785949571.712,64636.0,8e-05,True
1785949571.712,64636.0,8e-05,True
1785949571.712,64636.0,8e-05,True
1785949571.712,64636.0,8e-05,True
1785949571.712,64636.0,8e-05,True
1785949571.712,64636.0,8e-05,True
1785949571.712,64636.0,8e-05,True
1785949571.712,64636.0,9e-05,True
1785949571.712,64636.0,0.00016,True
1785949571.712,64636.0,8e-05,True
1785949571.712,64636.0,8e-05,True
1785949571.712,64636.0,8e-05,True
1785949571.712,64636.0,8e-05,True
1785949571.712,64636.0,8e-05,True
1785949571.712,64636.0,8e-05,True
1785949571.713,64635.99,8e-05,True
1785949571.713,64635.99,8e-05,True
1785949571.713,64635.99,8e-05,True
1785949571.713,64635.99,8e-05,True
1785949571.713,64635.99,8e-05,True
1785949571.713,64635.99,8e-05,True
1785949571.713,64635.99,8e-05,True
1785949571.713,64635.99,8e-05,True
1785949571.713,64635.99,8e-05,True
1785949571.713,64635.99,8e-05,True
1785949571.713,64635.99,0.02608,True
1785949571.713,64635.99,8e-05,True
1785949571.713,64635.99,8e-05,True
1785949571.713,64635.53,9e-05,True
1785949571.713,64634.9,0.00023,True
1785949571.713,64634.86,0.00024,True
1785949571.713,64634.86,8e-05,True
1785949571.764,64634.71,0.00679,True
1785949571.764,64634.71,9e-05,True
1785949571.764,64634.71,9e-05,True
1785949571.764,64634.71,8e-05,True
1785949571.764,64634.71,8e-05,True
1785949571.764,64634.71,8e-05,True
1785949571.764,64634.71,8e-05,True
1785949571.764,64634.71,8e-05,True
1785949571.764,64634.71,8e-05,True
1785949571.764,64634.71,8e-05,True
1785949571.764,64634.71,8e-05,True
1785949571.764,64634.71,0.00016,True
1785949571.764,64634.71,8e-05,True
1785949571.764,64634.71,8e-05,True
1785949571.764,64634.71,8e-05,True
1785949571.764,64634.71,8e-05,True
1785949571.764,64634.71,8e-05,True
1785949571.764,64634.71,8e-05,True
1785949571.764,64634.71,8e-05,True
1785949571.764,64634.71,8e-05,True
1785949571.764,64634.71,9e-05,True
1785949571.764,64634.71,8e-05,True
1785949571.764,64634.71,8e-05,True
1785949571.764,64634.71,8e-05,True
1785949571.764,64634.7,8e-05,True
1785949571.764,64634.7,9e-05,True
1785949571.764,64634.7,9e-05,True
1785949571.764,64634.7,8e-05,True
1785949571.764,64634.7,8e-05,True
1785949571.764,64634.7,8e-05,True
1785949571.764,64634.7,8e-05,True
1785949571.764,64634.7,8e-05,True
1785949571.764,64634.7,8e-05,True
1785949571.993,64634.4,0.00692,True
1785949571.993,64634.4,9e-05,True
1785949571.993,64634.4,9e-05,True
1785949571.993,64634.4,8e-05,True
1785949571.993,64634.4,8e-05,True
1785949571.993,64634.4,8e-05,True
1785949571.993,64634.4,8e-05,True
1785949571.993,64634.4,8e-05,True
1785949571.993,64634.4,8e-05,True
1785949571.993,64634.4,8e-05,True
1785949571.993,64634.4,8e-05,True
1785949571.993,64634.4,8e-05,True
1785949571.993,64634.4,8e-05,True
1785949571.993,64634.4,8e-05,True
1785949571.993,64634.4,8e-05,True
1785949571.993,64634.4,8e-05,True
1785949571.993,64634.4,8e-05,True
1785949571.993,64634.4,8e-05,True
1785949571.993,64634.4,8e-05,True
1785949571.993,64634.4,8e-05,True
1785949571.993,64634.4,8e-05,True
1785949571.993,64634.4,8e-05,True
1785949571.993,64634.4,9e-05,True
1785949571.993,64634.4,0.00016,True
1785949571.993,64634.4,8e-05,True
1785949571.993,64634.4,8e-05,True
1785949571.993,64634.4,8e-05,True
1785949571.993,64634.4,8e-05,True
1785949571.993,64634.4,8e-05,True
1785949571.993,64634.4,8e-05,True
1785949571.993,64634.4,8e-05,True
1785949571.993,64634.4,8e-05,True
1785949571.993,64634.39,8e-05,True
1785949571.993,64634.39,9e-05,True
1785949571.993,64634.39,8e-05,True
1785949571.993,64634.39,8e-05,True
1785949571.993,64634.39,8e-05,True
1785949571.993,64634.39,8e-05,True
1785949571.993,64634.39,9e-05,True
1785949571.994,64634.39,8e-05,True
1785949571.994,64634.39,8e-05,True
1785949571.994,64634.39,8e-05,True
1785949571.994,64634.39,8e-05,True
1785949571.994,64634.35,8e-05,True
1785949571.994,64634.35,8e-05,True
1785949571.994,64634.01,9e-05,True
1785949571.994,64634.01,9e-05,True
1785949571.994,64634.01,9e-05,True
1785949573.357,64634.0,0.00023,True
1785949573.364,64634.0,0.00016,True
1785949573.69,64634.0,0.00176,True
1785949573.785,64634.01,0.00023,False
1785949574.29,64634.01,0.0004,False
1785949575.286,64634.01,0.0001,False
1785949575.855,64634.0,0.00275,True
1785949576.463,64634.01,0.00418,False
1785949577.802,64634.0,0.0001,True
1785949578.43,64634.0,0.002,True
1785949578.43,64634.0,0.005,True
1785949578.43,64634.0,0.008,True
1785949578.43,64634.0,0.006,True
1785949578.43,64634.0,9e-05,True
1785949578.43,64634.0,9e-05,True
1785949578.43,64634.0,0.0175,True
1785949579.207,64634.0,0.02023,True
1785949579.207,64634.0,8e-05,True
1785949579.207,64634.0,8e-05,True
1785949579.207,64634.0,8e-05,True
1785949579.207,64634.0,8e-05,True
1785949579.207,64634.0,8e-05,True
1785949579.207,64634.0,8e-05,True
1785949579.207,64634.0,8e-05,True
1785949579.207,64634.0,8e-05,True
1785949579.207,64634.0,8e-05,True
1785949579.207,64634.0,8e-05,True
1785949579.207,64634.0,8e-05,True
1785949579.207,64634.0,8e-05,True
1785949579.207,64634.0,8e-05,True
1785949579.207,64634.0,8e-05,True
1785949579.207,64634.0,9e-05,True
1785949579.207,64634.0,8e-05,True
1785949579.207,64634.0,0.00016,True
1785949579.207,64634.0,0.02,True
1785949579.207,64634.0,8e-05,True
1785949579.207,64634.0,0.0001,True
1785949579.207,64634.0,0.00016,True
1785949579.207,64634.0,0.0236,True
1785949579.207,64634.0,8e-05,True
1785949579.207,64634.0,8e-05,True
1785949579.207,64634.0,8e-05,True
1785949579.207,64634.0,9e-05,True
1785949579.207,64634.0,9e-05,True
1785949579.207,64634.0,9e-05,True
1785949579.207,64634.0,8e-05,True
1785949579.207,64634.0,8e-05,True
1785949579.207,64634.0,8e-05,True
1785949579.207,64633.99,8e-05,True
1785949579.207,64633.99,8e-05,True
1785949579.207,64633.99,8e-05,True
1785949579.207,64633.99,9e-05,True
1785949579.207,64633.99,8e-05,True
1785949579.207,64633.99,9e-05,True
1785949579.207,64633.99,8e-05,True
1785949579.207,64633.99,8e-05,True
1785949579.207,64633.99,8e-05,True
1785949579.207,64633.99,0.00016,True
1785949579.207,64633.99,8e-05,True
1785949579.207,64633.98,0.00016,True
1785949579.207,64633.79,9e-05,True
1785949579.207,64633.79,9e-05,True
1785949579.207,64633.79,9e-05,True
1785949579.207,64633.78,0.00223,True
1785949579.207,64633.78,0.07021,True
1785949579.207,64633.78,0.03476,True
1785949579.207,64633.78,8e-05,True
1785949579.207,64633.78,8e-05,True
1785949579.207,64633.78,8e-05,True
1785949579.207,64633.78,9e-05,True
1785949579.207,64633.78,9e-05,True
1785949579.207,64633.78,8e-05,True
1785949579.207,64633.78,8e-05,True
1785949579.207,64633.78,8e-05,True
1785949579.207,64633.78,8e-05,True
1785949579.207,64633.78,8e-05,True
1785949579.208,64633.35,8e-05,True
1785949579.208,64632.96,9e-05,True
1785949579.208,64632.83,0.0042,True
1785949579.208,64632.63,8e-05,True
1785949579.208,64632.63,8e-05,True
1785949579.208,64632.3,9e-05,True
1785949579.208,64632.01,9e-05,True
1785949579.208,64632.01,9e-05,True
1785949579.208,64632.01,9e-05,True
1785949579.208,64632.0,0.007,True
1785949579.208,64632.0,0.005,True
1785949579.208,64632.0,0.008,True
1785949579.208,64632.0,0.006,True
1785949579.208,64632.0,9e-05,True
1785949579.208,64632.0,9e-05,True
1785949579.208,64631.53,0.0035,True
1785949579.208,64631.39,0.00019,True
1785949579.208,64631.34,0.00778,True
1785949579.208,64631.34,9e-05,True
1785949579.208,64631.34,9e-05,True
1785949579.211,64630.71,0.00023,True
1785949579.216,64630.24,0.0028,True
1785949579.216,64630.24,8e-05,True
1785949579.216,64630.24,8e-05,True
1785949579.216,64630.24,8e-05,True
1785949579.216,64630.24,8e-05,True
1785949579.216,64630.24,8e-05,True
1785949579.216,64630.24,8e-05,True
1785949579.216,64630.24,8e-05,True
1785949579.216,64630.24,8e-05,True
1785949579.216,64630.15,8e-05,True
1785949579.216,64630.15,8e-05,True
1785949579.216,64630.14,8e-05,True
1785949579.216,64630.04,8e-05,True
1785949579.216,64630.04,9e-05,True
1785949579.216,64630.04,9e-05,True
1785949579.216,64630.04,9e-05,True
1785949579.216,64630.03,9e-05,True
1785949579.216,64630.03,9e-05,True
1785949579.216,64630.03,9e-05,True
1785949579.216,64630.03,9e-05,True
1785949579.216,64630.03,9e-05,True
1785949579.216,64630.02,0.01671,True
1785949579.216,64630.02,0.00185,True
1785949579.216,64630.02,9e-05,True
1785949579.216,64630.02,9e-05,True
1785949579.216,64630.01,9e-05,True
1785949579.216,64630.01,9e-05,True
1785949579.216,64630.01,9e-05,True
1785949579.216,64630.0,0.007,True
1785949579.216,64630.0,0.005,True
1785949579.216,64630.0,0.008,True
1785949579.216,64630.0,0.006,True
1785949579.216,64630.0,0.01,True
1785949579.216,64630.0,0.0025,True
1785949579.216,64630.0,9e-05,True
1785949579.216,64630.0,9e-05,True
1785949579.216,64629.99,0.00015,True
1785949579.216,64629.9,0.0003,True
1785949579.216,64629.67,9e-05,True
1785949579.216,64629.67,9e-05,True
1785949579.218,64629.23,9e-05,True
1785949579.218,64629.1,8e-05,True
1785949579.218,64629.07,9e-05,True
1785949579.218,64628.95,0.0021,True
1785949579.218,64628.01,9e-05,True
1785949579.218,64628.01,9e-05,True
1785949579.218,64628.01,9e-05,True
1785949579.218,64628.0,0.006,True
1785949579.218,64628.0,0.007,True
1785949579.218,64628.0,0.00437,True
1785949579.225,64628.0,0.00063,True
1785949579.225,64628.0,0.008,True
1785949579.225,64628.0,8e-05,True
1785949579.225,64628.0,9e-05,True
1785949579.225,64628.0,8e-05,True
1785949579.225,64628.0,9e-05,True
1785949579.225,64628.0,8e-05,True
1785949579.225,64628.0,8e-05,True
1785949579.225,64628.0,8e-05,True
1785949579.225,64628.0,8e-05,True
1785949579.228,64627.99,8e-05,True
1785949579.228,64627.99,0.02761,True
1785949579.228,64627.99,8e-05,True
1785949579.228,64627.99,8e-05,True
1785949579.228,64627.99,8e-05,True
1785949579.228,64627.99,9e-05,True
1785949579.228,64627.99,8e-05,True
1785949579.228,64627.99,9e-05,True
1785949579.228,64627.98,9e-05,True
1785949579.228,64627.98,9e-05,True
1785949579.228,64627.98,8e-05,True
1785949579.229,64627.65,0.0014,True
1785949579.229,64627.6,0.00346,True
1785949579.229,64627.34,8e-05,True
1785949579.229,64627.34,8e-05,True
1785949579.229,64627.24,9e-05,True
1785949579.229,64627.24,9e-05,True
1785949579.229,64627.24,9e-05,True
1785949579.229,64627.23,9e-05,True
1785949579.229,64627.23,9e-05,True
1785949579.229,64627.2,9e-05,True
1785949579.229,64627.2,9e-05,True
1785949579.229,64627.2,9e-05,True
1785949579.229,64627.19,9e-05,True
1785949579.229,64627.19,9e-05,True
1785949579.229,64626.93,8e-05,True
1785949579.229,64626.89,8e-05,True
1785949579.229,64626.77,0.00048,True
1785949579.229,64626.59,9e-05,True
1785949579.229,64626.59,9e-05,True
1785949579.229,64626.59,9e-05,True
1785949579.229,64626.58,0.024,True
1785949579.229,64626.58,9e-05,True
1785949579.229,64626.58,9e-05,True
1785949579.229,64626.55,9e-05,True
1785949579.229,64626.55,9e-05,True
1785949579.229,64626.55,9e-05,True
1785949579.229,64626.54,0.00872,True
1785949579.234,64626.54,9e-05,True
1785949579.234,64626.54,9e-05,True
1785949579.234,64626.54,8e-05,True
1785949579.234,64626.54,8e-05,True
1785949579.234,64626.54,8e-05,True
1785949579.234,64626.54,8e-05,True
1785949579.234,64626.54,8e-05,True
1785949579.234,64626.54,8e-05,True
1785949579.234,64626.54,8e-05,True
1785949579.234,64626.54,8e-05,True
1785949579.234,64626.53,8e-05,True
1785949579.234,64626.53,9e-05,True
1785949579.234,64626.53,9e-05,True
1785949579.234,64626.53,8e-05,True
1785949579.234,64626.24,9e-05,True
1785949579.234,64626.01,9e-05,True
1785949579.234,64626.01,9e-05,True
1785949579.234,64626.01,9e-05,True
1785949579.446,64626.0,0.005,True
1785949579.446,64626.0,0.008,True
1785949579.446,64626.0,0.006,True
1785949579.446,64626.0,0.00232,True
1785949579.536,64626.0,0.00468,True
1785949579.536,64626.0,9e-05,True
1785949579.536,64626.0,9e-05,True
1785949579.536,64626.0,8e-05,True
1785949579.536,64626.0,8e-05,True
1785949579.536,64626.0,8e-05,True
1785949579.536,64626.0,8e-05,True
1785949579.536,64626.0,8e-05,True
1785949579.536,64626.0,8e-05,True
1785949579.536,64626.0,8e-05,True
1785949579.536,64626.0,8e-05,True
1785949579.536,64626.0,8e-05,True
1785949579.536,64626.0,8e-05,True
1785949579.536,64626.0,8e-05,True
1785949579.536,64626.0,9e-05,True
1785949579.536,64626.0,8e-05,True
1785949579.536,64626.0,0.0043,True
1785949579.536,64626.0,8e-05,True
1785949579.536,64626.0,8e-05,True
1785949579.536,64626.0,8e-05,True
1785949579.536,64626.0,8e-05,True
1785949579.536,64626.0,8e-05,True
1785949579.536,64626.0,8e-05,True
1785949579.536,64626.0,8e-05,True
1785949579.536,64626.0,0.022,True
1785949579.536,64626.0,0.0015,True
1785949579.536,64626.0,0.0025,True
1785949579.536,64626.0,8e-05,True
1785949579.536,64626.0,0.00016,True
1785949579.536,64626.0,8e-05,True
1785949579.536,64626.0,8e-05,True
1785949579.536,64626.0,8e-05,True
1785949579.536,64626.0,8e-05,True
1785949579.536,64626.0,8e-05,True
1785949579.536,64626.0,8e-05,True
1785949579.536,64626.0,8e-05,True
1785949579.536,64626.0,8e-05,True
1785949579.536,64625.99,9e-05,True
1785949579.536,64625.99,9e-05,True
1785949579.536,64625.99,8e-05,True
1785949579.536,64625.99,8e-05,True
1785949579.536,64625.99,8e-05,True
1785949579.536,64625.99,8e-05,True
1785949579.536,64625.99,8e-05,True
1785949579.536,64625.99,8e-05,True
1785949579.536,64625.99,8e-05,True
1785949579.536,64625.99,8e-05,True
1785949579.536,64625.84,9e-05,True
1785949579.536,64625.0,0.00015,True
1785949581.035,64624.96,0.00024,False
1785949581.048,64624.96,0.00016,False
1785949581.099,64624.96,0.0006,False
1785949581.364,64624.95,0.00018,True
1785949581.603,64624.95,8e-05,True
1785949581.603,64624.95,8e-05,True
1785949581.603,64624.95,8e-05,True
1785949581.603,64624.95,8e-05,True
1785949581.603,64624.95,8e-05,True
1785949581.603,64624.95,8e-05,True
1785949581.603,64624.95,8e-05,True
1785949581.603,64624.95,8e-05,True
1785949581.603,64624.95,8e-05,True
1785949581.603,64624.95,0.0015,True
1785949581.603,64624.95,8e-05,True
1785949581.603,64624.95,8e-05,True
1785949581.603,64624.95,8e-05,True
1785949581.603,64624.95,8e-05,True
1785949581.603,64624.95,8e-05,True
1785949581.603,64624.95,8e-05,True
1785949581.603,64624.95,9e-05,True
1785949581.603,64624.95,8e-05,True
1785949581.603,64624.95,0.00016,True
1785949581.603,64624.95,8e-05,True
1785949581.603,64624.95,8e-05,True
1785949581.603,64624.95,8e-05,True
1785949581.603,64624.95,8e-05,True
1785949581.603,64624.95,8e-05,True
1785949581.603,64624.95,0.01978,True
1785949581.614,64624.96,0.00016,False
1785949581.664,64624.96,0.00016,False
1785949581.673,64624.96,0.00027,False
1785949581.783,64624.96,0.00016,False
1785949581.914,64624.96,0.00024,False
1785949582.192,64624.96,0.00511,False
1785949582.286,64624.95,0.00382,True
1785949582.286,64624.95,0.02,True
1785949582.286,64624.95,0.00878,True
1785949583.215,64624.96,0.00018,False
1785949583.314,64624.96,0.00016,False
1785949583.534,64624.96,0.0034,False
1785949583.614,64624.96,0.00093,False
1785949583.764,64624.95,8e-05,True
1785949583.764,64624.95,0.0001,True
1785949583.764,64624.95,0.00016,True
1785949583.764,64624.95,3e-05,True
1785949584.263,64624.96,0.00078,False
1785949584.447,64624.96,0.00155,False
1785949584.698,64624.95,5e-05,True
1785949584.698,64624.95,8e-05,True
1785949584.698,64624.95,8e-05,True
1785949584.698,64624.95,0.00151,True
1785949584.806,64624.95,0.00023,True
1785949584.877,64624.95,0.00256,True
1785949584.877,64624.95,8e-05,True
1785949584.877,64624.95,8e-05,True
1785949584.877,64624.95,8e-05,True
1785949584.877,64624.95,8e-05,True
1785949584.877,64624.95,9e-05,True
1785949584.877,64624.95,8e-05,True
1785949584.877,64624.95,8e-05,True
1785949584.877,64624.95,8e-05,True
1785949584.877,64624.95,8e-05,True
1785949584.877,64624.95,8e-05,True
1785949584.877,64624.95,8e-05,True
1785949584.877,64624.95,8e-05,True
1785949584.877,64624.95,8e-05,True
1785949584.877,64624.95,0.00016,True
1785949584.877,64624.95,0.01204,True
1785949584.877,64624.95,9e-05,True
1785949584.877,64624.95,9e-05,True
1785949584.877,64624.95,8e-05,True
1785949584.877,64624.95,8e-05,True
1785949584.877,64624.95,0.00055,True
1785949585.272,64624.96,0.00047,False
1785949585.59,64624.96,0.0001,False
1785949585.709,64624.96,0.04137,False
1785949585.883,64624.96,0.00039,False
1785949586.087,64624.96,0.00016,False
1785949586.415,64624.96,0.00047,False
1785949586.545,64624.95,0.00112,True
1785949586.705,64624.96,0.00069,False
1785949586.783,64624.96,0.00039,False
1785949586.894,64624.95,0.00028,True
1785949587.783,64624.96,0.00016,False
1785949588.615,64624.96,0.00055,False
1785949589.847,64624.95,0.02005,True
1785949589.847,64624.95,8e-05,True
1785949589.847,64624.95,8e-05,True
1785949589.847,64624.95,8e-05,True
1785949589.847,64624.95,0.0015,True
1785949589.847,64624.95,8e-05,True
1785949589.847,64624.95,0.01169,True
1785949590.784,64624.95,0.00077,True
1785949591.317,64624.95,0.03065,True
1785949591.483,64624.96,0.00023,False
1785949591.552,64624.96,0.00023,False
1785949592.796,64624.96,0.00023,False
1785949593.064,64624.96,0.00056,False
1785949593.7,64624.96,0.00023,False
1785949593.851,64624.96,0.24073,False
1785949594.415,64624.96,0.00016,False
1785949594.579,64624.96,0.00023,False
1785949594.782,64624.96,0.005,False
1785949594.995,64624.96,0.01455,False
1785949595.569,64624.95,0.02,True
1785949595.569,64624.95,0.00016,True
1785949595.569,64624.95,0.0025,True
1785949595.569,64624.95,8e-05,True
1785949595.569,64624.95,8e-05,True
1785949595.569,64624.95,0.00069,True
1785949595.569,64624.95,0.00047,True
1785949595.569,64624.95,8e-05,True
1785949595.569,64624.95,9e-05,True
1785949595.569,64624.95,9e-05,True
1785949595.569,64624.95,8e-05,True
1785949595.569,64624.95,8e-05,True
1785949595.569,64624.95,9e-05,True
1785949595.569,64624.95,8e-05,True
1785949595.569,64624.95,8e-05,True
1785949595.569,64624.95,0.00017,True
1785949595.569,64624.95,8e-05,True
1785949595.569,64624.95,8e-05,True
1785949595.569,64624.95,8e-05,True
1785949595.569,64624.95,8e-05,True
1785949595.569,64624.95,0.0001,True
1785949595.569,64624.95,0.13021,True
1785949596.657,64624.96,0.17092,False
1785949596.657,64624.96,0.14415,False
1785949596.657,64624.96,0.07231,False
1785949596.663,64624.96,8e-05,False
1785949596.663,64624.96,2e-05,False
1785949596.684,64624.96,7e-05,False
1785949596.684,64624.96,8e-05,False
1785949596.684,64624.96,0.00016,False
1785949596.684,64624.96,8e-05,False
1785949596.684,64624.96,8e-05,False
1785949596.684,64624.96,8e-05,False
1785949596.684,64624.96,0.00773,False
1785949596.684,64624.96,8e-05,False
1785949596.684,64624.96,0.0007,False
1785949596.684,64624.96,8e-05,False
1785949596.684,64624.96,9e-05,False
1785949596.684,64624.96,9e-05,False
1785949596.684,64624.96,9e-05,False
1785949596.684,64624.96,0.00048,False
1785949596.684,64624.96,8e-05,False
1785949596.684,64624.96,0.00178,False
1785949596.684,64624.96,0.00017,False
1785949596.684,64624.96,9e-05,False
1785949596.684,64624.96,0.00113,False
1785949596.684,64624.96,8e-05,False
1785949596.684,64624.96,8e-05,False
1785949596.684,64624.96,8e-05,False
1785949596.684,64624.96,8e-05,False
1785949596.684,64624.96,8e-05,False
1785949596.684,64624.96,8e-05,False
1785949596.684,64624.96,8e-05,False
1785949596.684,64624.96,0.001,False
1785949596.684,64624.96,0.00017,False
1785949596.684,64624.96,0.001,False
1785949596.684,64624.96,8e-05,False
1785949596.684,64624.96,8e-05,False
1785949596.684,64624.96,8e-05,False
1785949596.684,64624.96,8e-05,False
1785949596.684,64624.96,8e-05,False
1785949596.684,64624.96,8e-05,False
1785949596.684,64624.96,8e-05,False
1785949596.684,64624.96,8e-05,False
1785949596.684,64624.96,8e-05,False
1785949596.684,64624.96,8e-05,False
1785949596.684,64624.96,8e-05,False
1785949596.684,64624.96,8e-05,False
1785949596.688,64624.97,0.00518,False
1785949596.688,64624.97,9e-05,False
1785949596.688,64624.97,9e-05,False
1785949596.688,64624.97,8e-05,False
1785949596.688,64624.97,8e-05,False
1785949596.688,64624.97,8e-05,False
1785949596.688,64624.97,8e-05,False
1785949596.688,64624.97,8e-05,False
1785949596.688,64624.97,8e-05,False
1785949596.688,64624.97,8e-05,False
1785949596.688,64624.97,8e-05,False
1785949596.688,64624.97,8e-05,False
1785949596.688,64624.97,8e-05,False
1785949596.688,64624.97,8e-05,False
1785949596.688,64624.97,8e-05,False
1785949596.688,64624.97,9e-05,False
1785949596.688,64624.97,9e-05,False
1785949596.688,64624.97,8e-05,False
1785949596.688,64624.97,8e-05,False
1785949596.688,64624.97,8e-05,False
1785949596.688,64624.97,8e-05,False
1785949596.688,64624.97,8e-05,False
1785949596.688,64624.97,8e-05,False
1785949596.688,64624.98,8e-05,False
1785949596.694,64624.98,8e-05,False
1785949596.694,64624.98,8e-05,False
1785949596.694,64624.98,8e-05,False
1785949596.694,64624.98,9e-05,False
1785949596.694,64624.98,9e-05,False
1785949596.694,64624.98,8e-05,False
1785949596.694,64624.98,8e-05,False
1785949596.694,64624.98,8e-05,False
1785949596.694,64624.98,8e-05,False
1785949596.694,64624.98,8e-05,False
1785949596.694,64624.98,8e-05,False
1785949596.694,64624.98,8e-05,False
1785949596.694,64624.98,8e-05,False
1785949596.694,64624.98,9e-05,False
1785949596.694,64624.98,8e-05,False
1785949596.694,64624.98,8e-05,False
1785949596.694,64624.98,9e-05,False
1785949596.694,64624.98,8e-05,False
1785949596.694,64624.98,8e-05,False
1785949596.694,64624.98,8e-05,False
1785949596.7,64624.99,0.00016,False
1785949596.7,64624.99,8e-05,False
1785949596.7,64624.99,8e-05,False
1785949596.7,64624.99,8e-05,False
1785949596.7,64624.99,8e-05,False
1785949596.7,64624.99,8e-05,False
1785949596.7,64624.99,8e-05,False
1785949596.7,64624.99,8e-05,False
1785949596.7,64624.99,8e-05,False
1785949596.7,64624.99,9e-05,False
1785949596.7,64624.99,9e-05,False
1785949596.7,64624.99,8e-05,False
1785949596.7,64624.99,8e-05,False
1785949596.7,64624.99,8e-05,False
1785949596.7,64624.99,8e-05,False
1785949596.7,64624.99,8e-05,False
1785949596.7,64624.99,8e-05,False
1785949596.7,64624.99,8e-05,False
1785949596.7,64624.99,8e-05,False
1785949596.7,64624.99,8e-05,False
1785949596.7,64624.99,8e-05,False
1785949596.7,64624.99,8e-05,False
1785949596.772,64625.0,8e-05,False
1785949596.772,64625.0,8e-05,False
1785949596.772,64625.0,8e-05,False
1785949596.772,64625.0,8e-05,False
1785949596.772,64625.0,8e-05,False
1785949596.772,64625.0,9e-05,False
1785949596.772,64625.0,8e-05,False
1785949596.772,64625.0,8e-05,False
1785949596.772,64625.0,8e-05,False
1785949596.772,64625.0,8e-05,False
1785949596.772,64625.0,8e-05,False
1785949596.772,64625.0,8e-05,False
1785949596.772,64625.0,8e-05,False
1785949596.772,64625.0,8e-05,False
1785949596.772,64625.0,8e-05,False
1785949596.772,64625.0,8e-05,False
1785949596.772,64625.0,8e-05,False
1785949596.772,64625.0,9e-05,False
1785949596.772,64625.0,9e-05,False
1785949596.772,64625.0,9e-05,False
1785949596.772,64625.0,9e-05,False
1785949596.772,64625.0,0.003,False
1785949596.772,64625.0,0.003,False
1785949596.772,64625.0,0.003,False
1785949596.772,64625.0,0.003,False
1785949596.772,64625.0,0.003,False
1785949596.772,64625.0,0.003,False
1785949596.772,64625.0,0.003,False
1785949596.772,64625.0,0.003,False
1785949596.772,64625.0,0.003,False
1785949596.772,64625.0,0.003,False
1785949596.772,64625.0,0.003,False
1785949596.772,64625.0,0.003,False
1785949596.772,64625.0,0.003,False
1785949596.772,64625.0,0.003,False
1785949596.772,64625.0,0.003,False
1785949596.772,64625.0,0.003,False
1785949596.772,64625.0,0.003,False
1785949596.772,64625.0,0.003,False
1785949596.772,64625.0,0.003,False
1785949596.772,64625.0,0.003,False
1785949596.772,64625.0,0.003,False
1785949596.772,64625.0,8e-05,False
1785949596.772,64625.0,8e-05,False
1785949596.772,64625.0,8e-05,False
1785949596.772,64625.0,8e-05,False
1785949596.772,64625.0,8e-05,False
1785949596.772,64625.01,8e-05,False
1785949596.772,64625.01,9e-05,False
1785949596.772,64625.01,1e-05,False
1785949596.775,64625.01,8e-05,False
1785949596.775,64625.01,8e-05,False
1785949596.775,64625.01,8e-05,False
1785949596.775,64625.01,8e-05,False
1785949596.775,64625.01,8e-05,False
1785949596.775,64625.01,8e-05,False
1785949596.775,64625.01,9e-05,False
1785949596.775,64625.01,9e-05,False
1785949596.775,64625.01,8e-05,False
1785949596.775,64625.01,8e-05,False
1785949596.775,64625.01,8e-05,False
1785949596.775,64625.01,8e-05,False
1785949596.775,64625.01,8e-05,False
1785949596.775,64625.02,9e-05,False
1785949596.775,64625.02,9e-05,False
1785949596.775,64625.02,8e-05,False
1785949596.775,64625.02,8e-05,False
1785949596.775,64625.02,8e-05,False
1785949596.775,64625.98,8e-05,False
1785949596.775,64625.98,8e-05,False
1785949596.775,64626.01,8e-05,False
1785949596.775,64626.01,8e-05,False
1785949596.775,64626.01,8e-05,False
1785949596.775,64626.01,8e-05,False
1785949596.775,64626.01,8e-05,False
1785949596.775,64626.01,8e-05,False
1785949596.775,64626.01,8e-05,False
1785949596.794,64626.27,0.00432,False
1785949596.794,64626.27,8e-05,False
1785949596.794,64626.27,8e-05,False
1785949596.794,64626.27,9e-05,False
1785949596.794,64626.27,8e-05,False
1785949596.794,64626.27,9e-05,False
1785949596.794,64626.27,8e-05,False
1785949596.794,64626.27,8e-05,False
1785949596.794,64626.27,8e-05,False
1785949596.794,64626.27,8e-05,False
1785949596.794,64626.27,8e-05,False
1785949596.794,64626.27,8e-05,False
1785949596.794,64626.27,8e-05,False
1785949596.794,64626.27,8e-05,False
1785949596.794,64626.27,8e-05,False
1785949596.794,64626.27,8e-05,False
1785949596.794,64626.27,8e-05,False
1785949596.794,64626.27,9e-05,False
1785949596.794,64626.27,9e-05,False
1785949596.794,64626.27,9e-05,False
1785949596.794,64626.27,8e-05,False
1785949596.794,64626.27,8e-05,False
1785949596.794,64626.28,8e-05,False
1785949596.794,64626.28,8e-05,False
1785949596.794,64626.28,9e-05,False
1785949596.794,64626.28,9e-05,False
1785949596.794,64626.28,8e-05,False
1785949596.794,64626.28,8e-05,False
1785949596.794,64626.28,8e-05,False
1785949596.794,64626.55,8e-05,False
1785949596.794,64626.55,8e-05,False
1785949596.794,64626.64,8e-05,False
1785949596.794,64626.64,8e-05,False
1785949596.794,64626.93,8e-05,False
1785949596.794,64627.24,8e-05,False
1785949596.794,64627.24,8e-05,False
1785949596.806,64627.56,0.00345,False
1785949596.806,64627.56,8e-05,False
1785949596.806,64627.56,8e-05,False
1785949596.806,64627.56,8e-05,False
1785949596.806,64627.56,8e-05,False
1785949596.806,64627.56,8e-05,False
1785949596.806,64627.56,8e-05,False
1785949596.806,64627.56,9e-05,False
1785949596.806,64627.56,9e-05,False
1785949596.806,64627.56,8e-05,False
1785949596.806,64627.56,8e-05,False
1785949596.806,64627.56,8e-05,False
1785949596.806,64627.56,8e-05,False
1785949596.806,64627.56,8e-05,False
1785949596.806,64627.56,8e-05,False
1785949596.806,64627.56,8e-05,False
1785949596.806,64627.56,8e-05,False
1785949596.806,64627.56,8e-05,False
1785949596.806,64627.56,8e-05,False
1785949596.809,64627.56,1e-05,False
1785949596.809,64627.56,8e-05,False
1785949596.809,64627.56,8e-05,False
1785949596.809,64627.56,8e-05,False
1785949596.809,64627.56,9e-05,False
1785949596.809,64627.56,9e-05,False
1785949596.809,64627.56,8e-05,False
1785949596.809,64627.56,8e-05,False
1785949596.81,64627.57,9e-05,False
1785949596.81,64627.57,8e-05,False
1785949596.81,64627.57,9e-05,False
1785949596.81,64627.57,8e-05,False
1785949596.81,64627.57,8e-05,False
1785949596.81,64627.57,8e-05,False
1785949596.81,64627.57,8e-05,False
1785949596.81,64627.57,8e-05,False
1785949596.81,64627.57,8e-05,False
1785949596.81,64627.57,8e-05,False
1785949596.816,64627.66,8e-05,False
1785949596.816,64627.66,8e-05,False
1785949596.816,64627.66,8e-05,False
1785949596.816,64627.66,9e-05,False
1785949596.816,64627.66,9e-05,False
1785949596.816,64627.66,8e-05,False
1785949596.816,64627.66,8e-05,False
1785949596.816,64627.66,8e-05,False
1785949596.816,64627.66,8e-05,False
1785949596.816,64627.66,8e-05,False
1785949596.816,64627.66,8e-05,False
1785949596.816,64627.66,8e-05,False
1785949596.816,64627.66,8e-05,False
1785949596.816,64627.66,8e-05,False
1785949596.816,64627.66,8e-05,False
1785949596.816,64627.66,8e-05,False
1785949596.816,64627.66,8e-05,False
1785949596.816,64627.66,8e-05,False
1785949596.816,64627.66,8e-05,False
1785949596.816,64627.66,8e-05,False
1785949596.816,64627.66,8e-05,False
1785949596.816,64627.66,8e-05,False
1785949596.816,64627.66,8e-05,False
1785949596.816,64627.66,8e-05,False
1785949596.816,64627.67,9e-05,False
1785949596.816,64627.67,9e-05,False
1785949596.816,64627.67,8e-05,False
1785949596.816,64627.67,8e-05,False
1785949596.816,64627.67,8e-05,False
1785949596.816,64627.67,8e-05,False
1785949596.816,64627.67,8e-05,False
1785949596.816,64627.99,9e-05,False
1785949596.816,64627.99,9e-05,False
1785949596.816,64627.99,9e-05,False
1785949596.823,64628.0,8e-05,False
1785949596.823,64628.0,0.00378,False
1785949596.837,64628.0,0.00122,False
1785949596.837,64628.0,0.007,False
1785949596.837,64628.0,0.006,False
1785949596.837,64628.0,0.008,False
1785949596.837,64628.0,9e-05,False
1785949596.837,64628.0,9e-05,False
1785949596.837,64628.0,8e-05,False
1785949596.837,64628.0,9e-05,False
1785949596.837,64628.0,9e-05,False
1785949596.837,64628.0,8e-05,False
1785949596.837,64628.0,8e-05,False
1785949596.837,64628.0,8e-05,False
1785949596.837,64628.0,8e-05,False
1785949596.837,64628.0,8e-05,False
1785949596.837,64628.0,8e-05,False
1785949596.837,64628.0,8e-05,False
1785949596.837,64628.0,8e-05,False
1785949596.837,64628.0,9e-05,False
1785949596.837,64628.01,8e-05,False
1785949596.837,64628.01,9e-05,False
1785949596.837,64628.01,9e-05,False
1785949596.837,64628.01,8e-05,False
1785949596.837,64628.01,8e-05,False
1785949596.837,64628.01,8e-05,False
1785949596.837,64628.01,8e-05,False
1785949596.837,64628.01,8e-05,False
1785949596.837,64628.01,8e-05,False
1785949596.837,64628.01,8e-05,False
1785949596.837,64628.01,8e-05,False
1785949596.837,64628.01,8e-05,False
1785949596.837,64628.01,8e-05,False
1785949596.837,64628.21,0.00337,False
1785949596.837,64628.85,0.00251,False
1785949596.839,64628.85,8e-05,False
1785949596.839,64628.85,9e-05,False
1785949596.839,64628.85,8e-05,False
1785949596.839,64628.85,9e-05,False
1785949596.839,64629.11,8e-05,False
1785949596.839,64629.11,8e-05,False
1785949596.839,64629.24,8e-05,False
1785949596.839,64629.24,8e-05,False
1785949596.839,64629.99,9e-05,False
1785949596.839,64629.99,9e-05,False
1785949596.839,64629.99,9e-05,False
1785949596.868,64630.0,0.008,False
1785949596.868,64630.0,0.005,False
1785949596.868,64630.0,0.007,False
1785949596.868,64630.0,0.006,False
1785949596.868,64630.0,9e-05,False
1785949596.868,64630.0,9e-05,False
1785949596.868,64630.0,8e-05,False
1785949596.868,64630.0,9e-05,False
1785949596.868,64630.0,9e-05,False
1785949596.868,64630.0,8e-05,False
1785949596.868,64630.0,8e-05,False
1785949596.868,64630.0,8e-05,False
1785949596.868,64630.0,8e-05,False
1785949596.868,64630.0,8e-05,False
1785949596.868,64630.0,9e-05,False
1785949596.868,64630.0,8e-05,False
1785949596.868,64630.0,8e-05,False
1785949596.868,64630.0,8e-05,False
1785949596.868,64630.01,9e-05,False
1785949596.868,64630.01,9e-05,False
1785949596.868,64630.01,8e-05,False
1785949596.868,64630.01,8e-05,False
1785949596.868,64630.01,8e-05,False
1785949596.868,64630.14,8e-05,False
1785949596.868,64630.15,8e-05,False
1785949596.868,64630.15,8e-05,False
1785949596.868,64630.15,8e-05,False
1785949596.868,64630.15,8e-05,False
1785949596.868,64630.15,8e-05,False
1785949596.869,64630.24,8e-05,False
1785949596.869,64630.24,8e-05,False
1785949596.872,64630.25,0.00016,False
1785949596.872,64630.25,8e-05,False
1785949596.872,64630.25,8e-05,False
1785949596.872,64630.25,9e-05,False
1785949596.872,64630.25,8e-05,False
1785949596.872,64630.25,9e-05,False
1785949596.872,64630.25,8e-05,False
1785949596.872,64630.25,8e-05,False
1785949596.872,64630.25,8e-05,False
1785949596.872,64630.25,8e-05,False
1785949596.872,64630.26,9e-05,False
1785949596.872,64630.26,9e-05,False
1785949596.872,64630.26,8e-05,False
1785949596.872,64631.34,8e-05,False
1785949596.872,64631.34,8e-05,False
1785949596.872,64631.99,9e-05,False
1785949596.872,64631.99,9e-05,False
1785949596.872,64631.99,9e-05,False
1785949596.902,64631.99,0.01331,True
1785949596.902,64631.99,0.01547,True
1785949596.902,64631.99,0.10833,True
1785949597.292,64632.0,0.00016,False
1785949597.292,64632.0,0.008,False
1785949597.292,64632.0,0.005,False
1785949597.292,64632.0,0.007,False
1785949597.292,64632.0,0.006,False
1785949597.292,64632.0,8e-05,False
1785949597.292,64632.0,8e-05,False
1785949597.292,64632.0,8e-05,False
1785949597.292,64632.0,8e-05,False
1785949597.292,64632.0,0.00955,False
1785949597.343,64632.0,0.00081,False
1785949597.343,64632.0,0.00067,False
1785949597.343,64632.0,0.00081,False
1785949597.345,64632.0,0.001,False
1785949597.356,64632.0,0.00024,False
1785949597.357,64632.0,0.00102,False
1785949597.684,64631.99,0.00075,True
1785949598.286,64631.99,0.00323,True
1785949599.08,64632.0,0.00065,False
1785949599.21,64631.99,0.00137,True
1785949599.336,64632.0,0.00157,False
1785949599.399,64631.99,0.00772,True
1785949599.441,64631.99,0.00016,True
1785949600.021,64632.0,0.0001,False
1785949600.106,64631.99,0.00023,True
1785949600.371,64632.0,8e-05,False
1785949600.371,64632.0,8e-05,False
1785949600.371,64632.0,8e-05,False
1785949600.371,64632.0,8e-05,False
1785949600.371,64632.0,9e-05,False
1785949600.371,64632.0,8e-05,False
1785949600.371,64632.0,8e-05,False
1785949600.371,64632.0,0.00506,False
1785949600.371,64632.0,8e-05,False
1785949600.371,64632.0,8e-05,False
1785949600.371,64632.0,8e-05,False
1785949600.371,64632.0,8e-05,False
1785949600.371,64632.0,8e-05,False
1785949600.371,64632.0,8e-05,False
1785949600.371,64632.0,8e-05,False
1785949600.371,64632.0,8e-05,False
1785949600.371,64632.0,8e-05,False
1785949600.371,64632.0,8e-05,False
1785949600.371,64632.0,8e-05,False
1785949600.371,64632.0,8e-05,False
1785949600.371,64632.0,8e-05,False
1785949600.371,64632.0,0.00016,False
1785949600.371,64632.0,8e-05,False
1785949600.371,64632.0,9e-05,False
1785949600.371,64632.0,6e-05,False
1785949600.374,64632.0,3e-05,False
1785949600.374,64632.0,9e-05,False
1785949600.374,64632.0,9e-05,False
1785949600.374,64632.0,8e-05,False
1785949600.374,64632.0,0.00017,False
1785949600.374,64632.0,8e-05,False
1785949600.374,64632.0,8e-05,False
1785949600.374,64632.0,8e-05,False
1785949600.374,64632.0,9e-05,False
1785949600.374,64632.0,8e-05,False
1785949600.374,64632.0,8e-05,False
1785949600.374,64632.0,9e-05,False
1785949600.374,64632.0,8e-05,False
1785949600.374,64632.0,8e-05,False
1785949600.374,64632.0,8e-05,False
1785949600.374,64632.0,8e-05,False
1785949600.374,64632.0,8e-05,False
1785949600.374,64632.0,8e-05,False
1785949600.374,64632.01,8e-05,False
1785949600.374,64632.01,8e-05,False
1785949600.374,64632.01,9e-05,False
1785949600.374,64632.01,9e-05,False
1785949600.374,64632.01,8e-05,False
1785949600.374,64632.01,8e-05,False
1785949600.374,64632.01,8e-05,False
1785949600.374,64632.01,0.00016,False
1785949600.374,64632.01,8e-05,False
1785949600.374,64632.01,8e-05,False
1785949600.374,64632.02,0.00016,False
1785949600.374,64633.26,8e-05,False
1785949600.374,64633.26,8e-05,False
1785949600.385,64633.3,0.00422,False
1785949600.385,64633.3,0.00542,False
1785949600.385,64633.3,9e-05,False
1785949600.385,64633.3,9e-05,False
1785949600.385,64633.3,8e-05,False
1785949600.385,64633.3,8e-05,False
1785949600.385,64633.3,8e-05,False
1785949600.385,64633.3,8e-05,False
1785949600.385,64633.3,8e-05,False
1785949600.385,64633.3,8e-05,False
1785949600.385,64633.3,8e-05,False
1785949600.385,64633.3,9e-05,False
1785949600.385,64633.3,9e-05,False
1785949600.385,64633.3,8e-05,False
1785949600.385,64633.3,8e-05,False
1785949600.385,64633.3,8e-05,False
1785949600.385,64633.3,8e-05,False
1785949600.385,64633.3,8e-05,False
1785949600.387,64633.3,8e-05,False
1785949600.387,64633.3,8e-05,False
1785949600.387,64633.3,8e-05,False
1785949600.387,64633.3,9e-05,False
1785949600.387,64633.3,8e-05,False
1785949600.387,64633.3,9e-05,False
1785949600.387,64633.3,8e-05,False
1785949600.387,64633.3,8e-05,False
1785949600.387,64633.3,9e-05,False
1785949600.387,64633.3,9e-05,False
1785949600.387,64633.3,9e-05,False
1785949600.387,64633.31,9e-05,False
1785949600.387,64633.31,8e-05,False
1785949600.387,64633.31,8e-05,False
1785949600.387,64633.31,9e-05,False
1785949600.387,64633.31,8e-05,False
1785949600.387,64633.31,8e-05,False
1785949600.387,64633.31,8e-05,False
1785949600.387,64633.31,8e-05,False
1785949600.387,64633.35,8e-05,False
1785949600.387,64633.35,8e-05,False
1785949600.387,64633.57,8e-05,False
1785949600.387,64633.99,9e-05,False
1785949600.387,64633.99,9e-05,False
1785949600.387,64633.99,9e-05,False
1785949600.48,64634.0,0.008,False
1785949600.48,64634.0,0.005,False
1785949600.48,64634.0,0.007,False
1785949600.48,64634.0,0.006,False
1785949600.48,64634.0,9e-05,False
1785949600.48,64634.0,8e-05,False
1785949600.48,64634.0,8e-05,False
1785949600.48,64634.0,8e-05,False
1785949600.48,64634.0,8e-05,False
1785949600.48,64634.0,8e-05,False
1785949600.48,64634.0,8e-05,False
1785949600.48,64634.0,8e-05,False
1785949600.48,64634.0,8e-05,False
1785949600.48,64634.0,8e-05,False
1785949600.48,64634.0,8e-05,False
1785949600.48,64634.0,8e-05,False
1785949600.48,64634.0,9e-05,False
1785949600.48,64634.0,9e-05,False
1785949600.48,64634.0,9e-05,False
1785949600.48,64634.0,9e-05,False
1785949600.48,64634.0,8e-05,False
1785949600.48,64634.0,8e-05,False
1785949600.48,64634.0,8e-05,False
1785949600.48,64634.01,9e-05,False
1785949600.48,64634.01,9e-05,False
1785949600.48,64634.01,8e-05,False
1785949600.48,64634.01,8e-05,False
1785949600.48,64634.01,8e-05,False
1785949600.483,64634.01,8e-05,False
1785949600.483,64634.01,8e-05,False
1785949600.483,64634.01,8e-05,False
1785949600.483,64634.01,9e-05,False
1785949600.483,64634.01,9e-05,False
1785949600.483,64634.01,8e-05,False
1785949600.483,64634.01,8e-05,False
1785949600.483,64634.01,8e-05,False
1785949600.483,64634.01,8e-05,False
1785949600.483,64634.01,8e-05,False
1785949600.483,64634.01,8e-05,False
1785949600.483,64634.01,8e-05,False
1785949600.483,64634.01,8e-05,False
1785949600.483,64634.02,9e-05,False
1785949600.483,64634.02,8e-05,False
1785949600.484,64635.53,9e-05,False
1785949600.484,64635.99,9e-05,False
1785949600.484,64635.99,9e-05,False
1785949600.484,64635.99,9e-05,False
1785949600.516,64636.0,0.008,False
1785949600.516,64636.0,0.005,False
1785949600.516,64636.0,0.007,False
1785949600.516,64636.0,0.006,False
1785949600.516,64636.0,9e-05,False
1785949600.516,64636.0,9e-05,False
1785949600.516,64636.0,8e-05,False
1785949600.516,64636.0,9e-05,False
1785949600.516,64636.0,8e-05,False
1785949600.516,64636.0,8e-05,False
1785949600.516,64636.0,0.003,False
1785949600.516,64636.0,0.003,False
1785949600.516,64636.0,0.003,False
1785949600.516,64636.0,0.003,False
1785949600.516,64636.0,0.003,False
1785949600.516,64636.0,8e-05,False
1785949600.516,64636.0,0.003,False
1785949600.516,64636.0,0.00017,False
1785949600.516,64636.0,0.003,False
1785949600.516,64636.0,8e-05,False
1785949600.516,64636.0,0.003,False
1785949600.516,64636.0,8e-05,False
1785949600.516,64636.0,0.003,False
1785949600.516,64636.0,8e-05,False
1785949600.516,64636.0,8e-05,False
1785949600.516,64636.0,8e-05,False
1785949600.516,64636.0,0.003,False
1785949600.516,64636.0,0.003,False
1785949600.516,64636.0,0.003,False
1785949600.516,64636.0,0.003,False
1785949600.516,64636.0,0.003,False
1785949600.516,64636.0,0.003,False
1785949600.516,64636.0,0.003,False
1785949600.516,64636.0,0.003,False
1785949600.516,64636.0,0.003,False
1785949600.516,64636.0,0.003,False
1785949600.516,64636.0,0.003,False
1785949600.516,64636.0,0.003,False
1785949600.516,64636.0,8e-05,False
1785949600.516,64636.0,9e-05,False
1785949600.516,64636.0,9e-05,False
1785949600.516,64636.0,8e-05,False
1785949600.516,64636.0,8e-05,False
1785949600.516,64636.0,8e-05,False
1785949600.516,64636.01,8e-05,False
1785949600.516,64636.01,9e-05,False
1785949600.516,64636.01,9e-05,False
1785949600.516,64636.01,8e-05,False
1785949600.522,64636.01,8e-05,False
1785949600.522,64636.01,8e-05,False
1785949600.522,64636.01,8e-05,False
1785949600.522,64636.01,9e-05,False
1785949600.522,64636.01,9e-05,False
1785949600.522,64636.01,8e-05,False
1785949600.522,64636.01,8e-05,False
1785949600.522,64636.01,8e-05,False
1785949600.522,64636.01,8e-05,False
1785949600.522,64636.01,8e-05,False
1785949600.522,64636.01,8e-05,False
1785949600.522,64636.01,8e-05,False
1785949600.522,64636.01,8e-05,False
1785949600.522,64636.01,8e-05,False
1785949600.522,64636.01,8e-05,False
1785949600.522,64636.01,8e-05,False
1785949600.522,64636.02,9e-05,False
1785949600.522,64636.02,9e-05,False
1785949600.522,64636.02,8e-05,False
1785949600.522,64636.02,8e-05,False
1785949600.522,64636.02,8e-05,False
1785949600.522,64636.02,8e-05,False
1785949600.522,64636.02,8e-05,False
1785949600.522,64636.56,8e-05,False
1785949600.522,64637.57,8e-05,False
1785949600.522,64637.75,8e-05,False
1785949600.522,64637.75,8e-05,False
1785949600.522,64637.85,0.00019,False
1785949600.522,64637.99,9e-05,False
1785949600.522,64637.99,9e-05,False
1785949600.522,64637.99,9e-05,False
1785949600.97,64637.99,0.00023,True
1785949601.489,64638.0,0.0001,False
1785949601.535,64638.0,0.00034,False
1785949602.009,64637.99,0.02217,True
1785949602.009,64637.99,0.07749,True
1785949602.732,64637.99,0.00023,True
1785949603.374,64638.0,0.00031,False
1785949603.716,64637.99,0.00049,True
1785949604.3,64638.0,0.00013,False
1785949604.603,64637.99,0.0001,True
1785949604.65,64638.0,0.00412,False
1785949604.65,64638.0,0.00523,False
1785949604.934,64638.0,0.00023,False
1785949605.577,64637.99,0.0001,True
1785949605.646,64637.99,0.03868,True
1785949605.805,64638.0,0.00023,False
1785949605.881,64637.99,8e-05,True
1785949605.881,64637.99,8e-05,True
1785949605.881,64637.99,9e-05,True
1785949605.881,64637.99,0.00016,True
1785949605.881,64637.99,8e-05,True
1785949605.881,64637.99,8e-05,True
1785949605.881,64637.99,8e-05,True
1785949605.881,64637.99,8e-05,True
1785949605.881,64637.99,8e-05,True
1785949605.881,64637.99,0.00773,True
1785949605.881,64637.99,8e-05,True
1785949605.881,64637.99,0.02,True
1785949605.881,64637.99,9e-05,True
1785949605.881,64637.99,9e-05,True
1785949605.881,64637.99,8e-05,True
1785949605.881,64637.99,0.0001,True
1785949605.881,64637.99,8e-05,True
1785949605.881,64637.99,8e-05,True
1785949605.881,64637.99,8e-05,True
1785949605.881,64637.99,8e-05,True
1785949605.881,64637.99,8e-05,True
1785949605.881,64637.99,8e-05,True
1785949605.881,64637.99,8e-05,True
1785949605.881,64637.99,8e-05,True
1785949605.881,64637.99,8e-05,True
1785949605.881,64637.99,8e-05,True
1785949605.881,64637.99,8e-05,True
1785949605.881,64637.99,8e-05,True
1785949605.881,64637.99,9e-05,True
1785949605.881,64637.99,8e-05,True
1785949605.881,64637.99,8e-05,True
1785949605.881,64637.99,8e-05,True
1785949605.881,64637.99,8e-05,True
1785949605.881,64637.99,8e-05,True
1785949605.881,64637.99,8e-05,True
1785949605.881,64637.99,8e-05,True
1785949605.881,64637.99,8e-05,True
1785949605.881,64637.99,8e-05,True
1785949605.881,64637.99,8e-05,True
1785949605.881,64637.99,8e-05,True
1785949605.881,64637.99,8e-05,True
1785949605.881,64637.99,8e-05,True
1785949605.881,64637.99,8e-05,True
1785949605.881,64637.99,8e-05,True
1785949605.881,64637.99,8e-05,True
1785949605.881,64637.99,8e-05,True
1785949605.881,64637.99,8e-05,True
1785949605.881,64637.99,8e-05,True
1785949605.881,64637.99,8e-05,True
1785949605.881,64637.99,8e-05,True
1785949605.881,64637.98,9e-05,True
1785949605.881,64637.98,0.00016,True
1785949605.881,64637.98,9e-05,True
1785949605.881,64637.98,8e-05,True
1785949605.881,64637.98,8e-05,True
1785949605.881,64637.98,8e-05,True
1785949605.881,64637.98,8e-05,True
1785949605.881,64637.98,8e-05,True
1785949605.881,64637.98,8e-05,True
1785949605.881,64637.98,8e-05,True
1785949605.881,64637.97,0.00016,True
1785949605.881,64637.92,9e-05,True
1785949605.881,64637.92,9e-05,True
1785949605.881,64637.92,9e-05,True
1785949605.886,64637.91,8e-05,True
1785949605.886,64637.91,8e-05,True
1785949605.886,64637.91,8e-05,True
1785949605.886,64637.91,8e-05,True
1785949605.886,64637.91,8e-05,True
1785949605.886,64637.91,8e-05,True
1785949605.886,64637.91,8e-05,True
1785949605.886,64637.91,8e-05,True
1785949605.886,64637.91,8e-05,True
1785949605.886,64637.91,8e-05,True
1785949605.886,64637.91,8e-05,True
1785949605.886,64637.91,8e-05,True
1785949605.886,64637.91,8e-05,True
1785949605.886,64637.91,8e-05,True
1785949605.886,64637.91,8e-05,True
1785949605.886,64637.91,8e-05,True
1785949605.886,64637.91,8e-05,True
1785949605.886,64637.9,8e-05,True
1785949605.886,64637.9,8e-05,True
1785949605.886,64637.9,8e-05,True
1785949605.886,64637.9,8e-05,True
1785949605.886,64637.9,8e-05,True
1785949605.886,64637.9,8e-05,True
1785949605.886,64637.9,8e-05,True
1785949605.886,64637.9,9e-05,True
1785949605.886,64637.9,9e-05,True
1785949605.886,64636.58,0.00428,True
1785949605.886,64636.56,8e-05,True
1785949605.886,64636.55,8e-05,True
1785949605.886,64636.55,8e-05,True
1785949605.886,64636.41,0.00201,True
1785949605.886,64636.15,8e-05,True
1785949605.92,64636.05,0.00835,True
1785949605.92,64636.05,8e-05,True
1785949605.92,64636.05,8e-05,True
1785949605.92,64636.05,8e-05,True
1785949605.92,64636.05,8e-05,True
1785949605.92,64636.05,8e-05,True
1785949605.92,64636.05,8e-05,True
1785949605.92,64636.05,8e-05,True
1785949605.92,64636.05,8e-05,True
1785949605.92,64636.05,8e-05,True
1785949605.92,64636.05,8e-05,True
1785949605.92,64636.05,8e-05,True
1785949605.92,64636.05,8e-05,True
1785949605.92,64636.05,8e-05,True
1785949605.92,64636.05,8e-05,True
1785949605.92,64636.05,8e-05,True
1785949605.92,64636.05,8e-05,True
1785949605.92,64636.05,8e-05,True
1785949605.92,64636.05,8e-05,True
1785949605.92,64636.05,9e-05,True
1785949605.92,64636.05,8e-05,True
1785949605.92,64636.05,9e-05,True
1785949605.92,64636.05,9e-05,True
1785949605.92,64636.05,8e-05,True
1785949605.92,64636.05,8e-05,True
1785949605.92,64636.04,9e-05,True
1785949605.92,64636.04,9e-05,True
1785949605.92,64636.04,8e-05,True
1785949605.92,64636.04,8e-05,True
1785949605.92,64636.04,8e-05,True
1785949605.92,64636.04,8e-05,True
1785949605.92,64636.04,8e-05,True
1785949605.92,64636.04,8e-05,True
1785949605.92,64636.04,8e-05,True
1785949605.92,64636.04,8e-05,True
1785949605.92,64636.0,0.00023,True
1785949605.92,64636.0,8e-05,True
1785949605.92,64636.0,0.00075,True
1785949605.92,64636.0,8e-05,True
1785949605.92,64636.0,8e-05,True
1785949605.92,64636.0,8e-05,True
1785949605.92,64636.0,8e-05,True
1785949605.92,64635.99,8e-05,True
1785949605.92,64635.99,8e-05,True
1785949605.92,64635.99,8e-05,True
1785949605.92,64635.99,8e-05,True
1785949605.92,64635.64,8e-05,True
1785949605.92,64635.64,8e-05,True
1785949605.92,64635.52,8e-05,True
1785949605.92,64635.52,8e-05,True
1785949605.92,64635.52,8e-05,True
1785949605.92,64635.52,8e-05,True
1785949605.92,64635.52,8e-05,True
1785949605.92,64635.3,9e-05,True
1785949605.92,64635.3,9e-05,True
1785949605.92,64635.3,9e-05,True
1785949605.92,64635.29,0.00356,True
1785949605.92,64635.29,0.00011,True
1785949606.027,64635.29,9e-05,True
1785949606.027,64635.29,9e-05,True
1785949606.027,64635.29,8e-05,True
1785949606.027,64635.29,8e-05,True
1785949606.027,64635.29,8e-05,True
1785949606.027,64635.29,8e-05,True
1785949606.027,64635.29,8e-05,True
1785949606.027,64635.29,8e-05,True
1785949606.027,64635.29,8e-05,True
1785949606.027,64635.29,8e-05,True
1785949606.027,64635.29,8e-05,True
1785949606.027,64635.29,8e-05,True
1785949606.027,64635.29,8e-05,True
1785949606.027,64635.29,8e-05,True
1785949606.027,64635.29,9e-05,True
1785949606.027,64635.29,8e-05,True
1785949606.027,64635.29,8e-05,True
1785949606.027,64635.29,8e-05,True
1785949606.027,64635.29,8e-05,True
1785949606.027,64635.29,8e-05,True
1785949606.027,64635.29,8e-05,True
1785949606.027,64635.29,8e-05,True
1785949606.027,64635.29,8e-05,True
1785949606.027,64635.29,8e-05,True
1785949606.027,64635.29,8e-05,True
1785949606.027,64635.28,8e-05,True
1785949606.027,64635.28,8e-05,True
1785949606.027,64635.28,8e-05,True
1785949606.027,64635.28,9e-05,True
1785949606.027,64635.28,9e-05,True
1785949606.027,64635.28,8e-05,True
1785949606.027,64635.28,8e-05,True
1785949606.027,64635.28,8e-05,True
1785949606.027,64635.28,8e-05,True
1785949606.027,64634.84,8e-05,True
1785949606.027,64634.84,8e-05,True
1785949606.027,64634.83,0.00707,True
1785949606.027,64634.83,9e-05,True
1785949606.027,64634.83,9e-05,True
1785949606.027,64634.01,9e-05,True
1785949606.027,64634.01,9e-05,True
1785949606.027,64634.01,9e-05,True
1785949606.055,64634.0,0.00023,True
1785949606.055,64634.0,8e-05,True
1785949606.055,64634.0,0.006,True
1785949606.055,64634.0,0.008,True
1785949606.055,64634.0,0.007,True
1785949606.055,64634.0,0.005,True
1785949606.055,64634.0,9e-05,True
1785949606.055,64634.0,9e-05,True
1785949606.055,64634.0,0.01409,True
1785949606.055,64634.0,8e-05,True
1785949606.055,64634.0,8e-05,True
1785949606.055,64634.0,8e-05,True
1785949606.055,64634.0,8e-05,True
1785949606.055,64634.0,8e-05,True
1785949606.055,64634.0,8e-05,True
1785949606.055,64634.0,8e-05,True
1785949606.055,64634.0,0.0043,True
1785949606.055,64634.0,8e-05,True
1785949606.055,64634.0,8e-05,True
1785949606.055,64634.0,8e-05,True
1785949606.055,64634.0,8e-05,True
1785949606.055,64634.0,8e-05,True
1785949606.055,64634.0,8e-05,True
1785949606.055,64634.0,8e-05,True
1785949606.055,64634.0,8e-05,True
1785949606.055,64634.0,8e-05,True
1785949606.055,64634.0,8e-05,True
1785949606.055,64634.0,9e-05,True
1785949606.055,64634.0,8e-05,True
1785949606.055,64634.0,8e-05,True
1785949606.055,64634.0,8e-05,True
1785949606.055,64634.0,8e-05,True
1785949606.055,64633.99,8e-05,True
1785949606.055,64633.99,8e-05,True
1785949606.055,64633.99,8e-05,True
1785949606.055,64633.99,8e-05,True
1785949606.055,64633.99,8e-05,True
1785949606.055,64633.99,8e-05,True
1785949606.055,64633.99,8e-05,True
1785949606.055,64633.99,9e-05,True
1785949606.055,64633.99,9e-05,True
1785949606.055,64633.99,8e-05,True
1785949606.055,64633.99,8e-05,True
1785949606.055,64633.35,8e-05,True
1785949606.055,64633.3,9e-05,True
1785949606.055,64633.3,9e-05,True
1785949606.055,64633.3,9e-05,True
1785949606.289,64633.3,0.00929,False
1785949606.322,64633.29,8e-05,True
1785949606.322,64633.29,8e-05,True
1785949606.322,64633.29,8e-05,True
1785949606.322,64633.29,8e-05,True
1785949606.322,64633.29,8e-05,True
1785949606.322,64633.29,8e-05,True
1785949606.322,64633.29,8e-05,True
1785949606.322,64633.29,8e-05,True
1785949606.322,64633.29,8e-05,True
1785949606.322,64633.29,8e-05,True
1785949606.322,64633.29,8e-05,True
1785949606.322,64633.29,8e-05,True
1785949606.322,64633.29,8e-05,True
1785949606.322,64633.29,8e-05,True
1785949606.322,64633.29,8e-05,True
1785949606.322,64633.29,0.0043,True
1785949606.322,64633.29,8e-05,True
1785949606.322,64633.29,8e-05,True
1785949606.322,64633.29,8e-05,True
1785949606.322,64633.29,8e-05,True
1785949606.322,64633.29,8e-05,True
1785949606.322,64633.29,8e-05,True
1785949606.322,64633.29,8e-05,True
1785949606.322,64633.29,8e-05,True
1785949606.322,64633.29,8e-05,True
1785949606.322,64633.29,8e-05,True
1785949606.322,64633.29,8e-05,True
1785949606.322,64633.29,8e-05,True
1785949606.322,64633.29,8e-05,True
1785949606.322,64633.29,9e-05,True
1785949606.322,64633.29,0.0007,True
1785949606.322,64633.29,8e-05,True
1785949606.322,64633.29,9e-05,True
1785949606.322,64633.29,9e-05,True
1785949606.322,64633.29,8e-05,True
1785949606.322,64633.29,8e-05,True
1785949606.323,64633.29,8e-05,True
1785949606.323,64633.29,8e-05,True
1785949606.323,64633.29,8e-05,True
1785949606.323,64633.29,8e-05,True
1785949606.323,64633.29,8e-05,True
1785949606.323,64633.29,8e-05,True
1785949606.323,64633.29,8e-05,True
1785949606.323,64633.28,8e-05,True
1785949606.323,64633.28,8e-05,True
1785949606.323,64633.28,8e-05,True
1785949606.323,64633.28,9e-05,True
1785949606.323,64633.28,8e-05,True
1785949606.323,64633.28,9e-05,True
1785949606.323,64633.28,8e-05,True
1785949606.323,64633.28,8e-05,True
1785949606.323,64633.28,8e-05,True
1785949606.323,64633.28,8e-05,True
1785949606.661,64632.49,0.00023,False
1785949607.546,64632.49,0.00023,False
1785949608.186,64632.49,0.00166,False
1785949608.315,64632.48,0.00064,True
1785949608.437,64632.49,0.00023,False
1785949609.045,64632.48,0.00301,True
1785949609.829,64632.49,0.01196,False
1785949609.833,64632.49,0.0001,False
1785949609.838,64632.49,0.0013,False
1785949609.844,64632.49,0.01097,False
1785949610.46,64632.49,0.00037,False
1785949610.653,64632.49,8e-05,False
1785949610.653,64632.49,9e-05,False
1785949610.653,64632.49,8e-05,False
1785949610.653,64632.49,0.00016,False
1785949610.653,64632.49,8e-05,False
1785949610.653,64632.49,8e-05,False
1785949610.653,64632.49,8e-05,False
1785949610.653,64632.49,0.00773,False
1785949610.653,64632.49,0.00505,False
1785949610.653,64632.49,0.0007,False
1785949610.653,64632.49,8e-05,False
1785949610.653,64632.49,8e-05,False
1785949610.653,64632.49,8e-05,False
1785949610.653,64632.49,0.00033,False
1785949610.653,64632.49,8e-05,False
1785949610.653,64632.49,8e-05,False
1785949610.653,64632.49,9e-05,False
1785949610.653,64632.49,9e-05,False
1785949610.653,64632.49,8e-05,False
1785949610.653,64632.49,8e-05,False
1785949610.653,64632.49,8e-05,False
1785949610.653,64632.49,8e-05,False
1785949610.653,64632.49,8e-05,False
1785949610.653,64632.49,8e-05,False
1785949610.653,64632.49,8e-05,False
1785949610.653,64632.49,9e-05,False
1785949610.653,64632.49,9e-05,False
1785949610.653,64632.49,9e-05,False
1785949610.653,64632.49,9e-05,False
1785949610.653,64632.49,9e-05,False
1785949610.653,64632.49,8e-05,False
1785949610.653,64632.49,8e-05,False
1785949610.653,64632.49,8e-05,False
1785949610.653,64632.49,8e-05,False
1785949610.653,64632.49,8e-05,False
1785949610.653,64632.49,8e-05,False
1785949610.653,64632.49,8e-05,False
1785949610.653,64632.49,8e-05,False
1785949610.653,64632.5,0.00016,False
1785949610.653,64632.5,9e-05,False
1785949610.653,64632.5,9e-05,False
1785949610.653,64632.5,0.00114,False
1785949610.653,64632.5,8e-05,False
1785949610.653,64632.5,8e-05,False
1785949610.653,64632.5,8e-05,False
1785949610.653,64632.5,8e-05,False
1785949610.653,64632.5,8e-05,False
1785949610.653,64632.5,8e-05,False
1785949610.653,64632.5,8e-05,False
1785949610.653,64632.51,0.00016,False
1785949610.653,64633.3,8e-05,False
1785949610.653,64633.3,8e-05,False
1785949610.653,64633.3,8e-05,False
1785949610.653,64633.3,8e-05,False
1785949610.653,64633.3,8e-05,False
1785949610.653,64633.3,8e-05,False
1785949610.653,64633.3,8e-05,False
1785949610.653,64633.35,8e-05,False
1785949610.653,64633.79,0.00421,False
1785949610.653,64634.0,9e-05,False
1785949610.653,64634.0,9e-05,False
1785949610.653,64634.0,9e-05,False
1785949610.655,64634.01,8e-05,False
1785949610.655,64634.01,0.0167,False
1785949610.655,64634.01,8e-05,False
1785949610.655,64634.01,9e-05,False
1785949610.655,64634.01,9e-05,False
1785949610.655,64634.01,8e-05,False
1785949610.655,64634.01,8e-05,False
1785949610.655,64634.01,8e-05,False
1785949610.655,64634.01,0.25644,False
1785949610.777,64634.01,8e-05,False
1785949610.777,64634.01,9e-05,False
1785949610.777,64634.01,8e-05,False
1785949610.777,64634.01,8e-05,False
1785949610.777,64634.01,8e-05,False
1785949610.777,64634.01,8e-05,False
1785949610.777,64634.01,8e-05,False
1785949610.777,64634.01,8e-05,False
1785949610.777,64634.01,8e-05,False
1785949610.777,64634.01,0.00016,False
1785949610.777,64634.01,5e-05,False
1785949611.259,64634.0,0.00102,True
1785949611.925,64634.0,0.02347,True
1785949613.169,64634.01,3e-05,False
1785949613.169,64634.01,8e-05,False
1785949613.169,64634.01,0.00049,False
1785949613.368,64634.0,0.00325,True
1785949613.722,64634.0,0.0001,True
1785949615.201,64634.0,8e-05,True
1785949615.201,64634.0,2e-05,True
1785949615.241,64634.0,7e-05,True
1785949615.241,64634.0,8e-05,True
1785949615.241,64634.0,8e-05,True
1785949615.241,64634.0,8e-05,True
1785949615.241,64634.0,0.00016,True
1785949615.241,64634.0,8e-05,True
1785949615.241,64634.0,8e-05,True
1785949615.241,64634.0,8e-05,True
1785949615.241,64634.0,0.02,True
1785949615.241,64634.0,9e-05,True
1785949615.241,64634.0,9e-05,True
1785949615.241,64634.0,0.00773,True
1785949615.241,64634.0,0.0001,True
1785949615.241,64634.0,8e-05,True
1785949615.241,64634.0,8e-05,True
1785949615.241,64634.0,8e-05,True
1785949615.241,64634.0,8e-05,True
1785949615.241,64634.0,8e-05,True
1785949615.241,64634.0,8e-05,True
1785949615.241,64634.0,8e-05,True
1785949615.241,64634.0,8e-05,True
1785949615.241,64634.0,8e-05,True
1785949615.241,64634.0,8e-05,True
1785949615.241,64634.0,9e-05,True
1785949615.241,64634.0,9e-05,True
1785949615.241,64634.0,8e-05,True
1785949615.241,64634.0,8e-05,True
1785949615.241,64634.0,8e-05,True
1785949615.241,64634.0,9e-05,True
1785949615.241,64634.0,8e-05,True
1785949615.241,64634.0,8e-05,True
1785949615.241,64634.0,9e-05,True
1785949615.241,64634.0,9e-05,True
1785949615.241,64634.0,8e-05,True
1785949615.241,64634.0,8e-05,True
1785949615.241,64634.0,8e-05,True
1785949615.241,64634.0,8e-05,True
1785949615.241,64634.0,8e-05,True
1785949615.241,64634.0,8e-05,True
1785949615.241,64634.0,8e-05,True
1785949615.241,64634.0,8e-05,True
1785949615.241,64634.0,8e-05,True
1785949615.241,64634.0,8e-05,True
1785949615.241,64634.0,8e-05,True
1785949615.241,64633.99,9e-05,True
1785949615.241,64633.99,9e-05,True
1785949615.241,64633.99,0.00016,True
1785949615.241,64633.99,8e-05,True
1785949615.241,64633.99,8e-05,True
1785949615.241,64633.99,8e-05,True
1785949615.241,64633.99,8e-05,True
1785949615.241,64633.99,8e-05,True
1785949615.241,64633.99,8e-05,True
1785949615.241,64633.99,8e-05,True
1785949615.241,64633.98,0.00016,True
1785949615.241,64633.78,8e-05,True
1785949615.241,64633.78,8e-05,True
1785949615.241,64633.35,8e-05,True
1785949615.241,64633.18,8e-05,True
1785949615.241,64633.18,8e-05,True
1785949615.241,64632.62,0.00429,True
1785949615.241,64632.5,9e-05,True
1785949615.241,64632.5,9e-05,True
1785949615.241,64632.5,9e-05,True
1785949615.241,64632.49,9e-05,True
1785949615.241,64632.49,9e-05,True
1785949615.241,64632.49,0.00123,True
1785949615.284,64632.49,9e-05,True
1785949615.284,64632.49,9e-05,True
1785949615.284,64632.49,8e-05,True
1785949615.284,64632.49,8e-05,True
1785949615.284,64632.49,8e-05,True
1785949615.284,64632.49,8e-05,True
1785949615.284,64632.49,8e-05,True
1785949615.284,64632.49,8e-05,True
1785949615.284,64632.49,8e-05,True
1785949615.284,64632.49,8e-05,True
1785949615.284,64632.49,8e-05,True
1785949615.284,64632.49,8e-05,True
1785949615.284,64632.49,8e-05,True
1785949615.284,64632.49,8e-05,True
1785949615.284,64632.49,8e-05,True
1785949615.284,64632.49,8e-05,True
1785949615.284,64632.49,8e-05,True
1785949615.284,64632.49,9e-05,True
1785949615.284,64632.49,8e-05,True
1785949615.284,64632.49,8e-05,True
1785949615.284,64632.49,8e-05,True
1785949615.284,64632.49,8e-05,True
1785949615.631,64632.48,8e-05,True
1785949615.631,64632.48,8e-05,True
1785949615.631,64632.48,8e-05,True
1785949615.631,64632.48,8e-05,True
1785949615.631,64632.48,8e-05,True
1785949615.631,64632.48,8e-05,True
1785949615.631,64632.48,0.00057,True
1785949616.04,64632.49,0.005,False
1785949616.297,64632.49,0.00156,False
1785949616.973,64632.49,0.00257,False
1785949617.3,64632.49,0.01707,False
1785949617.302,64632.49,0.03009,False
1785949618.226,64632.49,0.00025,False
1785949618.535,64632.48,0.00066,True
1785949618.854,64632.49,0.00029,False
1785949619.498,64632.48,0.00023,True
1785949620.487,64632.48,0.00014,True
1785949620.622,64632.49,0.00747,False
1785949620.825,64632.49,0.00047,False
1785949620.825,64632.49,0.00047,False
1785949620.827,64632.49,0.00095,False
1785949620.83,64632.49,0.00095,False
1785949621.379,64632.48,0.00071,True
1785949621.415,64632.48,0.01448,True
1785949621.415,64632.48,8e-05,True
1785949621.415,64632.48,8e-05,True
1785949621.415,64632.48,8e-05,True
1785949621.415,64632.48,0.00018,True
1785949621.698,64632.48,0.00022,True
1785949622.329,64632.49,0.00774,False
1785949622.33,64632.49,0.39602,False
1785949622.334,64632.49,9e-05,False
1785949622.334,64632.49,8e-05,False
1785949622.334,64632.49,9e-05,False
1785949622.334,64632.49,8e-05,False
1785949622.334,64632.49,9e-05,False
1785949622.334,64632.49,9e-05,False
1785949622.334,64632.49,0.00016,False
1785949622.334,64632.49,9e-05,False
1785949622.334,64632.49,9e-05,False
1785949622.334,64632.49,8e-05,False
1785949622.334,64632.49,8e-05,False
1785949622.334,64632.49,0.00773,False
1785949622.334,64632.49,0.0007,False
1785949622.334,64632.49,0.00156,False
1785949622.335,64632.49,0.0001,False
1785949622.337,64632.49,0.00336,False
1785949622.337,64632.49,0.00047,False
1785949622.337,64632.49,0.00109,False
1785949622.337,64632.49,8e-05,False
1785949622.337,64632.49,8e-05,False
1785949622.337,64632.49,8e-05,False
1785949622.337,64632.49,8e-05,False
1785949622.337,64632.49,8e-05,False
1785949622.337,64632.49,8e-05,False
1785949622.337,64632.49,8e-05,False
1785949622.337,64632.49,8e-05,False
1785949622.337,64632.49,8e-05,False
1785949622.337,64632.49,9e-05,False
1785949622.337,64632.49,8e-05,False
1785949622.337,64632.49,8e-05,False
1785949622.337,64632.49,8e-05,False
1785949622.337,64632.49,9e-05,False
1785949622.337,64632.49,8e-05,False
1785949622.337,64632.49,8e-05,False
1785949622.337,64632.49,9e-05,False
1785949622.337,64632.49,9e-05,False
1785949622.337,64632.49,9e-05,False
1785949622.337,64632.49,0.00016,False
1785949622.337,64632.49,9e-05,False
1785949622.337,64632.49,9e-05,False
1785949622.337,64632.49,9e-05,False
1785949622.337,64632.49,8e-05,False
1785949622.337,64632.49,8e-05,False
1785949622.337,64632.49,8e-05,False
1785949622.337,64632.49,8e-05,False
1785949622.337,64632.49,8e-05,False
1785949622.337,64632.49,8e-05,False
1785949622.337,64632.49,8e-05,False
1785949622.337,64632.5,8e-05,False
1785949622.337,64632.5,0.0167,False
1785949622.337,64632.5,0.00016,False
1785949622.337,64632.5,8e-05,False
1785949622.337,64632.5,9e-05,False
1785949622.337,64632.5,9e-05,False
1785949622.337,64632.5,8e-05,False
1785949622.337,64632.5,8e-05,False
1785949622.337,64632.5,8e-05,False
1785949622.337,64632.5,8e-05,False
1785949622.337,64632.5,8e-05,False
1785949622.337,64632.5,9e-05,False
1785949622.337,64632.5,9e-05,False
1785949622.337,64632.5,8e-05,False
1785949622.337,64632.5,8e-05,False
1785949622.337,64632.5,8e-05,False
1785949622.337,64632.5,8e-05,False
1785949622.337,64632.5,8e-05,False
1785949622.337,64632.5,8e-05,False
1785949622.337,64632.5,8e-05,False
1785949622.337,64632.5,8e-05,False
1785949622.337,64632.5,8e-05,False
1785949622.337,64632.5,8e-05,False
1785949622.337,64632.5,8e-05,False
1785949622.337,64632.51,0.00016,False
1785949622.337,64632.52,8e-05,False
1785949622.337,64632.52,8e-05,False
1785949622.337,64632.52,8e-05,False
1785949622.337,64632.52,8e-05,False
1785949622.337,64632.52,8e-05,False
1785949622.337,64632.52,8e-05,False
1785949622.337,64632.52,8e-05,False
1785949622.337,64633.35,8e-05,False
1785949622.337,64633.67,8e-05,False
1785949622.337,64633.67,8e-05,False
1785949622.337,64633.67,8e-05,False
1785949622.337,64633.67,8e-05,False
1785949622.337,64633.67,8e-05,False
1785949622.337,64633.79,0.00418,False
1785949622.337,64633.83,9e-05,False
1785949622.337,64633.83,9e-05,False
1785949622.337,64634.0,9e-05,False
1785949622.337,64634.0,9e-05,False
1785949622.337,64634.0,9e-05,False
1785949622.341,64634.01,8e-05,False
1785949622.341,64634.01,0.00543,False
1785949622.341,64634.01,0.00141,False
1785949622.36,64634.01,0.02455,False
1785949622.36,64634.01,8e-05,False
1785949622.36,64634.01,9e-05,False
1785949622.36,64634.01,9e-05,False
1785949622.36,64634.01,8e-05,False
1785949622.36,64634.01,8e-05,False
1785949622.36,64634.01,8e-05,False
1785949622.36,64634.01,9e-05,False
1785949622.36,64634.01,9e-05,False
1785949622.36,64634.01,8e-05,False
1785949622.36,64634.01,8e-05,False
1785949622.36,64634.01,8e-05,False
1785949622.36,64634.01,8e-05,False
1785949622.36,64634.01,8e-05,False
1785949622.36,64634.01,8e-05,False
1785949622.36,64634.01,8e-05,False
1785949622.36,64634.01,8e-05,False
1785949622.36,64634.01,8e-05,False
1785949622.36,64634.01,8e-05,False
1785949622.36,64634.01,0.00543,False
1785949622.36,64634.01,9e-05,False
1785949622.36,64634.01,8e-05,False
1785949622.36,64634.01,8e-05,False
1785949622.36,64634.01,8e-05,False
1785949622.36,64634.01,8e-05,False
1785949622.36,64634.01,8e-05,False
1785949622.36,64634.01,0.00543,False
1785949622.36,64634.01,8e-05,False
1785949622.36,64634.01,8e-05,False
1785949622.36,64634.01,0.00543,False
1785949622.36,64634.01,8e-05,False
1785949622.36,64634.01,0.00543,False
1785949622.36,64634.01,0.00543,False
1785949622.36,64634.01,0.00351,False
1785949622.362,64634.01,0.00192,False
1785949622.362,64634.01,9e-05,False
1785949622.362,64634.01,8e-05,False
1785949622.362,64634.01,8e-05,False
1785949622.362,64634.01,8e-05,False
1785949622.362,64634.01,8e-05,False
1785949622.362,64634.01,9e-05,False
1785949622.362,64634.01,8e-05,False
1785949622.362,64634.01,9e-05,False
1785949622.362,64634.01,0.00543,False
1785949622.362,64634.01,8e-05,False
1785949622.362,64634.01,0.00543,False
1785949622.362,64634.01,0.00543,False
1785949622.362,64634.01,0.00543,False
1785949622.362,64634.01,0.00543,False
1785949622.362,64634.01,0.00543,False
1785949622.362,64634.01,0.00543,False
1785949622.362,64634.01,0.00543,False
1785949622.362,64634.01,0.00543,False
1785949622.362,64634.01,0.00543,False
1785949622.362,64634.01,0.00543,False
1785949622.362,64634.01,0.00543,False
1785949622.362,64634.01,0.00543,False
1785949622.362,64634.01,0.00543,False
1785949622.362,64634.01,0.00543,False
1785949622.362,64634.01,0.00543,False
1785949622.362,64634.01,0.00543,False
1785949622.362,64634.01,0.00543,False
1785949622.362,64634.01,0.00543,False
1785949622.362,64634.01,0.00543,False
1785949622.362,64634.01,0.00543,False
1785949622.362,64634.01,0.00543,False
1785949622.362,64634.01,0.00543,False
1785949622.362,64634.01,0.00429,False
1785949622.362,64634.01,0.00114,False
1785949622.362,64634.01,0.00543,False
1785949622.362,64634.01,0.00543,False
1785949622.362,64634.01,0.00543,False
1785949622.362,64634.01,0.00543,False
1785949622.362,64634.01,0.00543,False
1785949622.362,64634.01,0.00543,False
1785949622.362,64634.01,0.00543,False
1785949622.362,64634.01,0.00543,False
1785949622.362,64634.01,0.00543,False
1785949622.362,64634.01,0.00016,False
1785949622.365,64634.01,0.00527,False
1785949622.365,64634.01,8e-05,False
1785949622.365,64634.01,8e-05,False
1785949622.365,64634.01,8e-05,False
1785949622.365,64634.01,8e-05,False
1785949622.365,64634.01,8e-05,False
1785949622.365,64634.01,8e-05,False
1785949622.365,64634.01,9e-05,False
1785949622.365,64634.01,8e-05,False
1785949622.365,64634.01,9e-05,False
1785949622.365,64634.01,9e-05,False
1785949622.365,64634.01,8e-05,False
1785949622.365,64634.01,8e-05,False
1785949622.365,64634.01,8e-05,False
1785949622.365,64634.01,9e-05,False
1785949622.365,64634.01,9e-05,False
1785949622.365,64634.01,8e-05,False
1785949622.365,64634.01,0.00543,False
1785949622.365,64634.01,8e-05,False
1785949622.365,64634.01,0.00543,False
1785949622.365,64634.01,0.00543,False
1785949622.365,64634.01,0.00543,False
1785949622.365,64634.01,0.00543,False
1785949622.365,64634.01,0.00543,False
1785949622.366,64634.01,0.00543,False
1785949622.366,64634.01,0.00543,False
1785949622.366,64634.01,5e-05,False
1785949622.376,64634.01,0.00538,False
1785949622.376,64634.01,0.00047,False
1785949622.376,64634.01,9e-05,False
1785949622.376,64634.01,9e-05,False
1785949622.376,64634.01,8e-05,False
1785949622.376,64634.01,9e-05,False
1785949622.376,64634.01,8e-05,False
1785949622.376,64634.01,8e-05,False
1785949622.376,64634.01,8e-05,False
1785949622.376,64634.01,9e-05,False
1785949622.376,64634.01,8e-05,False
1785949622.376,64634.01,9e-05,False
1785949622.376,64634.01,8e-05,False
1785949622.376,64634.01,8e-05,False
1785949622.376,64634.01,8e-05,False
1785949622.376,64634.01,8e-05,False
1785949622.376,64634.01,8e-05,False
1785949622.376,64634.01,0.00543,False
1785949622.376,64634.01,8e-05,False
1785949622.376,64634.01,0.00543,False
1785949622.376,64634.01,0.00543,False
1785949622.376,64634.01,0.00543,False
1785949622.376,64634.01,0.00543,False
1785949622.376,64634.01,0.00543,False
1785949622.376,64634.01,0.00543,False
1785949622.376,64634.01,0.00543,False
1785949622.376,64634.01,0.00543,False
1785949622.376,64634.01,0.00543,False
1785949622.376,64634.01,0.00543,False
1785949622.376,64634.01,0.00543,False
1785949622.376,64634.01,0.00543,False
1785949622.376,64634.01,0.00543,False
1785949622.376,64634.01,0.00543,False
1785949622.376,64634.01,0.00543,False
1785949622.376,64634.01,0.00543,False
1785949622.376,64634.01,0.00543,False
1785949622.376,64634.01,0.00543,False
1785949622.376,64634.01,0.00543,False
1785949622.376,64634.01,0.00543,False
1785949622.376,64634.01,0.00543,False
1785949622.376,64634.01,0.00543,False
1785949622.376,64634.01,0.00543,False
1785949622.376,64634.01,0.00336,False
1785949622.376,64634.02,8e-05,False
1785949622.376,64634.02,9e-05,False
1785949622.376,64634.02,8e-05,False
1785949622.376,64634.02,9e-05,False
1785949622.376,64634.02,8e-05,False
1785949622.376,64634.02,8e-05,False
1785949622.376,64634.02,8e-05,False
1785949622.376,64634.02,8e-05,False
1785949622.376,64634.02,8e-05,False
1785949622.376,64634.02,8e-05,False
1785949622.376,64634.21,8e-05,False
1785949622.376,64634.64,8e-05,False
1785949622.376,64634.64,8e-05,False
1785949622.376,64634.64,8e-05,False
1785949622.376,64634.64,8e-05,False
1785949622.376,64634.91,9e-05,False
1785949622.376,64634.91,9e-05,False
1785949622.376,64635.3,8e-05,False
1785949622.376,64635.3,8e-05,False
1785949622.376,64635.3,8e-05,False
1785949622.376,64635.3,8e-05,False
1785949622.376,64635.3,8e-05,False
1785949622.376,64635.72,0.00487,False
1785949622.376,64635.99,9e-05,False
1785949622.376,64635.99,9e-05,False
1785949622.376,64635.99,9e-05,False
1785949622.39,64636.0,0.007,False
1785949622.39,64636.0,0.008,False
1785949622.39,64636.0,0.00075,False
1785949622.39,64636.0,0.00031,False
1785949622.39,64636.0,9e-05,False
1785949622.39,64636.0,9e-05,False
1785949622.39,64636.0,8e-05,False
1785949622.39,64636.0,8e-05,False
1785949622.39,64636.0,8e-05,False
1785949622.39,64636.0,9e-05,False
1785949622.39,64636.0,9e-05,False
1785949622.39,64636.0,8e-05,False
1785949622.39,64636.0,8e-05,False
1785949622.39,64636.0,8e-05,False
1785949622.39,64636.0,8e-05,False
1785949622.39,64636.0,8e-05,False
1785949622.39,64636.0,8e-05,False
1785949622.39,64636.0,8e-05,False
1785949622.39,64636.0,8e-05,False
1785949622.39,64636.0,8e-05,False
1785949622.39,64636.0,9e-05,False
1785949622.39,64636.0,8e-05,False
1785949622.39,64636.01,8e-05,False
1785949622.39,64636.01,8e-05,False
1785949622.39,64636.01,8e-05,False
1785949622.39,64636.01,8e-05,False
1785949622.39,64636.01,9e-05,False
1785949622.39,64636.01,9e-05,False
1785949622.39,64636.01,8e-05,False
1785949622.39,64636.01,8e-05,False
1785949622.39,64636.01,8e-05,False
1785949622.39,64636.06,8e-05,False
1785949622.39,64636.06,8e-05,False
1785949622.39,64636.56,8e-05,False
1785949622.39,64637.28,9e-05,False
1785949622.39,64637.28,9e-05,False
1785949622.39,64637.29,8e-05,False
1785949622.39,64637.29,8e-05,False
1785949622.39,64637.57,8e-05,False
1785949622.39,64637.92,8e-05,False
1785949622.39,64637.92,8e-05,False
1785949622.39,64637.92,8e-05,False
1785949622.39,64637.92,8e-05,False
1785949622.39,64637.92,8e-05,False
1785949622.39,64637.92,8e-05,False
1785949622.39,64637.92,8e-05,False
1785949622.39,64637.92,8e-05,False
1785949622.39,64637.92,8e-05,False
1785949622.39,64637.92,8e-05,False
1785949622.39,64637.99,0.00543,False
1785949622.39,64637.99,9e-05,False
1785949622.39,64637.99,9e-05,False
1785949622.39,64637.99,9e-05,False
1785949622.39,64637.99,9e-05,False
1785949622.39,64637.99,0.00543,False
1785949622.39,64637.99,9e-05,False
1785949622.39,64637.99,0.00543,False
1785949622.39,64637.99,0.00543,False
1785949622.39,64637.99,0.00543,False
1785949622.39,64637.99,0.00543,False
1785949622.39,64637.99,0.00543,False
1785949622.39,64637.99,0.00316,False
1785949622.421,64637.99,0.00227,False
1785949622.421,64637.99,9e-05,False
1785949622.421,64637.99,9e-05,False
1785949622.421,64637.99,9e-05,False
1785949622.421,64637.99,0.1589,False
1785949622.421,64637.99,8e-05,False
1785949622.421,64637.99,8e-05,False
1785949622.421,64637.99,9e-05,False
1785949622.421,64637.99,8e-05,False
1785949622.421,64637.99,8e-05,False
1785949622.421,64637.99,8e-05,False
1785949622.421,64637.99,8e-05,False
1785949622.421,64637.99,8e-05,False
1785949622.421,64637.99,8e-05,False
1785949622.421,64637.99,8e-05,False
1785949622.421,64637.99,8e-05,False
1785949622.421,64637.99,8e-05,False
1785949622.421,64637.99,8e-05,False
1785949622.421,64637.99,9e-05,False
1785949622.421,64637.99,9e-05,False
1785949622.421,64637.99,8e-05,False
1785949622.421,64637.99,8e-05,False
1785949622.421,64637.99,8e-05,False
1785949622.421,64637.99,9e-05,False
1785949622.421,64637.99,0.00543,False
1785949622.421,64637.99,9e-05,False
1785949622.421,64637.99,8e-05,False
1785949622.421,64637.99,0.00543,False
1785949622.421,64637.99,8e-05,False
1785949622.421,64637.99,0.00543,False
1785949622.421,64637.99,8e-05,False
1785949622.421,64637.99,0.00543,False
1785949622.421,64637.99,8e-05,False
1785949622.421,64637.99,0.00543,False
1785949622.421,64637.99,0.00543,False
1785949622.421,64637.99,0.00503,False
1785949622.46,64637.99,0.0004,False
1785949622.46,64637.99,8e-05,False
1785949622.46,64637.99,9e-05,False
1785949622.46,64637.99,9e-05,False
1785949622.46,64637.99,8e-05,False
1785949622.46,64637.99,9e-05,False
1785949622.46,64637.99,8e-05,False
1785949622.46,64637.99,8e-05,False
1785949622.46,64637.99,8e-05,False
1785949622.46,64637.99,9e-05,False
1785949622.46,64637.99,8e-05,False
1785949622.46,64637.99,9e-05,False
1785949622.46,64637.99,8e-05,False
1785949622.46,64637.99,8e-05,False
1785949622.46,64637.99,8e-05,False
1785949622.46,64637.99,8e-05,False
1785949622.46,64637.99,8e-05,False
1785949622.46,64637.99,8e-05,False
1785949622.46,64637.99,8e-05,False
1785949622.46,64637.99,8e-05,False
1785949622.46,64637.99,9e-05,False
1785949622.46,64637.99,9e-05,False
1785949622.46,64637.99,8e-05,False
1785949622.46,64637.99,0.00495,False
1785949622.46,64637.99,0.00032,False
1785949622.798,64637.98,0.00048,True
1785949623.364,64637.98,0.0001,True
1785949623.437,64637.99,0.00245,False
1785949623.788,64637.98,8e-05,True
1785949623.788,64637.98,2e-05,True
1785949623.859,64637.98,7e-05,True
1785949623.859,64637.98,0.00016,True
1785949623.859,64637.98,8e-05,True
1785949623.859,64637.98,8e-05,True
1785949623.859,64637.98,8e-05,True
1785949623.859,64637.98,8e-05,True
1785949623.859,64637.98,8e-05,True
1785949623.859,64637.98,3e-05,True
1785949623.916,64637.98,0.0077,True
1785949623.916,64637.98,8e-05,True
1785949623.916,64637.98,0.01,True
1785949623.916,64637.98,9e-05,True
1785949623.916,64637.98,9e-05,True
1785949623.916,64637.98,9e-05,True
1785949623.916,64637.98,8e-05,True
1785949623.916,64637.98,0.00102,True
1785949623.916,64637.98,0.00012,True
1785949623.916,64637.98,0.0001,True
1785949623.916,64637.98,8e-05,True
1785949623.916,64637.98,8e-05,True
1785949623.916,64637.98,8e-05,True
1785949623.916,64637.98,8e-05,True
1785949623.916,64637.98,8e-05,True
1785949623.916,64637.98,8e-05,True
1785949623.916,64637.98,8e-05,True
1785949623.916,64637.98,8e-05,True
1785949623.916,64637.98,9e-05,True
1785949623.916,64637.98,9e-05,True
1785949623.916,64637.98,8e-05,True
1785949623.916,64637.98,8e-05,True
1785949623.916,64637.98,9e-05,True
1785949623.916,64637.98,0.00016,True
1785949623.916,64637.98,8e-05,True
1785949623.916,64637.98,8e-05,True
1785949623.916,64637.98,8e-05,True
1785949623.916,64637.98,8e-05,True
1785949623.916,64637.98,8e-05,True
1785949623.916,64637.98,8e-05,True
1785949623.916,64637.98,8e-05,True
1785949623.916,64637.98,8e-05,True
1785949623.916,64637.97,9e-05,True
1785949623.916,64637.97,9e-05,True
1785949623.916,64637.97,0.00016,True
1785949623.916,64637.97,8e-05,True
1785949623.916,64637.97,8e-05,True
1785949623.916,64637.97,8e-05,True
1785949623.916,64637.97,8e-05,True
1785949623.916,64637.97,8e-05,True
1785949623.916,64637.97,8e-05,True
1785949623.916,64637.97,8e-05,True
1785949623.916,64637.97,8e-05,True
1785949623.916,64637.96,0.00016,True
1785949623.916,64637.9,8e-05,True
1785949623.916,64637.9,8e-05,True
1785949623.916,64637.9,8e-05,True
1785949623.916,64637.9,8e-05,True
1785949623.916,64637.9,8e-05,True
1785949623.916,64637.9,8e-05,True
1785949623.916,64637.9,8e-05,True
1785949623.916,64637.9,8e-05,True
1785949623.916,64637.9,8e-05,True
1785949623.916,64637.9,8e-05,True
1785949623.916,64636.86,0.00076,True
1785949623.916,64636.68,0.00432,True
1785949623.916,64636.56,8e-05,True
1785949623.916,64636.0,0.00023,True
1785949623.916,64635.99,8e-05,True
1785949623.916,64635.99,8e-05,True
1785949623.916,64635.99,8e-05,True
1785949623.916,64635.99,8e-05,True
1785949623.916,64635.99,8e-05,True
1785949623.916,64635.38,0.0036,True
1785949623.916,64634.86,8e-05,True
1785949623.916,64634.09,0.00288,True
1785949623.916,64634.0,8e-05,True
1785949623.916,64634.0,8e-05,True
1785949623.916,64634.0,0.00425,True
1785949623.916,64634.0,8e-05,True
1785949623.916,64634.0,8e-05,True
1785949623.916,64634.0,8e-05,True
1785949623.916,64634.0,8e-05,True
1785949623.916,64634.0,8e-05,True
1785949623.916,64634.0,8e-05,True
1785949623.916,64634.0,8e-05,True
1785949623.916,64634.0,8e-05,True
1785949623.916,64633.44,8e-05,True
1785949623.916,64633.35,8e-05,True
1785949623.916,64632.8,0.00216,True
1785949623.916,64632.49,0.00023,True
1785949623.916,64632.49,9e-05,True
1785949623.916,64632.49,9e-05,True
1785949623.916,64632.49,9e-05,True
1785949623.916,64632.48,8e-05,True
1785949623.916,64632.48,8e-05,True
1785949623.916,64632.48,0.00015,True
1785949623.916,64632.48,0.00185,True
1785949623.916,64632.48,0.0167,True
1785949623.916,64632.48,9e-05,True
1785949623.916,64632.48,9e-05,True
1785949623.916,64632.48,8e-05,True
1785949623.916,64632.48,8e-05,True
1785949623.916,64632.48,8e-05,True
1785949623.916,64632.48,8e-05,True
1785949623.916,64632.48,8e-05,True
1785949623.916,64632.48,8e-05,True
1785949623.916,64632.48,8e-05,True
1785949623.916,64632.48,8e-05,True
1785949623.916,64632.2,9e-05,True
1785949623.916,64632.2,9e-05,True
1785949623.916,64632.2,9e-05,True
1785949624.286,64632.2,0.01594,False
1785949625.215,64632.19,8e-05,True
1785949625.215,64632.19,8e-05,True
1785949625.215,64632.19,0.0794,True
1785949625.902,64632.19,8e-05,True
1785949625.902,64632.19,8e-05,True
1785949625.902,64632.19,8e-05,True
1785949625.902,64632.19,8e-05,True
1785949625.902,64632.19,8e-05,True
1785949625.902,64632.19,8e-05,True
1785949625.902,64632.19,8e-05,True
1785949625.902,64632.19,8e-05,True
1785949625.902,64632.19,8e-05,True
1785949625.902,64632.19,8e-05,True
1785949625.902,64632.19,8e-05,True
1785949625.902,64632.19,9e-05,True
1785949625.902,64632.19,8e-05,True
1785949625.902,64632.19,8e-05,True
1785949625.902,64632.19,9e-05,True
1785949625.902,64632.19,9e-05,True
1785949625.902,64632.19,8e-05,True
1785949625.902,64632.19,8e-05,True
1785949625.902,64632.19,8e-05,True
1785949625.902,64632.19,8e-05,True
1785949625.902,64632.19,8e-05,True
1785949625.902,64632.19,8e-05,True
1785949625.902,64632.19,0.00016,True
1785949625.902,64632.19,0.01,True
1785949625.902,64632.19,8e-05,True
1785949625.902,64632.19,8e-05,True
1785949625.902,64632.19,8e-05,True
1785949625.902,64632.19,9e-05,True
1785949625.902,64632.19,9e-05,True
1785949625.902,64632.19,9e-05,True
1785949625.902,64632.19,8e-05,True
1785949625.902,64632.19,8e-05,True
1785949625.902,64632.19,0.00048,True
1785949625.902,64632.19,8e-05,True
1785949625.902,64632.19,8e-05,True
1785949625.902,64632.19,0.0001,True
1785949625.902,64632.19,0.1589,True
1785949625.902,64632.19,8e-05,True
1785949625.902,64632.19,8e-05,True
1785949625.902,64632.19,8e-05,True
1785949625.902,64632.19,8e-05,True
1785949625.902,64632.19,8e-05,True
1785949625.902,64632.19,8e-05,True
1785949625.902,64632.19,8e-05,True
1785949625.902,64632.19,8e-05,True
1785949625.902,64632.19,8e-05,True
1785949625.902,64632.19,8e-05,True
1785949625.902,64632.19,8e-05,True
1785949625.902,64632.19,8e-05,True
1785949625.902,64632.18,9e-05,True
1785949625.902,64632.18,9e-05,True
1785949625.902,64632.18,8e-05,True
1785949625.902,64632.18,8e-05,True
1785949625.902,64632.18,8e-05,True
1785949625.902,64632.18,8e-05,True
1785949625.902,64632.18,8e-05,True
1785949625.902,64632.18,8e-05,True
1785949625.902,64632.18,0.00016,True
1785949625.902,64632.18,8e-05,True
1785949625.902,64632.18,8e-05,True
1785949625.902,64632.17,0.00016,True
1785949625.902,64632.03,0.0001,True
1785949625.902,64632.01,8e-05,True
1785949625.902,64632.01,8e-05,True
1785949625.902,64632.01,9e-05,True
1785949625.902,64632.01,9e-05,True
1785949625.902,64632.01,8e-05,True
1785949625.902,64632.01,8e-05,True
1785949625.902,64632.01,9e-05,True
1785949626.542,64632.0,0.0001,True
1785949626.604,64632.0,0.0069,True
1785949626.604,64632.0,0.00641,True
1785949626.689,64632.0,0.016,True
1785949626.689,64632.0,0.00575,True
1785949626.689,64632.0,8e-05,True
1785949626.689,64632.0,8e-05,True
1785949626.689,64632.0,8e-05,True
1785949626.689,64632.0,8e-05,True
1785949626.689,64632.0,8e-05,True
1785949626.689,64632.0,8e-05,True
1785949626.689,64632.0,8e-05,True
1785949626.689,64632.0,8e-05,True
1785949626.689,64632.0,8e-05,True
1785949626.689,64632.0,8e-05,True
1785949626.689,64632.0,8e-05,True
1785949626.689,64632.0,9e-05,True
1785949626.689,64632.0,8e-05,True
1785949626.689,64632.0,9e-05,True
1785949626.689,64632.0,9e-05,True
1785949626.689,64632.0,8e-05,True
1785949626.689,64632.0,9e-05,True
1785949626.689,64632.0,8e-05,True
1785949626.689,64632.0,8e-05,True
1785949626.689,64632.0,8e-05,True
1785949626.689,64632.0,8e-05,True
1785949626.689,64632.0,8e-05,True
1785949626.689,64632.0,8e-05,True
1785949626.689,64631.99,0.00016,True
1785949626.689,64631.99,8e-05,True
1785949626.689,64631.99,9e-05,True
1785949626.689,64631.99,8e-05,True
1785949626.689,64631.99,9e-05,True
1785949626.689,64631.99,8e-05,True
1785949626.689,64631.99,8e-05,True
1785949626.689,64631.99,8e-05,True
1785949626.689,64631.99,8e-05,True
1785949626.689,64631.99,8e-05,True
1785949626.689,64631.42,8e-05,True
1785949626.689,64631.42,8e-05,True
1785949626.689,64631.39,0.00019,True
1785949626.689,64630.76,0.00426,True
1785949626.689,64630.68,0.00308,True
1785949626.689,64630.14,0.00023,True
1785949626.689,64630.14,8e-05,True
1785949626.689,64630.01,9e-05,True
1785949626.689,64630.01,9e-05,True
1785949626.689,64630.01,8e-05,True
1785949626.689,64630.01,9e-05,True
1785949626.689,64630.01,8e-05,True
1785949626.723,64630.0,0.008,True
1785949626.723,64630.0,0.007,True
1785949626.723,64630.0,0.005,True
1785949626.723,64630.0,9e-05,True
1785949626.723,64630.0,9e-05,True
1785949626.723,64630.0,8e-05,True
1785949626.723,64630.0,8e-05,True
1785949626.723,64630.0,8e-05,True
1785949626.723,64630.0,8e-05,True
1785949626.723,64630.0,8e-05,True
1785949626.723,64630.0,8e-05,True
1785949626.723,64630.0,8e-05,True
1785949626.723,64630.0,8e-05,True
1785949626.723,64630.0,8e-05,True
1785949626.723,64630.0,8e-05,True
1785949626.723,64630.0,8e-05,True
1785949626.723,64630.0,8e-05,True
1785949626.723,64630.0,8e-05,True
1785949626.723,64630.0,8e-05,True
1785949626.723,64630.0,8e-05,True
1785949626.723,64630.0,8e-05,True
1785949626.723,64630.0,8e-05,True
1785949626.723,64630.0,8e-05,True
1785949626.723,64630.0,8e-05,True
1785949626.723,64630.0,8e-05,True
1785949626.723,64630.0,8e-05,True
1785949626.723,64630.0,8e-05,True
1785949626.723,64630.0,8e-05,True
1785949626.723,64630.0,8e-05,True
1785949626.723,64630.0,0.00016,True
1785949626.723,64630.0,8e-05,True
1785949626.723,64630.0,8e-05,True
1785949626.723,64630.0,9e-05,True
1785949626.723,64630.0,0.00505,True
1785949626.725,64630.0,0.00654,True
1785949626.725,64630.0,8e-05,True
1785949626.725,64630.0,8e-05,True
1785949626.725,64630.0,8e-05,True
1785949626.725,64630.0,9e-05,True
1785949626.725,64630.0,0.00016,True
1785949626.725,64630.0,8e-05,True
1785949626.725,64630.0,8e-05,True
1785949626.725,64630.0,8e-05,True
1785949626.725,64630.0,8e-05,True
1785949626.725,64630.0,8e-05,True
1785949626.725,64630.0,0.25292,True
1785949626.725,64630.0,9e-05,True
1785949626.725,64630.0,9e-05,True
1785949626.725,64630.0,8e-05,True
1785949626.725,64630.0,8e-05,True
1785949626.725,64630.0,8e-05,True
1785949626.725,64629.99,8e-05,True
1785949626.725,64629.99,9e-05,True
1785949626.725,64629.99,8e-05,True
1785949626.725,64629.99,8e-05,True
1785949626.725,64629.99,9e-05,True
1785949626.725,64629.99,8e-05,True
1785949626.725,64629.99,8e-05,True
1785949626.725,64629.99,8e-05,True
1785949626.725,64629.99,8e-05,True
1785949626.725,64629.99,0.00016,True
1785949626.725,64629.98,0.00016,True
1785949626.731,64629.88,0.00671,True
1785949626.731,64629.88,9e-05,True
1785949626.731,64629.88,9e-05,True
1785949626.731,64629.88,8e-05,True
1785949626.731,64629.88,8e-05,True
1785949626.731,64629.88,8e-05,True
1785949626.731,64629.88,8e-05,True
1785949626.731,64629.88,8e-05,True
1785949626.731,64629.88,8e-05,True
1785949626.731,64629.88,8e-05,True
1785949626.731,64629.88,8e-05,True
1785949626.731,64629.88,8e-05,True
1785949626.731,64629.88,8e-05,True
1785949626.731,64629.88,8e-05,True
1785949626.731,64629.88,8e-05,True
1785949626.731,64629.88,8e-05,True
1785949626.731,64629.88,8e-05,True
1785949626.731,64629.88,8e-05,True
1785949626.731,64629.88,8e-05,True
1785949626.731,64629.88,8e-05,True
1785949626.731,64629.88,8e-05,True
1785949626.731,64629.88,8e-05,True
1785949626.731,64629.87,8e-05,True
1785949626.731,64629.87,8e-05,True
1785949626.731,64629.87,8e-05,True
1785949626.731,64629.87,8e-05,True
1785949626.731,64629.87,8e-05,True
1785949626.731,64629.87,8e-05,True
1785949626.731,64629.87,9e-05,True
1785949626.731,64629.87,8e-05,True
1785949626.731,64629.87,9e-05,True
1785949626.731,64629.46,0.00355,True
1785949626.731,64629.34,8e-05,True
1785949626.731,64629.34,8e-05,True
1785949626.731,64628.95,8e-05,True
1785949626.731,64628.95,8e-05,True
1785949626.932,64628.18,0.0003,False
1785949627.122,64628.18,9e-05,False
1785949627.307,64628.18,0.03255,False
1785949627.316,64628.17,8e-05,True
1785949627.316,64628.17,8e-05,True
1785949627.316,64628.17,8e-05,True
1785949627.316,64628.17,8e-05,True
1785949627.316,64628.17,8e-05,True
1785949627.316,64628.17,8e-05,True
1785949627.316,64628.17,8e-05,True
1785949627.316,64628.17,8e-05,True
1785949627.316,64628.17,8e-05,True
1785949627.316,64628.17,8e-05,True
1785949627.316,64628.17,8e-05,True
1785949627.316,64628.17,8e-05,True
1785949627.316,64628.17,8e-05,True
1785949627.316,64628.17,8e-05,True
1785949627.316,64628.17,8e-05,True
1785949627.316,64628.17,8e-05,True
1785949627.316,64628.17,8e-05,True
1785949627.316,64628.17,9e-05,True
1785949627.316,64628.17,9e-05,True
1785949627.316,64628.17,8e-05,True
1785949627.316,64628.17,9e-05,True
1785949627.316,64628.17,8e-05,True
1785949627.316,64628.17,8e-05,True
1785949627.316,64628.17,0.00017,True
1785949627.316,64628.17,8e-05,True
1785949627.316,64628.17,8e-05,True
1785949627.316,64628.17,8e-05,True
1785949627.316,64628.17,8e-05,True
1785949627.316,64628.17,0.01,True
1785949627.316,64628.17,8e-05,True
1785949627.316,64628.17,8e-05,True
1785949627.316,64628.17,8e-05,True
1785949627.316,64628.17,8e-05,True
1785949627.316,64628.17,8e-05,True
1785949627.316,64628.17,8e-05,True
1785949627.316,64628.17,8e-05,True
1785949627.316,64628.16,8e-05,True
1785949627.316,64628.16,8e-05,True
1785949627.316,64628.16,9e-05,True
1785949627.316,64628.16,8e-05,True
1785949627.316,64628.16,8e-05,True
1785949627.316,64628.16,9e-05,True
1785949627.316,64628.16,8e-05,True
1785949627.316,64628.16,8e-05,True
1785949627.316,64628.16,8e-05,True
1785949627.316,64628.16,8e-05,True
1785949627.316,64628.16,8e-05,True
1785949627.316,64628.16,8e-05,True
1785949627.316,64628.01,9e-05,True
1785949627.316,64628.01,9e-05,True
1785949627.316,64628.01,9e-05,True
1785949627.316,64628.0,0.006,True
1785949627.316,64628.0,0.008,True
1785949627.316,64628.0,0.005,True
1785949627.316,64628.0,9e-05,True
1785949627.316,64628.0,9e-05,True
1785949627.316,64628.0,0.014,True
1785949627.316,64627.38,8e-05,True
1785949627.316,64627.38,8e-05,True
1785949627.316,64626.93,8e-05,True
1785949627.316,64626.79,9e-05,True
1785949627.669,64626.78,0.00014,True
1785949628.518,64626.79,0.00154,False
1785949629.163,64626.79,0.02012,False
1785949629.193,64626.79,0.02018,False
1785949629.217,64626.79,0.01995,False
1785949629.277,64626.79,0.02002,False
1785949629.283,64626.79,0.00246,False
1785949629.31,64626.79,0.01981,False
1785949629.344,64626.79,0.01994,False
1785949629.373,64626.79,0.02008,False
1785949629.4,64626.79,0.01999,False
1785949629.429,64626.79,0.01995,False
1785949629.483,64626.79,0.02017,False
1785949629.506,64626.79,0.01995,False
1785949629.533,64626.79,0.02005,False
1785949629.557,64626.79,0.01985,False
1785949629.582,64626.79,0.02017,False
1785949629.608,64626.79,0.02009,False
1785949629.635,64626.79,0.02001,False
1785949629.663,64626.79,0.01992,False
1785949629.708,64626.79,0.02005,False
1785949629.735,64626.79,0.01996,False
1785949629.761,64626.79,0.02017,False
1785949629.786,64626.79,0.01029,False
1785949629.786,64626.79,0.00973,False
1785949629.816,64626.79,0.02006,False
1785949629.843,64626.79,0.02006,False
1785949629.871,64626.79,0.02002,False
1785949629.899,64626.79,0.01983,False
1785949629.929,64626.79,0.01985,False
1785949629.978,64626.79,0.02013,False
1785949630.025,64626.79,0.02006,False
1785949630.051,64626.79,0.02012,False
1785949630.062,64626.79,0.00024,False
1785949630.075,64626.79,0.01981,False
1785949630.104,64626.79,0.01999,False
1785949630.131,64626.79,0.01981,False
1785949630.175,64626.79,0.02018,False
1785949630.196,64626.78,0.00065,True
1785949630.202,64626.79,0.02006,False
1785949630.247,64626.79,0.02004,False
1785949630.275,64626.79,0.02013,False
1785949630.28,64626.79,0.00168,False
1785949630.322,64626.79,0.01995,False
1785949630.349,64626.79,0.01992,False
1785949630.376,64626.79,0.01992,False
1785949630.42,64626.79,0.01987,False
1785949630.445,64626.79,0.02,False
1785949630.497,64626.79,0.01993,False
1785949630.522,64626.79,0.01812,False
1785949630.522,64626.79,0.00197,False
1785949630.547,64626.79,0.02006,False
1785949630.572,64626.79,0.01996,False
1785949630.597,64626.79,0.01878,False
1785949630.597,64626.79,0.00136,False
1785949630.622,64626.79,0.00114,False
1785949630.622,64626.79,0.0043,False
1785949630.622,64626.79,8e-05,False
1785949630.622,64626.79,0.0015,False
1785949630.622,64626.79,0.01316,False
1785949630.65,64626.79,0.0198,False
1785949630.677,64626.79,0.01998,False
1785949630.701,64626.79,0.00018,False
1785949630.703,64626.79,0.01995,False
1785949630.731,64626.79,0.02008,False
1785949630.777,64626.79,0.01984,False
1785949630.826,64626.79,0.02011,False
1785949630.873,64626.79,0.01997,False
1785949630.918,64626.79,0.02019,False
1785949630.945,64626.79,0.02015,False
1785949630.972,64626.79,0.0201,False
1785949630.999,64626.79,0.01983,False
1785949631.028,64626.79,0.01982,False
1785949631.055,64626.79,0.02002,False
1785949631.102,64626.79,0.02003,False
1785949631.126,64626.79,0.02,False
1785949631.155,64626.79,0.01991,False
1785949631.206,64626.79,0.01995,False
1785949631.23,64626.79,0.01986,False
1785949631.277,64626.79,0.0201,False
1785949631.305,64626.79,0.01989,False
1785949631.33,64626.79,0.01993,False
1785949631.354,64626.79,0.01981,False
1785949631.381,64626.79,0.01982,False
1785949631.41,64626.79,0.02008,False
1785949631.439,64626.79,0.0199,False
1785949631.466,64626.79,0.01987,False
1785949631.508,64626.79,0.01988,False
1785949631.555,64626.79,0.0198,False
1785949631.629,64626.79,0.01991,False
1785949631.675,64626.79,0.0201,False
1785949631.701,64626.79,0.01984,False
1785949631.749,64626.79,0.02017,False
1785949631.775,64626.79,0.01994,False
1785949631.82,64626.79,0.02006,False
1785949631.846,64626.79,0.02005,False
1785949631.893,64626.79,0.01986,False
1785949631.92,64626.79,0.01996,False
1785949631.965,64626.79,0.02006,False
1785949631.987,64626.79,0.01989,False
1785949632.035,64626.79,0.02019,False
1785949632.08,64626.79,0.01981,False
1785949632.09,64626.78,0.00497,True
1785949632.106,64626.79,0.01993,False
1785949632.155,64626.79,0.02014,False
1785949632.182,64626.79,0.01999,False
1785949632.215,64626.79,0.00166,False
1785949632.229,64626.79,0.02,False
1785949632.276,64626.79,0.02013,False
1785949632.304,64626.79,0.0201,False
1785949632.352,64626.79,0.0194,False
1785949632.352,64626.79,0.00076,False
1785949632.399,64626.79,0.02,False
1785949632.426,64626.79,0.01999,False
1785949632.471,64626.79,0.02004,False
1785949632.521,64626.79,0.01997,False
1785949632.786,64626.79,0.00578,False
1785949632.856,64626.79,0.00065,False
1785949632.914,64626.78,0.00265,True
1785949633.386,64626.78,0.00137,True
1785949633.657,64626.78,9e-05,True
1785949633.883,64626.79,0.00119,False
1785949634.453,64626.78,0.0001,True
1785949634.964,64626.78,0.00267,True
1785949635.287,64626.79,0.00012,False
1785949636.486,64626.79,0.00494,False
1785949636.602,64626.78,0.00033,True
1785949637.447,64626.78,0.00109,True
1785949638.874,64626.79,0.00032,False
1785949639.074,64626.79,0.00699,False
1785949639.216,64626.79,0.00014,False
1785949639.263,64626.79,0.00012,False
1785949639.847,64626.78,0.00036,True
1785949643.212,64626.78,0.00064,True
1785949643.474,64626.78,0.00075,True
1785949645.215,64626.79,0.00171,False
1785949645.885,64626.78,0.00451,True
1785949645.961,64626.79,0.00063,False
1785949646.273,64626.79,0.00226,False
1785949647.908,64626.78,0.00453,True
1785949648.455,64626.79,0.00668,False
1785949648.465,64626.79,9e-05,False
1785949648.465,64626.79,8e-05,False
1785949648.465,64626.79,8e-05,False
1785949648.465,64626.79,8e-05,False
1785949648.465,64626.79,8e-05,False
1785949648.465,64626.79,8e-05,False
1785949648.465,64626.79,8e-05,False
1785949648.465,64626.79,0.00773,False
1785949648.465,64626.79,0.00047,False
1785949648.465,64626.79,8e-05,False
1785949648.465,64626.79,0.00506,False
1785949648.465,64626.79,8e-05,False
1785949648.465,64626.79,9e-05,False
1785949648.465,64626.79,9e-05,False
1785949648.465,64626.79,9e-05,False
1785949648.465,64626.79,8e-05,False
1785949648.465,64626.79,0.15957,False
1785949648.465,64626.79,0.0007,False
1785949648.465,64626.79,0.00047,False
1785949648.465,64626.79,9e-05,False
1785949648.465,64626.79,0.0001,False
1785949648.465,64626.79,8e-05,False
1785949648.465,64626.79,8e-05,False
1785949648.465,64626.79,8e-05,False
1785949648.465,64626.79,8e-05,False
1785949648.465,64626.79,8e-05,False
1785949648.465,64626.79,8e-05,False
1785949648.465,64626.79,8e-05,False
1785949648.465,64626.79,8e-05,False
1785949648.465,64626.79,8e-05,False
1785949648.465,64626.79,8e-05,False
1785949648.465,64626.79,8e-05,False
1785949648.465,64626.79,8e-05,False
1785949648.465,64626.79,9e-05,False
1785949648.465,64626.79,8e-05,False
1785949648.465,64626.79,0.1589,False
1785949648.465,64626.79,8e-05,False
1785949648.465,64626.79,0.00017,False
1785949648.465,64626.79,0.0013,False
1785949648.467,64626.79,0.0017,False
1785949648.467,64626.79,8e-05,False
1785949648.467,64626.79,8e-05,False
1785949648.467,64626.79,8e-05,False
1785949648.467,64626.79,8e-05,False
1785949648.467,64626.79,9e-05,False
1785949648.467,64626.79,8e-05,False
1785949648.467,64626.79,9e-05,False
1785949648.467,64626.79,9e-05,False
1785949648.467,64626.79,8e-05,False
1785949648.467,64626.79,0.00016,False
1785949648.467,64626.79,8e-05,False
1785949648.467,64626.79,8e-05,False
1785949648.467,64626.79,8e-05,False
1785949648.467,64626.79,8e-05,False
1785949648.467,64626.79,8e-05,False
1785949648.467,64626.79,8e-05,False
1785949648.467,64626.79,8e-05,False
1785949648.467,64626.79,8e-05,False
1785949648.467,64626.79,8e-05,False
1785949648.469,64626.8,0.00016,False
1785949648.469,64626.8,8e-05,False
1785949648.469,64626.8,8e-05,False
1785949648.469,64626.8,8e-05,False
1785949648.469,64626.8,8e-05,False
1785949648.469,64626.8,8e-05,False
1785949648.469,64626.8,8e-05,False
1785949648.469,64626.8,8e-05,False
1785949648.469,64626.8,8e-05,False
1785949648.469,64626.8,9e-05,False
1785949648.469,64626.8,9e-05,False
1785949648.469,64626.8,8e-05,False
1785949648.469,64626.8,8e-05,False
1785949648.469,64626.81,0.00016,False
1785949648.469,64626.93,8e-05,False
1785949648.469,64627.96,9e-05,False
1785949648.469,64627.96,9e-05,False
1785949648.469,64627.96,9e-05,False
1785949648.474,64627.97,0.0009,False
1785949648.48,64627.97,0.01024,False
1785949648.488,64627.97,0.0001,False
1785949648.568,64627.96,0.00034,True
1785949649.073,64627.97,0.00157,False
1785949649.29,64627.97,0.00013,False
1785949649.947,64627.97,0.00051,False
1785949649.999,64627.96,0.0231,True
1785949649.999,64627.96,0.05986,True
1785949651.537,64627.96,0.00196,True
1785949651.638,64627.97,0.14545,False
1785949651.638,64627.97,8e-05,False
1785949651.638,64627.97,8e-05,False
1785949651.638,64627.97,8e-05,False
1785949651.638,64627.97,8e-05,False
1785949651.638,64627.97,8e-05,False
1785949651.638,64627.97,8e-05,False
1785949651.638,64627.97,8e-05,False
1785949651.638,64627.97,8e-05,False
1785949651.638,64627.97,9e-05,False
1785949651.638,64627.97,8e-05,False
1785949651.638,64627.97,8e-05,False
1785949651.638,64627.97,8e-05,False
1785949651.638,64627.97,8e-05,False
1785949651.638,64627.97,8e-05,False
1785949651.638,64627.97,8e-05,False
1785949651.638,64627.97,0.00503,False
1785949651.638,64627.97,8e-05,False
1785949651.638,64627.97,8e-05,False
1785949651.638,64627.97,8e-05,False
1785949651.638,64627.97,9e-05,False
1785949651.638,64627.97,9e-05,False
1785949651.638,64627.97,9e-05,False
1785949651.638,64627.97,0.44167,False
1785949651.638,64627.97,8e-05,False
1785949651.638,64627.97,8e-05,False
1785949651.638,64627.97,8e-05,False
1785949651.638,64627.97,8e-05,False
1785949651.638,64627.97,9e-05,False
1785949651.638,64627.97,0.00016,False
1785949651.638,64627.97,0.0025,False
1785949651.638,64627.97,0.33145,False
1785949651.641,64627.97,8e-05,False
1785949651.641,64627.97,8e-05,False
1785949651.641,64627.97,8e-05,False
1785949651.641,64627.97,8e-05,False
1785949651.641,64627.97,8e-05,False
1785949651.641,64627.97,8e-05,False
1785949651.641,64627.97,8e-05,False
1785949651.641,64627.97,9e-05,False
1785949651.641,64627.97,8e-05,False
1785949651.641,64627.97,0.1589,False
1785949651.641,64627.97,0.00016,False
1785949651.641,64627.97,0.022,False
1785949651.641,64627.97,9e-05,False
1785949651.641,64627.97,8e-05,False
1785949651.641,64627.97,0.0043,False
1785949651.641,64627.97,9e-05,False
1785949651.641,64627.97,8e-05,False
1785949651.641,64627.97,8e-05,False
1785949651.641,64627.97,8e-05,False
1785949651.641,64627.97,0.0025,False
1785949651.641,64627.97,8e-05,False
1785949651.641,64627.97,9e-05,False
1785949651.641,64627.97,8e-05,False
1785949651.641,64627.97,8e-05,False
1785949651.641,64627.97,8e-05,False
1785949651.641,64627.97,8e-05,False
1785949651.641,64627.97,8e-05,False
1785949651.641,64627.97,8e-05,False
1785949651.641,64627.97,8e-05,False
1785949651.641,64627.97,8e-05,False
1785949651.641,64627.97,8e-05,False
1785949651.641,64627.98,9e-05,False
1785949651.641,64627.98,9e-05,False
1785949651.641,64627.98,8e-05,False
1785949651.641,64627.98,8e-05,False
1785949651.641,64627.98,8e-05,False
1785949651.641,64627.98,8e-05,False
1785949651.641,64627.98,8e-05,False
1785949651.641,64627.98,8e-05,False
1785949651.641,64627.98,8e-05,False
1785949651.641,64627.98,8e-05,False
1785949651.641,64627.98,8e-05,False
1785949651.641,64627.98,8e-05,False
1785949651.641,64627.98,0.00016,False
1785949651.641,64627.99,0.00016,False
1785949651.641,64628.18,8e-05,False
1785949651.641,64628.18,0.00017,False
1785949651.641,64628.18,8e-05,False
1785949651.641,64629.27,0.00419,False
1785949651.641,64629.71,8e-05,False
1785949651.641,64629.89,8e-05,False
1785949651.641,64629.89,8e-05,False
1785949651.641,64629.99,9e-05,False
1785949651.641,64629.99,9e-05,False
1785949651.641,64629.99,9e-05,False
1785949652.201,64629.99,0.00293,True
1785949652.292,64630.0,0.005,False
1785949652.292,64630.0,0.007,False
1785949652.292,64630.0,0.006,False
1785949652.292,64630.0,0.00591,False
1785949652.514,64630.0,0.00019,False
1785949652.571,64630.0,0.00015,False
1785949652.703,64629.99,0.07737,True
1785949653.784,64630.0,0.00175,False
1785949653.784,64630.0,0.0002,False
1785949654.615,64630.0,0.00024,False
1785949655.206,64630.0,0.00019,False
1785949656.01,64629.99,0.00876,True
1785949656.849,64630.0,0.0004,False
1785949656.849,64630.0,8e-05,False
1785949656.849,64630.0,8e-05,False
1785949656.849,64630.0,0.00044,False
1785949656.849,64630.0,0.001,False
1785949657.185,64629.99,0.00028,True
1785949657.843,64630.0,0.0001,False
1785949660.072,64630.0,0.15736,False
1785949660.072,64630.0,0.22928,False
1785949660.072,64630.0,0.0043,False
1785949660.072,64630.0,8e-05,False
1785949660.072,64630.0,0.003,False
1785949660.072,64630.0,0.003,False
1785949660.072,64630.0,0.003,False
1785949660.072,64630.0,0.4416,False
1785949660.072,64630.0,0.003,False
1785949660.072,64630.0,0.003,False
1785949660.072,64630.0,0.003,False
1785949660.072,64630.0,0.003,False
1785949660.072,64630.0,0.003,False
1785949660.072,64630.0,0.003,False
1785949660.072,64630.0,0.003,False
1785949660.072,64630.0,0.003,False
1785949660.072,64630.0,0.003,False
1785949660.072,64630.0,0.003,False
1785949660.072,64630.0,0.003,False
1785949660.072,64630.0,0.003,False
1785949660.072,64630.0,0.003,False
1785949660.072,64630.0,0.003,False
1785949660.072,64630.0,0.003,False
1785949660.072,64630.0,0.003,False
1785949660.072,64630.0,0.0025,False
1785949660.072,64630.0,0.003,False
1785949660.072,64630.0,0.003,False
1785949660.072,64630.0,8e-05,False
1785949660.072,64630.0,8e-05,False
1785949660.072,64630.0,0.022,False
1785949660.072,64630.0,9e-05,False
1785949660.072,64630.0,1.34204,False
1785949660.072,64630.0,8e-05,False
1785949660.072,64630.0,0.00016,False
1785949660.072,64630.0,0.00024,False
1785949660.072,64630.0,0.00024,False
1785949660.072,64630.0,0.00024,False
1785949660.072,64630.0,0.00496,False
1785949660.072,64630.0,8e-05,False
1785949660.072,64630.0,0.00024,False
1785949660.072,64630.0,0.00024,False
1785949660.072,64630.0,0.15219,False
1785949660.072,64630.0,0.00016,False
1785949660.072,64630.0,8e-05,False
1785949660.072,64630.0,8e-05,False
1785949660.072,64630.0,8e-05,False
1785949660.072,64630.0,0.24363,False
1785949660.072,64630.0,8e-05,False
1785949660.072,64630.0,0.00191,False
1785949660.072,64630.0,0.00048,False
1785949660.072,64630.0,0.00047,False
1785949660.072,64630.0,8e-05,False
1785949660.072,64630.0,8e-05,False
1785949660.072,64630.0,8e-05,False
1785949660.072,64630.0,9e-05,False
1785949660.072,64630.0,9e-05,False
1785949660.072,64630.0,9e-05,False
1785949660.072,64630.0,8e-05,False
1785949660.072,64630.0,8e-05,False
1785949660.072,64630.0,0.24455,False
1785949660.072,64630.0,0.14413,False
1785949660.072,64630.0,0.178,False
1785949660.698,64629.99,0.03868,True
1785949662.064,64630.0,0.00039,False
1785949663.999,64629.99,0.00892,True
1785949664.113,64629.99,0.02332,True
1785949664.484,64629.99,0.00019,True
1785949665.047,64629.99,0.0001,True
1785949665.084,64629.99,0.03868,True
1785949665.832,64630.0,9e-05,False
1785949665.832,64630.0,6e-05,False
1785949666.752,64630.0,0.00064,False
1785949666.752,64630.0,8e-05,False
1785949666.752,64630.0,9e-05,False
1785949666.752,64630.0,0.00016,False
1785949666.752,64630.0,0.0015,False
1785949666.752,64630.0,0.09753,False
1785949667.163,64629.99,0.01165,True
1785949667.215,64630.0,0.00126,False
1785949667.292,64630.0,0.03544,False
1785949669.499,64629.99,0.00942,True
1785949669.933,64629.99,0.0014,True
1785949670.012,64629.99,0.00404,True
1785949670.012,64629.99,0.02093,True
1785949670.575,64629.99,0.0001,True
1785949670.779,64629.99,8e-05,True
1785949670.779,64629.99,9e-05,True
1785949670.779,64629.99,8e-05,True
1785949670.779,64629.99,0.00016,True
1785949670.779,64629.99,8e-05,True
1785949670.779,64629.99,8e-05,True
1785949670.779,64629.99,8e-05,True
1785949670.779,64629.99,8e-05,True
1785949670.779,64629.99,8e-05,True
1785949670.779,64629.99,0.00352,True
1785949670.999,64629.99,0.00386,True
1785949671.001,64629.99,0.00262,True
1785949671.001,64629.99,9e-05,True
1785949671.001,64629.99,9e-05,True
1785949671.001,64629.99,8e-05,True
1785949671.001,64629.99,0.0001,True
1785949671.001,64629.99,8e-05,True
1785949671.001,64629.99,8e-05,True
1785949671.001,64629.99,8e-05,True
1785949671.001,64629.99,8e-05,True
1785949671.001,64629.99,0.00025,True
1785949671.001,64629.99,8e-05,True
1785949671.001,64629.99,8e-05,True
1785949671.001,64629.99,8e-05,True
1785949671.001,64629.99,9e-05,True
1785949671.001,64629.99,9e-05,True
1785949671.001,64629.99,8e-05,True
1785949671.001,64629.99,8e-05,True
1785949671.001,64629.99,8e-05,True
1785949671.001,64629.99,9e-05,True
1785949671.001,64629.99,8e-05,True
1785949671.001,64629.99,8e-05,True
1785949671.001,64629.99,8e-05,True
1785949671.001,64629.99,8e-05,True
1785949671.001,64629.99,8e-05,True
1785949671.001,64629.99,9e-05,True
1785949671.001,64629.99,0.00016,True
1785949671.001,64629.99,8e-05,True
1785949671.001,64629.99,8e-05,True
1785949671.001,64629.99,8e-05,True
1785949671.001,64629.99,8e-05,True
1785949671.001,64629.99,8e-05,True
1785949671.001,64629.99,8e-05,True
1785949671.001,64629.99,8e-05,True
1785949671.001,64629.99,8e-05,True
1785949671.001,64629.99,8e-05,True
1785949671.001,64629.99,8e-05,True
1785949671.001,64629.99,8e-05,True
1785949671.001,64629.99,8e-05,True
1785949671.001,64629.99,8e-05,True
1785949671.001,64629.99,8e-05,True
1785949671.001,64629.99,8e-05,True
1785949671.001,64629.98,9e-05,True
1785949671.001,64629.98,9e-05,True
1785949671.001,64629.98,0.00016,True
1785949671.001,64629.98,8e-05,True
1785949671.001,64629.98,8e-05,True
1785949671.001,64629.98,8e-05,True
1785949671.001,64629.98,8e-05,True
1785949671.001,64629.98,8e-05,True
1785949671.001,64629.98,8e-05,True
1785949671.001,64629.98,8e-05,True
1785949671.001,64629.97,0.00016,True
1785949671.001,64629.88,8e-05,True
1785949671.001,64629.88,8e-05,True
1785949671.001,64628.66,0.00431,True
1785949671.001,64628.01,9e-05,True
1785949671.001,64628.01,9e-05,True
1785949671.001,64628.01,9e-05,True
1785949671.108,64628.0,0.0001,True
1785949671.141,64628.0,0.003,True
1785949672.218,64628.01,0.0001,False
1785949675.949,64628.01,0.00013,False
1785949676.313,64628.0,0.00075,True
1785949676.416,64628.0,0.00056,True
1785949676.477,64628.0,0.00043,True
1785949678.164,64628.01,0.01548,False
1785949680.18,64628.0,0.00116,True
1785949680.18,64628.0,0.005,True
1785949680.18,64628.0,0.008,True
1785949680.18,64628.0,0.007,True
1785949680.18,64628.0,8e-05,True
1785949680.18,64628.0,0.01744,True
1785949680.199,64628.01,0.00179,False
1785949683.075,64628.0,0.00046,True
1785949683.177,64628.0,0.00015,True
1785949683.258,64628.01,0.00031,False
1785949683.636,64628.01,0.00414,False
1785949684.399,64628.0,0.0004,True
1785949684.499,64628.0,0.00018,True
1785949687.305,64628.01,0.03734,False
1785949687.448,64628.0,0.0003,True
1785949688.141,64628.0,0.03868,True
1785949688.769,64628.01,0.0003,False
1785949689.283,64628.01,0.00344,False
1785949689.298,64628.01,0.0001,False
1785949689.883,64628.0,8e-05,True
1785949689.883,64628.0,7e-05,True
1785949690.107,64628.0,1e-05,True
1785949690.107,64628.0,8e-05,True
1785949690.107,64628.0,8e-05,True
1785949690.107,64628.0,9e-05,True
1785949690.107,64628.0,4e-05,True
1785949690.122,64628.01,0.00047,False
1785949690.122,64628.01,0.00047,False
1785949690.123,64628.01,0.00047,False
1785949690.775,64628.01,0.02408,False
1785949690.849,64628.01,0.0016,False
1785949690.85,64628.0,4e-05,True
1785949690.85,64628.0,0.0005,True
1785949691.283,64628.01,0.0003,False
1785949692.496,64628.0,0.0003,True
1785949693.547,64628.01,0.00019,False
1785949693.584,64628.0,0.00016,True
